STATION_NAME,LATITUDE,LONGITUDE,MODEL,YEAR_START,YEAR_END,SCENARIO
"BOA LA Chinatown CA9-167 (Los Angeles, CA)",34.063310000000000,-118.23718000000000,Kona Electric,2019,2025,native only
Friendly Ford Body Shop,36.189116000000000,-115.20506200000000,Ioniq 5 N,2025,2025,native only
"Henderson, NV - Paseo Verde Parkway - Tesla Supercharger",36.022121000000000,-115.08922800000000,Ioniq 5 N,2026,2026,native only
"Ontario, CA - Ontario Mills Pkwy - Tesla Supercharger",34.068955000000000,-117.55628500000000,Ioniq 5 N,2026,2026,native only
"Las Vegas, NV - East Sahara Avenue - Tesla Supercharger",36.145396000000000,-115.10297800000000,Ioniq 5 N,2026,2026,native only
"Vernon, CA - E 25th St - Tesla Supercharger",34.014266000000000,-118.23827100000000,Ioniq 5,2025,2026,native only
7Charge - Covina 22548,34.086890000000000,-117.92584000000000,Ioniq 5 N,2025,2025,native only
City of Los Angeles Lot 675,34.103853000000000,-118.29105200000000,Ioniq 5 N,2025,2025,native only
Barstow - Coral Charge,34.891277870000000,-117.00371410000000,Ioniq 5 N,2025,2025,native only
Sheraton Universal Hotel DC,34.137527400000000,-118.36003140000000,Ioniq 6,2022,2025,native only
CITY_OF_VERNON 1850 E25TH-3,34.014481000000000,-118.23795800000000,Ioniq 5 N,2026,2026,native only
"Ontario, CA - Mills Circle - Tesla Supercharger",34.071708000000000,-117.55616000000000,Ioniq 9,2026,,native only
Diamond Hills Plaza,33.975996600000000,-117.83810960000000,Ioniq 5 N,2025,2025,native only
Vons #2261 3rd St.,34.070012400000000,-118.29028300000000,Ioniq 5 N,2025,2025,native only
B&D PROP MGMT 2645 ST ROSE,36.014271000000000,-115.10318500000000,Kona Electric,2019,2025,native only
LOVE'S 374 - CA #374 DC2,34.856808000000000,-117.09186500000000,Kona Electric,2019,2025,native only
Motel 6 Chino,34.031418000000000,-117.69093210000000,Ioniq 5,2022,2024,native only
"Barstow, CA - 1503 East Main Street - Tesla Supercharger",34.893641000000000,-117.00244400000000,Ioniq 5 N,2026,2026,native only
"Montebello, CA - N Wilcox Ave - Tesla Supercharger",34.031001000000000,-118.12593500000000,Ioniq 5,2025,2026,native only
7-ELEVEN 20101 POMNA DC2,34.067350000000000,-117.71904000000000,Ioniq 6,2022,2025,native only
"Walmart 2838 (Henderson, NV)",36.062080000000000,-115.03353000000000,Ioniq 5 N,2025,2025,native only
"Barstow, CA",34.851349000000000,-117.08257800000000,Ioniq 5,2022,2024,native only
North Las Vegas Rechargery Relay - W Centennial Pkwy,36.276117000000000,-115.17951200000000,Ioniq 6,2022,2025,native only
"BOA LA Chinatown CA9-167 (Los Angeles, CA)",34.063310000000000,-118.23718000000000,Ioniq 5,2022,2024,native only
CITY_OF_VERNON 3805 SOTO-10,34.008061000000000,-118.22000100000000,Kona Electric,2019,2025,native only
Cadillac of Las Vegas,36.143709000000000,-115.21176200000000,Ioniq 5,2022,2024,native only
Friendly Ford,36.178163000000000,-115.20558200000000,Ioniq 5 N,2025,2025,native only
3530 West Century Blvd,33.944524100000000,-118.33324560000000,Kona Electric,2019,2025,native only
99 Ranch Chino Hills,34.010479900000000,-117.74055430000000,Ioniq 5,2025,2026,native only
Covina Town Square,34.105800000000000,-117.90569000000000,Kona Electric,2019,2025,native only
"Walmart 5154 (Rosemead, CA)",34.050900000000000,-118.08359000000000,Ioniq 5,2022,2024,native only
Foothill Presbyterian Hospital - DC,34.132921700000000,-117.87035030000000,Ioniq 6,2022,2025,native only
"Walmart 5154 (Rosemead, CA)",34.050900000000000,-118.08359000000000,Kona Electric,2019,2025,native only
Victoria Gardens,34.112867000000000,-117.53342300000000,Ioniq 5 N,2025,2025,native only
Resort World Las Vegas,36.135200000000000,-115.16760000000000,Ioniq 5 N,2025,2025,native only
Caltrans - Valley Wells Rest Area - Northbound,35.434023000000000,-115.69926700000000,Ioniq 5 N,2025,2025,native only
CITY_OF_VERNON 1850 E25TH-7,34.014426000000000,-118.23804700000000,Ioniq 9,2026,,native only
Amna,34.063190000000000,-118.23265000000000,Ioniq 5 N,2025,2025,native only
LADWP - John Ferraro Building,34.059133000000000,-118.24858900000000,Ioniq 5,2022,2024,native only
CITY_OF_VERNON 3805 SOTO-3,34.007876000000000,-118.21990100000000,Ioniq 5 N,2025,2025,native only
CITY_OF_VERNON 3805 SOTO-3,34.007876000000000,-118.21990100000000,Ioniq 9,2026,,native only
"Costco Chino Hills (Chino Hills, CA)",34.015310000000000,-117.74286000000000,Ioniq 5,2022,2024,native only
"Westfield Culver City (Culver City, CA)",33.986880000000000,-118.39429000000000,Ioniq 6,2022,2025,native only
7-ELEVEN 20101 POMNA DC2,34.067350000000000,-117.71904000000000,Ioniq 5 N,2026,2026,native only
Barlow Respiratory Hospital,34.074594000000000,-118.24769900000000,Ioniq 6,2022,2025,native only
"Las Vegas, NV - Arroyo Crossing Parkway - Tesla Supercharger",36.062251000000000,-115.25172100000000,Ioniq 5,2025,2026,native only
El Centro,34.101510000000000,-118.32467000000000,Ioniq 6,2022,2025,native only
"Jurupa Valley, CA - Tesla Supercharger",34.012541000000000,-117.46064800000000,Ioniq 9,2026,,native only
Friendly Ford Body Shop,36.189116000000000,-115.20506200000000,Ioniq 5,2022,2024,native only
GF4EVA VVILLE M6 DC2,34.556316000000000,-117.28995600000000,Ioniq 5 N,2025,2025,native only
Friendly Ford,36.178163000000000,-115.20558200000000,Kona Electric,2019,2025,native only
Winterwood Pavilion,36.146180000000000,-115.06522000000000,Ioniq 5 N,2026,2026,native only
FH DELIVERY 121A4 FH SVC,34.133796000000000,-117.43710300000000,Ioniq 5,2022,2024,native only
IN-N-OUT ATLANTIC 01,33.977780000000000,-118.18719400000000,Ioniq 9,2026,,native only
WinCo Foods - Pomona #57,34.027210000000000,-117.76206000000000,Ioniq 5 N,2025,2025,native only
City of Los Angeles Lot 702,34.100570000000000,-118.32733900000000,Ioniq 6,2022,2025,native only
City of Los Angeles Lot 670,34.102558000000000,-118.33434900000000,Ioniq 5 N,2026,2026,native only
7Charge - Covina 22548,34.086890000000000,-117.92584000000000,Ioniq 6,2022,2025,native only
SCAQMD Offices,34.001519000000000,-117.83051900000000,Ioniq 5 N,2025,2025,native only
"Ontario, CA - N Haven Ave - Tesla Supercharger",34.076981000000000,-117.57431100000000,Ioniq 5,2025,2026,native only
SCPPA SCPPA CPE200T,34.118106000000000,-117.82245700000000,Ioniq 6,2022,2025,native only
Inglewood City Hall,33.962406000000000,-118.35363500000000,Kona Electric,2019,2025,native only
California Institute of Technology - California Parking Structure,34.134066000000000,-118.12636300000000,Ioniq 5 N,2025,2025,native only
ONTARIO 76 CHARGER 2,34.063302000000000,-117.61153300000000,Ioniq 6,2022,2025,native only
"Montebello, CA - N Wilcox Ave - Tesla Supercharger",34.031001000000000,-118.12593500000000,Ioniq 5 N,2026,2026,native only
Solair Wilshire,34.061876900000000,-118.30862790000000,Ioniq 6,2022,2025,native only
WLCAC,33.936653700000000,-118.25362400000000,Ioniq 6,2022,2025,native only
"Inglewood, CA - Tesla Supercharger",33.944904000000000,-118.33438400000000,Ioniq 9,2026,,native only
"Las Vegas, NV - 3528 South Maryland Parkway - Tesla Supercharger",36.125754000000000,-115.13462200000000,Ioniq 5 N,2026,2026,native only
"Las Vegas, NV - Arroyo Crossing Parkway - Tesla Supercharger",36.062251000000000,-115.25172100000000,Ioniq 5 N,2026,2026,native only
"Las Vegas, NV - South Decatur Boulevard - Tesla Supercharger",36.171532000000000,-115.20723300000000,Ioniq 5,2025,2026,native only
"Upland, CA - Arrow Rte - Tesla Supercharger",34.099154000000000,-117.70019200000000,Ioniq 5,2025,2026,native only
660 Mateo Parking Lot,34.035930000000000,-118.23231000000000,Ioniq 5 N,2025,2025,native only
"Ralphs 32 (Los Angeles, CA)",34.068540000000000,-118.29112000000000,Ioniq 5,2022,2024,native only
"Las Vegas, NV",36.066487600000000,-115.17950700000000,Ioniq 6,2022,2025,native only
"Ontario, CA - Ontario Mills Pkwy - Tesla Supercharger",34.068955000000000,-117.55628500000000,Ioniq 9,2026,,native only
City National Plaza,34.052093700000000,-118.25523390000000,Ioniq 6,2022,2025,native only
Metro Nissan of Montclair,34.082222000000000,-117.69490300000000,Ioniq 5,2022,2024,native only
CITY_OF_VERNON 1850 E25TH-9,34.014385000000000,-118.23808800000000,Kona Electric,2019,2025,native only
CITY_OF_VERNON 1850 E25TH-7,34.014426000000000,-118.23804700000000,Ioniq 5 N,2025,2025,native only
FINDLAY AUTO ABB STATION2,36.143749000000000,-115.21425500000000,Ioniq 5 N,2025,2025,native only
7-ELEVEN 20101 POMNA DC2,34.067350000000000,-117.71904000000000,Ioniq 9,2026,,native only
7-ELEVEN 20101 POMNA DC1,34.067274000000000,-117.71905700000000,Ioniq 6,2022,2025,native only
The Mall of Victor Valley,34.472906000000000,-117.35014200000000,Kona Electric,2019,2025,native only
5420 Sunset - Tesla Supercharger (5420 Sunset),34.096946130000000,-118.30766880000000,Ioniq 6,2026,,native only
CITY_OF_VERNON 1850 E25TH-1,34.014503000000000,-118.23790700000000,Ioniq 5,2022,2024,native only
El Centro,34.101510000000000,-118.32467000000000,Ioniq 5,2022,2024,native only
City of Los Angeles Lot 639,34.108426000000000,-118.19387300000000,Ioniq 5,2022,2024,native only
"Glendale, CA - N Glendale Ave - Tesla Supercharger",34.149535700000000,-118.24781960000000,Ioniq 5 N,2026,2026,native only
L344 3RD FLOOR MBZ,34.035409000000000,-118.27229600000000,Kona Electric,2019,2025,native only
"Henderson, NV - Paseo Verde Parkway - Tesla Supercharger",36.022121000000000,-115.08922800000000,Ioniq 5,2025,2026,native only
Tesla Diner - Tesla Supercharger,34.091268000000000,-118.34221500000000,Ioniq 5 N,2026,2026,native only
Team Ford,36.259310000000000,-115.24797700000000,Ioniq 5,2022,2024,native only
Sunset Studios,34.097298464012000,-118.31692890366400,Ioniq 6,2022,2025,native only
CITY_OF_VERNON 3805 SOTO-9,34.008059000000000,-118.21997600000000,Ioniq 5 N,2025,2025,native only
CITY_OF_VERNON 3805 SOTO-9,34.008059000000000,-118.21997600000000,Ioniq 6,2022,2025,native only
CITY_OF_VERNON 3805 SOTO-2,34.007973000000000,-118.22009600000000,Ioniq 5,2025,2026,native only
Emser International,34.063430000000000,-118.36870000000000,Ioniq 6,2022,2025,native only
"Walmart 5154 (Rosemead, CA)",34.050900000000000,-118.08359000000000,Ioniq 5 N,2025,2025,native only
FINDLAY AUTO ABB STATION2,36.143749000000000,-115.21425500000000,Ioniq 6,2022,2025,native only
FINDLAY AUTO ABB STATION2,36.143749000000000,-115.21425500000000,Kona Electric,2019,2025,native only
"BOA CA9-164 (South Pasadena, CA)",34.115130000000000,-118.15129000000000,Kona Electric,2019,2025,native only
CITY_OF_VERNON 1850 E25TH-9,34.014385000000000,-118.23808800000000,Ioniq 5,2022,2024,native only
"Universal City, CA - Tesla Supercharger",34.138042000000000,-118.35927200000000,Ioniq 5,2025,2026,native only
IN-N-OUT ATLANTIC 05,33.977354000000000,-118.18756900000000,Ioniq 6,2022,2025,native only
820 Mound Ave,34.116707000000000,-118.15159800000000,Kona Electric,2019,2025,native only
Queen of the Valley Hospital - DC Fast,34.063410270693500,-117.94577555662200,Kona Electric,2019,2025,native only
Ford Country,36.048478000000000,-115.02823000000000,Ioniq 5,2022,2024,native only
Norm Reeves Honda Superstore West Covina,34.070390000000000,-117.90579000000000,Ioniq 5,2022,2024,native only
Gaudin Ford,36.064736000000000,-115.23674100000000,Ioniq 6,2022,2025,native only
"South Gate, CA - Tesla Supercharger",33.948775000000000,-118.16424000000000,Ioniq 5,2025,2026,native only
3029 S Robertson Blvd,34.032567400000000,-118.39053970000000,Ioniq 6,2022,2025,native only
Chase Bank - 925 N Hacienda Blvd,34.036106000000000,-117.95038500000000,Kona Electric,2019,2025,native only
City of Los Angeles Lot 745,34.101781000000000,-118.33989400000000,Ioniq 5,2022,2024,native only
Barlow Respiratory Hospital,34.074594000000000,-118.24769900000000,Kona Electric,2019,2025,native only
"Los Angeles, CA - Industrial Street - Tesla Supercharger",34.035783000000000,-118.23835900000000,Ioniq 5 N,2026,2026,native only
City of Pasadena - Arroyo Parkway,34.127455808632000,-118.14781708221200,Ioniq 5 N,2025,2025,native only
The Elysian - Tenants Only,34.066624000000000,-118.24822700000000,Ioniq 5,2022,2024,native only
Central & Walnut - Tesla Supercharger,34.026990000000000,-117.68730100000000,Ioniq 6,2022,2025,native only
CITY_OF_VERNON 3805 SOTO-1,34.007812000000000,-118.21992600000000,Kona Electric,2019,2025,native only
City of Los Angeles Lot 744,33.961488000000000,-118.29207000000000,Ioniq 6,2026,,native only
The Elysian,34.067133000000000,-118.24929700000000,Ioniq 5,2022,2024,native only
660 Mateo Parking Lot,34.035930000000000,-118.23231000000000,Kona Electric,2019,2025,native only
IN-N-OUT ATLANTIC 01,33.977780000000000,-118.18719400000000,Ioniq 5,2025,2026,native only
L344 MB SECOND FLOOR,34.035947000000000,-118.27297300000000,Kona Electric,2019,2025,native only
SCAQMD Offices,34.001519000000000,-117.83051900000000,Kona Electric,2019,2025,native only
CITY_OF_VERNON 3805 SOTO-2,34.007973000000000,-118.22009600000000,Ioniq 5,2022,2024,native only
Caltrans - Clyde V. Kane Rest Area - Northbound,35.031900000000000,-116.46912800000000,Ioniq 6,2022,2025,native only
"Ontario, CA - Mills Circle - Tesla Supercharger",34.071708000000000,-117.55616000000000,Ioniq 5 N,2026,2026,native only
"Las Vegas South Premium Outlets (Las Vegas, NV)",36.056570000000000,-115.16854000000000,Ioniq 6,2022,2025,native only
Margarita Plaza,33.975304000000000,-118.23001900000000,Ioniq 5,2022,2024,native only
LADWP LA Kretz Innovation Campus,34.040460000000000,-118.23502000000000,Ioniq 5,2022,2024,native only
ONTARIO 76 CHARGER 2,34.063302000000000,-117.61153300000000,Kona Electric,2019,2025,native only
CSULA Parking Structure E,34.070532000000000,-118.16780200000000,Ioniq 9,2026,,native only
Onyx Towers,34.062740000000000,-118.36189000000000,Ioniq 5 N,2025,2025,native only
ONTARIO HYUNDAI VEHICLE DISPLY1,34.049976000000000,-117.54789800000000,Kona Electric,2019,2025,native only
LOVE'S 374 - CA #374 DC1,34.856826000000000,-117.09190800000000,Ioniq 6,2022,2025,native only
"Baldwin Park, CA - Tesla Supercharger",34.079207000000000,-117.98884000000000,Ioniq 6,2026,,native only
"Alhambra, CA - East Bay State St - Tesla Supercharger",34.095083000000000,-118.12393000000000,Ioniq 9,2026,,native only
CITY_OF_VERNON 3805 SOTO-4,34.007896000000000,-118.21989600000000,Ioniq 6,2022,2025,native only
The Elysian,34.067133000000000,-118.24929700000000,Ioniq 6,2022,2025,native only
ONTARIO HYUNDAI VEHICLE DISPLY2,34.050028000000000,-117.54805700000000,Ioniq 5 N,2025,2025,native only
FH DELIVERY 123FC FH SVC,34.133956000000000,-117.43697400000000,Ioniq 5 N,2025,2025,native only
"Walmart 2886 (Pico Rivera, CA)",33.986450000000000,-118.10495000000000,Ioniq 5 N,2025,2025,native only
76 Gas Station San Gabriel,34.103147800000000,-118.09930910000000,Kona Electric,2019,2025,native only
99 Ranch Chino Hills,34.010479900000000,-117.74055430000000,Ioniq 5,2022,2024,native only
Covina Town Square,34.105800000000000,-117.90569000000000,Ioniq 6,2026,,native only
Resort World Las Vegas,36.135200000000000,-115.16760000000000,Kona Electric,2019,2025,native only
City of Los Angeles Lot 675,34.103853000000000,-118.29105200000000,Kona Electric,2019,2025,native only
"Ralphs 060 (Glendale, CA)",34.142440000000000,-118.23379000000000,Ioniq 5 N,2025,2025,native only
City of Los Angeles Lot 619,34.097765000000000,-118.35316900000000,Ioniq 6,2022,2025,native only
California Institute of Technology - California Parking Structure,34.134066000000000,-118.12636300000000,Ioniq 5,2025,2026,native only
"Target T2179 (Diamond Bar, CA)",34.004360000000000,-117.82223000000000,Ioniq 5,2025,2026,native only
BWP EV CHARGE DCFC BWP LOT 1,34.178578000000000,-118.31621300000000,Ioniq 6,2022,2025,native only
GF4EVA VVILLE M6 DC1,34.556277000000000,-117.28995100000000,Kona Electric,2019,2025,native only
City of Los Angeles Lot 745,34.101781000000000,-118.33989400000000,Ioniq 9,2026,,native only
Las Vegas NV - West Tropical Parkway - Tesla Supercharger,36.271567000000000,-115.26548900000000,Ioniq 5,2025,2026,native only
CITY_OF_VERNON 3805 SOTO-6,34.007957000000000,-118.21989500000000,Ioniq 5,2022,2024,native only
CITY_OF_VERNON 3805 SOTO-1,34.007812000000000,-118.21992600000000,Ioniq 6,2022,2025,native only
Friendly Ford,36.178163000000000,-115.20558200000000,Ioniq 6,2022,2025,native only
"Ralphs 715 (Monterey Park, CA)",34.066010000000000,-118.13393000000000,Ioniq 6,2022,2025,native only
"Las Vegas, NV - Grand Central Parkway - Tesla Supercharger",36.166039000000000,-115.15917000000000,Ioniq 9,2026,,native only
"Hacienda Heights, CA - Tesla Supercharger",34.010078000000000,-117.96116900000000,Ioniq 5 N,2026,2026,native only
"Las Vegas, NV - West Russell Road - Tesla Supercharger",36.086723000000000,-115.21072600000000,Ioniq 6,2026,,native only
RC SPORTS EVHUB NEAR BLG,34.102389000000000,-117.54488900000000,Ioniq 5 N,2025,2025,native only
"Pavilions 2229 (Los Angeles, CA)",34.083640000000000,-118.32747000000000,Ioniq 5 N,2025,2025,native only
CITY_OF_VERNON 1850 E25TH-4,34.014472000000000,-118.23798500000000,Kona Electric,2019,2025,native only
CITY_OF_VERNON 3805 SOTO-7,34.007973000000000,-118.21989600000000,Ioniq 5 N,2025,2025,native only
Honda DTLA,34.010828320642500,-118.28703020000000,Ioniq 5 N,2025,2025,native only
CITY_OF_VERNON 3805 SOTO-3,34.007876000000000,-118.21990100000000,Ioniq 6,2022,2025,native only
B&D PROP MGMT 2625 ST ROSE,36.014373000000000,-115.10303200000000,Ioniq 5,2022,2024,native only
"City of Industry, CA - Gale Avenue - Tesla Supercharger",33.994491000000000,-117.89956900000000,Ioniq 5,2025,2026,native only
"Barstow, CA - 1503 East Main Street - Tesla Supercharger",34.893641000000000,-117.00244400000000,Ioniq 9,2026,,native only
7-ELEVEN 20101 POMNA DC2,34.067350000000000,-117.71904000000000,Ioniq 5,2025,2026,native only
7-ELEVEN 20101 POMNA DC1,34.067274000000000,-117.71905700000000,Ioniq 5 N,2025,2025,native only
H&S ENERGY H&S#20 CHEVRON,34.034767000000000,-118.09062900000000,Ioniq 6,2022,2025,native only
ONTARIO HYUNDAI VEHICLE DISPLY1,34.049976000000000,-117.54789800000000,Ioniq 5,2022,2024,native only
G&M OIL CHEVRON #27,34.470993000000000,-117.35262000000000,Ioniq 5 N,2025,2025,native only
City of Pasadena - Arroyo Parkway,34.127455808632000,-118.14781708221200,Ioniq 6,2022,2025,native only
"Covina, CA - S Barranca Ave - Tesla Supercharger",34.073767000000000,-117.88090200000000,Ioniq 5 N,2026,2026,native only
"IKEA 413 Los Angeles (Covina, CA)",34.074180000000000,-117.88100000000000,Ioniq 5 N,2025,2025,native only
"Las Vegas, NV - Grand Central Parkway - Tesla Supercharger",36.166039000000000,-115.15917000000000,Ioniq 6,2022,2025,with adapter
FH DELIVERY 123FC FH SVC,34.133956000000000,-117.43697400000000,Ioniq 5 N,2025,2025,with adapter
"Ontario, CA - Ontario Mills Pkwy - Tesla Supercharger",34.068955000000000,-117.55628500000000,Ioniq 5,2022,2024,with adapter
"Ontario, CA - Ontario Mills Pkwy - Tesla Supercharger",34.068955000000000,-117.55628500000000,Ioniq 6,2022,2025,with adapter
CITY_OF_VERNON 3805 SOTO-9,34.008059000000000,-118.21997600000000,Ioniq 5 N,2025,2025,with adapter
The Village at Century,33.944829000000000,-118.33068600000000,Ioniq 9,2026,,with adapter
"Walmart 5154 (Rosemead, CA)",34.050900000000000,-118.08359000000000,Ioniq 5 N,2026,2026,with adapter
"Los Angeles, CA - Industrial Street - Tesla Supercharger",34.035783000000000,-118.23835900000000,Ioniq 5 N,2026,2026,with adapter
"Covina, CA - S Barranca Ave - Tesla Supercharger",34.073767000000000,-117.88090200000000,Ioniq 5 N,2026,2026,with adapter
City of Los Angeles Lot 639,34.108426000000000,-118.19387300000000,Ioniq 5 N,2026,2026,with adapter
L344 3RD FLOOR MBZ,34.035409000000000,-118.27229600000000,Kona Electric,2019,2025,with adapter
CITY_OF_VERNON 3805 SOTO-6,34.007957000000000,-118.21989500000000,Ioniq 5,2022,2024,with adapter
"Upland, CA - Arrow Rte - Tesla Supercharger",34.099154000000000,-117.70019200000000,Ioniq 5,2025,2026,with adapter
Winterwood Pavilion,36.146180000000000,-115.06522000000000,Ioniq 5 N,2026,2026,with adapter
Claremont Star,34.107625900000000,-117.72058890000000,Ioniq 9,2026,,with adapter
"Ontario, CA - Mills Circle - Tesla Supercharger",34.071708000000000,-117.55616000000000,Ioniq 5 N,2026,2026,with adapter
Barstow - Coral Charge,34.891277870000000,-117.00371410000000,Ioniq 5 N,2025,2025,with adapter
"Hesperia, CA - Main Street - Tesla Supercharger",34.426362000000000,-117.35465000000000,Kona Electric,2019,2025,with adapter
SCPPA SCPPA CPE200T,34.118106000000000,-117.82245700000000,Ioniq 5 N,2026,2026,with adapter
Overland Structure 1st Floor,34.015755000000000,-118.40349300000000,Ioniq 6,2026,,with adapter
Honda DTLA,34.010828320642500,-118.28703020000000,Ioniq 5 N,2025,2025,with adapter
CITY_OF_VERNON 1850 E25TH-9,34.014385000000000,-118.23808800000000,Kona Electric,2019,2025,with adapter
FINDLAY AUTO ABB STATION1,36.143714000000000,-115.21425600000000,Ioniq 5,2025,2026,with adapter
Metro Nissan of Montclair,34.082222000000000,-117.69490300000000,Ioniq 5,2022,2024,with adapter
"Target T2179 (Diamond Bar, CA)",34.004360000000000,-117.82223000000000,Ioniq 5,2025,2026,with adapter
7-ELEVEN 20101 POMNA DC1,34.067274000000000,-117.71905700000000,Ioniq 5 N,2025,2025,with adapter
1135 W Renaissance Parkway,34.132132000000000,-117.39271700000000,Ioniq 6,2026,,with adapter
Margarita Plaza,33.975304000000000,-118.23001900000000,Ioniq 5,2022,2024,with adapter
"Target T0767 (San Dimas, CA)",34.103250000000000,-117.82342000000000,Ioniq 5,2025,2026,with adapter
ONTARIO 76 CHARGER 2,34.063302000000000,-117.61153300000000,Kona Electric,2019,2025,with adapter
"Barstow, CA - 1503 East Main Street - Tesla Supercharger",34.893641000000000,-117.00244400000000,Ioniq 5 N,2026,2026,with adapter
7-ELEVEN 20101 POMNA DC2,34.067350000000000,-117.71904000000000,Ioniq 5,2025,2026,with adapter
LOVE'S 374 - CA #374 DC1,34.856826000000000,-117.09190800000000,Ioniq 6,2022,2025,with adapter
"Baker, CA - Mojave Pointe Rd - Tesla Supercharger",35.268984000000000,-116.06668900000000,Ioniq 6,2022,2025,with adapter
"Target T0265 (Paradise, NV)",36.115690000000000,-115.13926000000000,Ioniq 6,2026,,with adapter
"Barstow, CA",34.851349000000000,-117.08257800000000,Ioniq 5,2022,2024,with adapter
"Barstow, CA",34.851349000000000,-117.08257800000000,Ioniq 6,2026,,with adapter
Barlow Respiratory Hospital,34.074594000000000,-118.24769900000000,Kona Electric,2019,2025,with adapter
Puente Hills Nissan,33.998192000000000,-117.92814600000000,Ioniq 5 N,2026,2026,with adapter
660 Mateo Parking Lot,34.035930000000000,-118.23231000000000,Kona Electric,2019,2025,with adapter
"Las Vegas, NV - Grand Central Parkway - Tesla Supercharger",36.166039000000000,-115.15917000000000,Ioniq 9,2026,,with adapter
"Las Vegas, NV - East Sahara Avenue - Tesla Supercharger",36.145396000000000,-115.10297800000000,Ioniq 5 N,2026,2026,with adapter
"Ralphs 32 (Los Angeles, CA)",34.068540000000000,-118.29112000000000,Ioniq 5,2022,2024,with adapter
IN-N-OUT ATLANTIC 01,33.977780000000000,-118.18719400000000,Ioniq 9,2026,,with adapter
8000 Sunset Blvd,34.097482500000000,-118.36446270000000,Ioniq 6,2026,,with adapter
H&S ENERGY H&S#23 CHEVRON,34.046069000000000,-117.80259600000000,Ioniq 9,2026,,with adapter
"Vernon, CA - E 25th St - Tesla Supercharger",34.014266000000000,-118.23827100000000,Ioniq 5 N,2025,2025,with adapter
Mountain Vista Plaza,34.137466600000000,-117.98216400000000,Ioniq 6,2026,,with adapter
SCAQMD Offices,34.001519000000000,-117.83051900000000,Kona Electric,2019,2025,with adapter
"South Pasadena, CA - Tesla Supercharger",34.112612000000000,-118.15064600000000,Kona Electric,2019,2025,with adapter
DC CORRIDOR EDDIES Y DC2,34.907482000000000,-116.83597400000000,Ioniq 9,2026,,with adapter
"Baldwin Park, CA - Tesla Supercharger",34.079207000000000,-117.98884000000000,Ioniq 6,2022,2025,with adapter
Fontana Ignite Fueling,34.121007500000000,-117.45312410000000,Ioniq 5 N,2026,2026,with adapter
Friendly Ford Body Shop,36.189116000000000,-115.20506200000000,Ioniq 9,2026,,with adapter
"Diamond Bar, CA - Tesla Supercharger",33.975843000000000,-117.83842800000000,Ioniq 5,2022,2024,with adapter
L344 3RD FLOOR MBZ,34.035409000000000,-118.27229600000000,Ioniq 6,2026,,with adapter
"BOA LA Chinatown CA9-167 (Los Angeles, CA)",34.063310000000000,-118.23718000000000,Kona Electric,2019,2025,with adapter
L344 3RD FLOOR MBZ,34.035409000000000,-118.27229600000000,Ioniq 5,2025,2026,with adapter
Tesla Diner - Tesla Supercharger,34.091268000000000,-118.34221500000000,Ioniq 5 N,2026,2026,with adapter
"Glendale, CA - N Glendale Ave - Tesla Supercharger",34.149535700000000,-118.24781960000000,Ioniq 5 N,2026,2026,with adapter
Resort World Las Vegas,36.135200000000000,-115.16760000000000,Kona Electric,2019,2025,with adapter
"Pavilions 2229 (Los Angeles, CA)",34.083640000000000,-118.32747000000000,Ioniq 5 N,2025,2025,with adapter
CITY_OF_VERNON 1850 E25TH-4,34.014472000000000,-118.23798500000000,Kona Electric,2019,2025,with adapter
Sheraton Universal Hotel DC,34.137527400000000,-118.36003140000000,Ioniq 6,2022,2025,with adapter
Queen of the Valley Hospital - DC Fast,34.063410270693500,-117.94577555662200,Ioniq 5 N,2026,2026,with adapter
Diamond Hills Plaza,33.975996600000000,-117.83810960000000,Ioniq 5 N,2025,2025,with adapter
"Westfield Culver City (Culver City, CA)",33.986880000000000,-118.39429000000000,Ioniq 6,2022,2025,with adapter
"San Gabriel, CA - Tesla Supercharger",34.077496000000000,-118.10012800000000,Ioniq 5,2022,2024,with adapter
City of Los Angeles Lot 675,34.103853000000000,-118.29105200000000,Ioniq 5 N,2025,2025,with adapter
City of Los Angeles Lot 675,34.103853000000000,-118.29105200000000,Kona Electric,2019,2025,with adapter
Hilton Plaza,34.080257000000000,-118.10265600000000,Ioniq 5 N,2026,2026,with adapter
7-ELEVEN 20101 POMNA DC2,34.067350000000000,-117.71904000000000,Ioniq 6,2022,2025,with adapter
ONTARIO HYUNDAI VEHICLE DISPLY1,34.049976000000000,-117.54789800000000,Ioniq 5,2022,2024,with adapter
G&M OIL G&M #111,34.018667000000000,-118.35496100000000,Ioniq 5,2025,2026,with adapter
"Circle K - Victorville, CA",34.484505427885200,-117.33051763372900,Ioniq 5 N,2026,2026,with adapter
"Las Vegas, NV - Arroyo Crossing Parkway - Tesla Supercharger",36.062251000000000,-115.25172100000000,Ioniq 5,2025,2026,with adapter
City of South Pasadena,34.116310000000000,-118.15215000000000,Ioniq 6,2026,,with adapter
"Walmart 2886 (Pico Rivera, CA)",33.986450000000000,-118.10495000000000,Ioniq 5 N,2025,2025,with adapter
"Ralphs 32 (Los Angeles, CA)",34.068540000000000,-118.29112000000000,Ioniq 6,2026,,with adapter
76 Gas Station San Gabriel,34.103147800000000,-118.09930910000000,Kona Electric,2019,2025,with adapter
99 Ranch Chino Hills,34.010479900000000,-117.74055430000000,Ioniq 5,2022,2024,with adapter
City of Los Angeles Lot 670,34.102558000000000,-118.33434900000000,Ioniq 5 N,2026,2026,with adapter
SCAQMD Offices,34.001519000000000,-117.83051900000000,Ioniq 5 N,2025,2025,with adapter
Foothill Presbyterian Hospital - DC,34.132921700000000,-117.87035030000000,Ioniq 5,2025,2026,with adapter
"Vernon, CA - E 25th St - Tesla Supercharger",34.014266000000000,-118.23827100000000,Ioniq 5,2025,2026,with adapter
Inter Community Hospital Covina,34.089977300000000,-117.89255872601200,Ioniq 5,2025,2026,with adapter
North Las Vegas Rechargery Relay - W Centennial Pkwy,36.276117000000000,-115.17951200000000,Ioniq 6,2022,2025,with adapter
City of Los Angeles Lot 639,34.108426000000000,-118.19387300000000,Ioniq 5,2022,2024,with adapter
DC CORRIDOR EDDIES Y DC3,34.907542000000000,-116.83604800000000,Ioniq 6,2026,,with adapter
"BOA LA Chinatown CA9-167 (Los Angeles, CA)",34.063310000000000,-118.23718000000000,Ioniq 5,2022,2024,with adapter
FH DELIVERY 12339 FH SVC,34.134053000000000,-117.43728000000000,Ioniq 5,2025,2026,with adapter
Bristol Farms,34.077342000000000,-118.38849900000000,Ioniq 9,2026,,with adapter
"Las Vegas, NV - South Decatur Boulevard - Tesla Supercharger",36.171532000000000,-115.20723300000000,Ioniq 5,2025,2026,with adapter
"Target 1033 (Baldwin Park, CA)",34.070710000000000,-117.97825000000000,Ioniq 5 N,2026,2026,with adapter
Caltrans - Clyde V. Kane Rest Area - Northbound,35.031900000000000,-116.46912800000000,Ioniq 5,2025,2026,with adapter
Victoria Gardens,34.112867000000000,-117.53342300000000,Ioniq 5 N,2025,2025,with adapter
Honda DTLA,34.010828320642500,-118.28703020000000,Ioniq 5 N,2026,2026,with adapter
"Inglewood, CA - West Imperial Highway - Tesla Supercharger",33.930757000000000,-118.32770400000000,Ioniq 5 N,2025,2025,with adapter
Overland Structure 1st Floor,34.015755000000000,-118.40349300000000,Ioniq 5,2025,2026,with adapter
Barstow - Coral Charge,34.891277870000000,-117.00371410000000,Ioniq 9,2026,,with adapter
Vons #2261 3rd St.,34.070012400000000,-118.29028300000000,Ioniq 5 N,2025,2025,with adapter
FINDLAY AUTO ABB STATION2,36.143749000000000,-115.21425500000000,Ioniq 6,2022,2025,with adapter
LADWP LA Kretz Innovation Campus,34.040460000000000,-118.23502000000000,Ioniq 5,2022,2024,with adapter
"Ontario, CA - Mills Circle - Tesla Supercharger",34.071708000000000,-117.55616000000000,Ioniq 9,2026,,with adapter
Queen of the Valley Hospital - DC Fast,34.063410270693500,-117.94577555662200,Kona Electric,2019,2025,with adapter
"BoA Gateway CA8-113 (Glendale, CA)",34.126080000000000,-118.25597000000000,Ioniq 6,2026,,with adapter
FINDLAY AUTO ABB STATION2,36.143749000000000,-115.21425500000000,Kona Electric,2019,2025,with adapter
"Target T0767 (San Dimas, CA)",34.103250000000000,-117.82342000000000,Ioniq 6,2026,,with adapter
Chase Bank - 925 N Hacienda Blvd,34.036106000000000,-117.95038500000000,Kona Electric,2019,2025,with adapter
7-ELEVEN 20101 POMNA DC1,34.067274000000000,-117.71905700000000,Ioniq 6,2022,2025,with adapter
"Pasadena, CA - E Glenarm St - Tesla Supercharger",34.127184000000000,-118.14776100000000,Kona Electric,2019,2025,with adapter
"Montebello, CA - N Wilcox Ave - Tesla Supercharger",34.031001000000000,-118.12593500000000,Ioniq 5 N,2026,2026,with adapter
Ford Country,36.048478000000000,-115.02823000000000,Ioniq 6,2026,,with adapter
US Bank 3355 Glendale,34.119663300000000,-118.25953740000000,Ioniq 5 N,2026,2026,with adapter
WLCAC,33.936653700000000,-118.25362400000000,Ioniq 6,2022,2025,with adapter
GF4EVA VVILLE M6 DC1,34.556277000000000,-117.28995100000000,Kona Electric,2019,2025,with adapter
5420 Sunset - Tesla Supercharger (5420 Sunset),34.096946130000000,-118.30766880000000,Ioniq 6,2026,,with adapter
The Elysian,34.067133000000000,-118.24929700000000,Ioniq 6,2022,2025,with adapter
"Hesperia, CA - Tesla Supercharger",34.424701000000000,-117.38573800000000,Ioniq 6,2022,2025,with adapter
"Kroger Smiths 305 (Sunrise, NV)",36.173860000000000,-115.09644000000000,Ioniq 6,2026,,with adapter
The Elysian,34.067133000000000,-118.24929700000000,Ioniq 5,2022,2024,with adapter
3530 West Century Blvd,33.944524100000000,-118.33324560000000,Kona Electric,2019,2025,with adapter
99 Ranch Chino Hills,34.010479900000000,-117.74055430000000,Ioniq 5,2025,2026,with adapter
Sunset Studios,34.097298464012000,-118.31692890366400,Ioniq 6,2022,2025,with adapter
IN-N-OUT ATLANTIC 01,33.977780000000000,-118.18719400000000,Ioniq 5,2025,2026,with adapter
City of Los Angeles Lot 702,34.100570000000000,-118.32733900000000,Ioniq 5 N,2026,2026,with adapter
7Charge - Covina 22548,34.086890000000000,-117.92584000000000,Ioniq 6,2022,2025,with adapter
"Walmart 5154 (Rosemead, CA)",34.050900000000000,-118.08359000000000,Kona Electric,2019,2025,with adapter
Emser International,34.063430000000000,-118.36870000000000,Ioniq 6,2022,2025,with adapter
CITY_OF_VERNON 3805 SOTO-2,34.007973000000000,-118.22009600000000,Ioniq 5,2022,2024,with adapter
Foothill Presbyterian Hospital - DC,34.132921700000000,-117.87035030000000,Ioniq 9,2026,,with adapter
Las Vegas NV - West Tropical Parkway - Tesla Supercharger,36.271567000000000,-115.26548900000000,Ioniq 5,2025,2026,with adapter
"IKEA 413 Los Angeles (Covina, CA)",34.074180000000000,-117.88100000000000,Ioniq 5 N,2025,2025,with adapter
Chevrolet of Puente Hills,33.997758000000000,-117.92869900000000,Ioniq 6,2026,,with adapter
DC CORRIDOR EDDIES Y DC2,34.907482000000000,-116.83597400000000,Ioniq 6,2026,,with adapter
City of Pasadena - Arroyo Parkway,34.127455808632000,-118.14781708221200,Ioniq 5 N,2025,2025,with adapter
Friendly Ford Body Shop,36.189116000000000,-115.20506200000000,Ioniq 5,2022,2024,with adapter
City of Pasadena - Del Mar Station,34.142000000000000,-118.14862600000000,Ioniq 6,2026,,with adapter
CITY_OF_VERNON 3805 SOTO-1,34.007812000000000,-118.21992600000000,Kona Electric,2019,2025,with adapter
Friendly Ford,36.178163000000000,-115.20558200000000,Ioniq 6,2022,2025,with adapter
Caltrans - Clyde V. Kane Rest Area - Northbound,35.031900000000000,-116.46912800000000,Ioniq 6,2022,2025,with adapter
LADWP - Crenshaw,34.012230000000000,-118.33432300000000,Ioniq 9,2026,,with adapter
CITY_OF_VERNON 1850 E25TH-7,34.014426000000000,-118.23804700000000,Ioniq 9,2026,,with adapter
"Las Vegas South Premium Outlets (Las Vegas, NV)",36.056570000000000,-115.16854000000000,Ioniq 6,2022,2025,with adapter
CITY_OF_VERNON 3805 SOTO-3,34.007876000000000,-118.21990100000000,Ioniq 5 N,2025,2025,with adapter
"Westfield Culver City (Culver City, CA)",33.986880000000000,-118.39429000000000,Ioniq 5,2025,2026,with adapter
3029 S Robertson Blvd,34.032567400000000,-118.39053970000000,Ioniq 9,2026,,with adapter
Amna,34.063190000000000,-118.23265000000000,Ioniq 6,2026,,with adapter
Norm Reeves Honda Superstore West Covina,34.070390000000000,-117.90579000000000,Ioniq 5,2025,2026,with adapter
B&D PROP MGMT 2625 ST ROSE,36.014373000000000,-115.10303200000000,Ioniq 5,2022,2024,with adapter
WinCo Las Vegas #113,36.270447000000000,-115.20889200000000,Ioniq 9,2026,,with adapter
3029 S Robertson Blvd,34.032567400000000,-118.39053970000000,Ioniq 6,2022,2025,with adapter
1135 W Renaissance Parkway,34.132132000000000,-117.39271700000000,Ioniq 5,2025,2026,with adapter
DC OB DC 3,34.846389000000000,-117.08386400000000,Ioniq 5 N,2026,2026,with adapter
California Institute of Technology - California Parking Structure,34.134066000000000,-118.12636300000000,Ioniq 5 N,2025,2025,with adapter
7-ELEVEN 20101 POMNA DC2,34.067350000000000,-117.71904000000000,Ioniq 9,2026,,with adapter
"BOA CA9-164 (South Pasadena, CA)",34.115130000000000,-118.15129000000000,Kona Electric,2019,2025,with adapter
B&D PROP MGMT 2645 ST ROSE,36.014271000000000,-115.10318500000000,Kona Electric,2019,2025,with adapter
IN-N-OUT ATLANTIC 05,33.977354000000000,-118.18756900000000,Ioniq 6,2022,2025,with adapter
"Circle K - Victorville, CA",34.484505427885200,-117.33051763372900,Ioniq 5,2025,2026,with adapter
"Las Vegas, NV",36.066487600000000,-115.17950700000000,Ioniq 6,2022,2025,with adapter
ONTARIO HYUNDAI VEHICLE DISPLY2,34.050028000000000,-117.54805700000000,Ioniq 5,2025,2026,with adapter
Sunset Studios,34.097298464012000,-118.31692890366400,Ioniq 9,2026,,with adapter
Monterey Park,34.059530000000000,-118.12661000000000,Ioniq 5,2025,2026,with adapter
WinCo Foods - Pomona #57,34.027210000000000,-117.76206000000000,Ioniq 5 N,2025,2025,with adapter
"West Covina, CA - 1414 S Azusa Ave - Tesla Supercharger",34.047677000000000,-117.90707500000000,Ioniq 5,2022,2024,with adapter
"Hacienda Heights, CA - Tesla Supercharger",34.010078000000000,-117.96116900000000,Ioniq 5 N,2026,2026,with adapter
DC CORRIDOR EDDIES Y DC1,34.907504000000000,-116.83600100000000,Ioniq 9,2026,,with adapter
Culver City Senior Center,34.014540000000000,-118.40405000000000,Ioniq 9,2026,,with adapter
El Centro,34.101510000000000,-118.32467000000000,Ioniq 5,2022,2024,with adapter
Jordan Downs,33.946716000000000,-118.22994000000000,Ioniq 5 N,2026,2026,with adapter
BWP EV CHARGE DCFC BWP LOT 2,34.178561000000000,-118.31623400000000,Ioniq 6,2026,,with adapter
LADWP - John Ferraro Building,34.059133000000000,-118.24858900000000,Ioniq 6,2026,,with adapter
LA County ISD Walt Disney Parking Garage P3,34.055505000000000,-118.24885200000000,Ioniq 5,2025,2026,with adapter
"Alhambra, CA - East Bay State St - Tesla Supercharger",34.095083000000000,-118.12393000000000,Ioniq 9,2026,,with adapter
City of Los Angeles Lot 639,34.108426000000000,-118.19387300000000,Ioniq 5,2025,2026,with adapter
"BOA LA Chinatown CA9-167 (Los Angeles, CA)",34.063310000000000,-118.23718000000000,Ioniq 6,2026,,with adapter
CITY_OF_VERNON 3805 SOTO-4,34.007896000000000,-118.21989600000000,Ioniq 6,2022,2025,with adapter
Friendly Ford,36.178163000000000,-115.20558200000000,Ioniq 6,2026,,with adapter
"Glendale, CA - N Glendale Ave - Tesla Supercharger",34.149535700000000,-118.24781960000000,Kona Electric,2019,2025,with adapter
CITY_OF_VERNON 3805 SOTO-1,34.007812000000000,-118.21992600000000,Ioniq 6,2022,2025,with adapter
GF4EVA VVILLE M6 DC2,34.556316000000000,-117.28995600000000,Ioniq 5 N,2025,2025,with adapter
"Henderson, NV - Paseo Verde Parkway - Tesla Supercharger",36.022121000000000,-115.08922800000000,Ioniq 5,2025,2026,with adapter
"Henderson, NV - Paseo Verde Parkway - Tesla Supercharger",36.022121000000000,-115.08922800000000,Ioniq 5 N,2026,2026,with adapter
City of Los Angeles Lot 744,33.961488000000000,-118.29207000000000,Ioniq 6,2026,,with adapter
"Target 1033 (Baldwin Park, CA)",34.070710000000000,-117.97825000000000,Ioniq 6,2026,,with adapter
CITY_OF_VERNON 1850 E25TH-7,34.014426000000000,-118.23804700000000,Ioniq 5 N,2025,2025,with adapter
San Dimas Plaza Shopping Center,34.107530000000000,-117.82649000000000,Ioniq 5,2025,2026,with adapter
City of Los Angeles Lot 619,34.097765000000000,-118.35316900000000,Ioniq 6,2022,2025,with adapter
CSULA Parking Structure E,34.070532000000000,-118.16780200000000,Ioniq 9,2026,,with adapter
Norm Reeves Honda Superstore West Covina,34.070390000000000,-117.90579000000000,Ioniq 5,2022,2024,with adapter
LOVE'S 374 - CA #374 DC2,34.856808000000000,-117.09186500000000,Kona Electric,2019,2025,with adapter
SCPPA SCPPA CPE200T,34.118106000000000,-117.82245700000000,Ioniq 6,2022,2025,with adapter
"Costco Chino Hills (Chino Hills, CA)",34.015310000000000,-117.74286000000000,Ioniq 5,2022,2024,with adapter
"West Covina, CA - E Eastland Center Drive - Tesla Supercharger",34.073884000000000,-117.88975400000000,Ioniq 5,2022,2024,with adapter
Inglewood City Hall,33.962406000000000,-118.35363500000000,Kona Electric,2019,2025,with adapter
"Montebello, CA - N Wilcox Ave - Tesla Supercharger",34.031001000000000,-118.12593500000000,Ioniq 5,2025,2026,with adapter
Margarita Plaza,33.975304000000000,-118.23001900000000,Ioniq 6,2026,,with adapter
"Circle K - Victorville, CA",34.484505427885200,-117.33051763372900,Ioniq 6,2026,,with adapter
CITY_OF_VERNON 1850 E25TH-1,34.014503000000000,-118.23790700000000,Ioniq 5,2022,2024,with adapter
JLR HENDERSON ABB 02,36.053704000000000,-115.02745100000000,Ioniq 6,2026,,with adapter
L344 MB SECOND FLOOR,34.035947000000000,-118.27297300000000,Ioniq 9,2026,,with adapter
"Ontario, CA - Ontario Mills Pkwy - Tesla Supercharger",34.068955000000000,-117.55628500000000,Ioniq 5 N,2026,2026,with adapter
FH DELIVERY 121A4 FH SVC,34.133796000000000,-117.43710300000000,Ioniq 5,2022,2024,with adapter
"Ontario, CA - Ontario Mills Pkwy - Tesla Supercharger",34.068955000000000,-117.55628500000000,Ioniq 9,2026,,with adapter
8000 Sunset Blvd,34.097482500000000,-118.36446270000000,Ioniq 5 N,2026,2026,with adapter
City of Los Angeles Lot 702,34.100570000000000,-118.32733900000000,Ioniq 6,2022,2025,with adapter
7Charge - Covina 22548,34.086890000000000,-117.92584000000000,Ioniq 5 N,2025,2025,with adapter
Las Vegas NV - West Tropical Parkway - Tesla Supercharger,36.271567000000000,-115.26548900000000,Ioniq 5,2022,2024,with adapter
"Jurupa Valley, CA - Tesla Supercharger",34.012541000000000,-117.46064800000000,Ioniq 9,2026,,with adapter
"South Pasadena, CA - Tesla Supercharger",34.112612000000000,-118.15064600000000,Ioniq 5,2022,2024,with adapter
California Institute of Technology - North Wilson Parking Structure,34.139958000000000,-118.12844600000000,Ioniq 5,2025,2026,with adapter
El Centro,34.101510000000000,-118.32467000000000,Ioniq 6,2022,2025,with adapter
City of Pasadena - Arroyo Parkway,34.127455808632000,-118.14781708221200,Ioniq 6,2022,2025,with adapter
GM Oil Site 76 Chevron San Bernardino,34.165633510226000,-117.33232266743800,Ioniq 6,2026,,with adapter
Friendly Ford Body Shop,36.189116000000000,-115.20506200000000,Ioniq 5 N,2025,2025,with adapter
Tesla Diner - Tesla Supercharger,34.091268000000000,-118.34221500000000,Ioniq 5,2022,2024,with adapter
"Henderson, NV - Paseo Verde Parkway - Tesla Supercharger",36.022121000000000,-115.08922800000000,Kona Electric,2019,2025,with adapter
Team Ford,36.259310000000000,-115.24797700000000,Ioniq 5,2022,2024,with adapter
"Ralphs 715 (Monterey Park, CA)",34.066010000000000,-118.13393000000000,Ioniq 6,2022,2025,with adapter
"Walmart 4356 (SW Las Vegas, NV)",36.064600000000000,-115.24718000000000,Ioniq 6,2026,,with adapter
Cadillac of Las Vegas,36.143709000000000,-115.21176200000000,Ioniq 5,2022,2024,with adapter
Resort World Las Vegas,36.135200000000000,-115.16760000000000,Ioniq 9,2026,,with adapter
"Las Vegas, NV - West Russell Road - Tesla Supercharger",36.086723000000000,-115.21072600000000,Ioniq 6,2026,,with adapter
"Las Vegas South Premium Outlets (Las Vegas, NV)",36.056570000000000,-115.16854000000000,Ioniq 6,2026,,with adapter
CITY_OF_VERNON 1850 E25TH-9,34.014385000000000,-118.23808800000000,Ioniq 5,2022,2024,with adapter
Amna,34.063190000000000,-118.23265000000000,Ioniq 5 N,2025,2025,with adapter
CITY_OF_VERNON 3805 SOTO-3,34.007876000000000,-118.21990100000000,Ioniq 6,2022,2025,with adapter
"Las Vegas, NV - Cambridge St - Tesla Supercharger",36.128731000000000,-115.14374000000000,Ioniq 6,2022,2025,with adapter
3029 S Robertson Blvd,34.032567400000000,-118.39053970000000,Ioniq 6,2026,,with adapter
FINDLAY AUTO ABB STATION2,36.143749000000000,-115.21425500000000,Ioniq 5 N,2025,2025,with adapter
RC SPORTS EVHUB ADJ SWGR,34.102644000000000,-117.54410000000000,Ioniq 9,2026,,with adapter
Diamond Hills Plaza,33.975996600000000,-117.83810960000000,Ioniq 5,2025,2026,with adapter
"City of Industry, CA - Gale Avenue - Tesla Supercharger",33.994491000000000,-117.89956900000000,Ioniq 5,2025,2026,with adapter
KMC Norfolk,34.062387000000000,-118.20418260000000,Ioniq 6,2026,,with adapter
CITY_OF_VERNON 1850 E25TH-3,34.014481000000000,-118.23795800000000,Ioniq 5 N,2026,2026,with adapter
Gaudin Ford,36.064736000000000,-115.23674100000000,Ioniq 6,2022,2025,with adapter
KH Structure,34.062704800000000,-118.20349060000000,Ioniq 6,2026,,with adapter
Onyx Towers,34.062740000000000,-118.36189000000000,Ioniq 5 N,2025,2025,with adapter
G&M OIL G&M #111,34.018667000000000,-118.35496100000000,Ioniq 6,2026,,with adapter
H&S ENERGY H&S#20 CHEVRON,34.034767000000000,-118.09062900000000,Ioniq 6,2022,2025,with adapter
ONTARIO HYUNDAI VEHICLE DISPLY1,34.049976000000000,-117.54789800000000,Kona Electric,2019,2025,with adapter
"La Verne, CA - Tesla Supercharger",34.121427000000000,-117.78710200000000,Kona Electric,2019,2025,with adapter
"Las Vegas, NV - 3528 South Maryland Parkway - Tesla Supercharger",36.125754000000000,-115.13462200000000,Ioniq 5 N,2026,2026,with adapter
The Mall of Victor Valley,34.472906000000000,-117.35014200000000,Kona Electric,2019,2025,with adapter
ONTARIO HYUNDAI VEHICLE DISPLY2,34.050028000000000,-117.54805700000000,Ioniq 5 N,2025,2025,with adapter
FH DELIVERY 123FC FH SVC,34.133956000000000,-117.43697400000000,Ioniq 5,2025,2026,with adapter
CITY_OF_VERNON 3805 SOTO-9,34.008059000000000,-118.21997600000000,Ioniq 6,2022,2025,with adapter
Mountain Vista Plaza,34.137466600000000,-117.98216400000000,Ioniq 9,2026,,with adapter
Foothill Presbyterian Hospital - DC,34.132921700000000,-117.87035030000000,Ioniq 6,2022,2025,with adapter
"Walmart 5154 (Rosemead, CA)",34.050900000000000,-118.08359000000000,Ioniq 5,2022,2024,with adapter
Covina Town Square,34.105800000000000,-117.90569000000000,Ioniq 6,2026,,with adapter
BWP EV CHARGE DCFC BWP LOT 2,34.178561000000000,-118.31623400000000,Ioniq 9,2026,,with adapter
MINI of Monrovia,34.136472000000000,-117.98718700000000,Ioniq 9,2026,,with adapter
The Elysian - Tenants Only,34.066624000000000,-118.24822700000000,Ioniq 5,2022,2024,with adapter
"Montebello Plaza (Montebello , CA)",34.031070000000000,-118.12404000000000,Ioniq 9,2026,,with adapter
CITY_OF_VERNON 3805 SOTO-10,34.008061000000000,-118.22000100000000,Kona Electric,2019,2025,with adapter
PH SUBARU PH SUBARU,33.996114000000000,-117.91713300000000,Ioniq 5,2025,2026,with adapter
GF4EVA VVILLE M6 DC2,34.556316000000000,-117.28995600000000,Ioniq 9,2026,,with adapter
IN-N-OUT ATLANTIC 02,33.977739000000000,-118.18719800000000,Ioniq 6,2022,2025,with adapter
Friendly Ford,36.178163000000000,-115.20558200000000,Ioniq 5 N,2025,2025,with adapter
Friendly Ford,36.178163000000000,-115.20558200000000,Kona Electric,2019,2025,with adapter
Resort World Las Vegas,36.135200000000000,-115.16760000000000,Ioniq 5 N,2025,2025,with adapter
"Ralphs 060 (Glendale, CA)",34.142440000000000,-118.23379000000000,Ioniq 5 N,2025,2025,with adapter
RC SPORTS EVHUB NEAR BLG,34.102389000000000,-117.54488900000000,Ioniq 5 N,2025,2025,with adapter
L446 1,36.273183000000000,-115.26523900000000,Ioniq 5 N,2026,2026,with adapter
"Hesperia, CA - Main Street - Tesla Supercharger",34.426362000000000,-117.35465000000000,Ioniq 5,2022,2024,with adapter
Sheraton Universal Hotel DC,34.137527400000000,-118.36003140000000,Ioniq 5,2025,2026,with adapter
820 Mound Ave,34.116707000000000,-118.15159800000000,Kona Electric,2019,2025,with adapter
Amna,34.063190000000000,-118.23265000000000,Ioniq 5,2025,2026,with adapter
CITY_OF_VERNON 3805 SOTO-3,34.007876000000000,-118.21990100000000,Ioniq 9,2026,,with adapter
"Walmart 1879 (Barstow, CA)",34.883720000000000,-116.99251000000000,Ioniq 6,2026,,with adapter
LADWP LA Kretz Innovation Campus,34.040460000000000,-118.23502000000000,Ioniq 5 N,2026,2026,with adapter
CITY_OF_VERNON 3805 SOTO-7,34.007973000000000,-118.21989600000000,Ioniq 5 N,2025,2025,with adapter
Caltrans - Valley Wells Rest Area - Northbound,35.434023000000000,-115.69926700000000,Ioniq 5 N,2025,2025,with adapter
ONTARIO 76 CHARGER 2,34.063302000000000,-117.61153300000000,Ioniq 6,2022,2025,with adapter
"Universal City, CA - Tesla Supercharger",34.138042000000000,-118.35927200000000,Ioniq 5,2025,2026,with adapter
Motel 6 Chino,34.031418000000000,-117.69093210000000,Ioniq 5,2022,2024,with adapter
RC SPORTS EVHUB ADJ SWGR,34.102644000000000,-117.54410000000000,Ioniq 5 N,2026,2026,with adapter
G&M OIL G&M #76,34.165551000000000,-117.33235100000000,Ioniq 9,2026,,with adapter
City of Los Angeles Lot 745,34.101781000000000,-118.33989400000000,Ioniq 5,2022,2024,with adapter
Barlow Respiratory Hospital,34.074594000000000,-118.24769900000000,Ioniq 6,2022,2025,with adapter
H&S ENERGY H&S#20 CHEVRON,34.034767000000000,-118.09062900000000,Ioniq 6,2026,,with adapter
G&M OIL CHEVRON #27,34.470993000000000,-117.35262000000000,Ioniq 6,2026,,with adapter
"Las Vegas, NV - Arroyo Crossing Parkway - Tesla Supercharger",36.062251000000000,-115.25172100000000,Ioniq 5 N,2026,2026,with adapter
City of Los Angeles Lot 745,34.101781000000000,-118.33989400000000,Ioniq 9,2026,,with adapter
Norfolk Upper Lot,34.060000000000000,-118.20000000000000,Ioniq 5,2025,2026,with adapter
"Walmart 2886 (Pico Rivera, CA)",33.986450000000000,-118.10495000000000,Ioniq 9,2026,,with adapter
660 Mateo Parking Lot,34.035930000000000,-118.23231000000000,Ioniq 5 N,2025,2025,with adapter
L344 MB SECOND FLOOR,34.035947000000000,-118.27297300000000,Kona Electric,2019,2025,with adapter
3530 West Century Blvd,33.944524100000000,-118.33324560000000,Ioniq 5,2025,2026,with adapter
"Barstow, CA - Tanger Way - Tesla Supercharger",34.844499000000000,-117.08577100000000,Ioniq 5 N,2025,2025,with adapter
Venice Crossroads,34.027360000000000,-118.39233000000000,Ioniq 5,2025,2026,with adapter
City National Plaza,34.052093700000000,-118.25523390000000,Ioniq 6,2022,2025,with adapter
"Walmart 5154 (Rosemead, CA)",34.050900000000000,-118.08359000000000,Ioniq 5 N,2025,2025,with adapter
"Ontario, CA - N Haven Ave - Tesla Supercharger",34.076981000000000,-117.57431100000000,Ioniq 5,2025,2026,with adapter
CITY_OF_VERNON 3805 SOTO-2,34.007973000000000,-118.22009600000000,Ioniq 5,2025,2026,with adapter
Covina Town Square,34.105800000000000,-117.90569000000000,Kona Electric,2019,2025,with adapter
"Baldwin Park, CA - Tesla Supercharger",34.079207000000000,-117.98884000000000,Ioniq 6,2026,,with adapter
GM Oil Site 76 Chevron San Bernardino,34.165633510226000,-117.33232266743800,Ioniq 9,2026,,with adapter
Friendly Ford Body Shop,36.189116000000000,-115.20506200000000,Ioniq 5,2025,2026,with adapter
Central & Walnut - Tesla Supercharger,34.026990000000000,-117.68730100000000,Ioniq 6,2022,2025,with adapter
"Ontario, CA - Mills Circle - Tesla Supercharger",34.071708000000000,-117.55616000000000,Ioniq 5 N,2025,2025,with adapter
Sheraton Universal Hotel DC,34.137527400000000,-118.36003140000000,Ioniq 6,2026,,with adapter
Solair Wilshire,34.061876900000000,-118.30862790000000,Ioniq 6,2022,2025,with adapter
"San Bernardino, CA - W Little League Dr - Tesla Supercharger",34.192431000000000,-117.36214700000000,Ioniq 5,2022,2024,with adapter
"South Gate, CA - Tesla Supercharger",33.948775000000000,-118.16424000000000,Ioniq 5,2025,2026,with adapter
RANCHOCUCAMONGA DCFC CITY HALL,34.103720000000000,-117.57447700000000,Ioniq 5,2025,2026,with adapter
"City of Industry, CA - Gale Avenue - Tesla Supercharger",33.994491000000000,-117.89956900000000,Ioniq 6,2022,2025,with adapter
California Institute of Technology - California Parking Structure,34.134066000000000,-118.12636300000000,Ioniq 5,2025,2026,with adapter
"Barstow, CA - 1503 East Main Street - Tesla Supercharger",34.893641000000000,-117.00244400000000,Ioniq 9,2026,,with adapter
LADWP - John Ferraro Building,34.059133000000000,-118.24858900000000,Ioniq 5,2022,2024,with adapter
City of Pasadena - Robinson Park,34.164516574203800,-118.15178871863500,Ioniq 5,2025,2026,with adapter
Ford Country,36.048478000000000,-115.02823000000000,Ioniq 5,2022,2024,with adapter
"Las Vegas, NV - South Fort Apache Road - Tesla Supercharger",36.093958000000000,-115.29710800000000,Ioniq 6,2022,2025,with adapter
7-ELEVEN 20101 POMNA DC2,34.067350000000000,-117.71904000000000,Ioniq 5 N,2026,2026,with adapter
G&M OIL CHEVRON #27,34.470993000000000,-117.35262000000000,Ioniq 5 N,2025,2025,with adapter
BWP EV CHARGE DCFC BWP LOT 1,34.178578000000000,-118.31621300000000,Ioniq 6,2022,2025,with adapter
"Walmart 2838 (Henderson, NV)",36.062080000000000,-115.03353000000000,Ioniq 5 N,2025,2025,with adapter
Barlow Respiratory Hospital,34.074594000000000,-118.24769900000000,Ioniq 6,2026,,with adapter
JLRLV PUPLIC WEST DC,36.065812000000000,-115.23208400000000,Ioniq 5,2025,2026,with adapter
"Inglewood, CA - Tesla Supercharger",33.944904000000000,-118.33438400000000,Ioniq 9,2026,,with adapter
City of Pasadena - Del Mar Station,34.142000000000000,-118.14862600000000,Ioniq 6,2022,2025,native only
"Las Vegas, NV - South Decatur Boulevard - Tesla Supercharger",36.171532000000000,-115.20723300000000,Ioniq 5 N,2026,2026,native only
IN-N-OUT ATLANTIC 02,33.977739000000000,-118.18719800000000,Ioniq 5 N,2026,2026,native only
Central & Walnut - Tesla Supercharger,34.026990000000000,-117.68730100000000,Ioniq 5,2025,2026,native only
"Las Vegas, NV - South Decatur Boulevard - Tesla Supercharger",36.171532000000000,-115.20723300000000,Ioniq 6,2026,,native only
"Las Vegas, NV - South Town Center Drive - Tesla Supercharger",36.145430000000000,-115.32712100000000,Ioniq 6,2026,,native only
WinCo Foods - Pomona #57,34.027210000000000,-117.76206000000000,Kona Electric,2019,2025,native only
Monterey Park,34.059530000000000,-118.12661000000000,Kona Electric,2019,2025,native only
99 Ranch Chino Hills,34.010479900000000,-117.74055430000000,Ioniq 6,2026,,native only
BAKER TRAVEL PLAZA,35.276756900000000,-116.05701660000000,Ioniq 5 N,2025,2025,native only
City National Plaza,34.052093700000000,-118.25523390000000,Ioniq 5 N,2025,2025,native only
Margarita Plaza,33.975304000000000,-118.23001900000000,Ioniq 6,2022,2025,native only
"BOA Crenshaw Imperial CA8-191 (Inglewood, CA)",33.929310000000000,-118.32674000000000,Ioniq 6,2022,2025,native only
"Pomona, CA - Tesla Supercharger",34.026968000000000,-117.76228800000000,Ioniq 5 N,2026,2026,native only
"North Las Vegas, NV - East Lake Mead South Boulevard - Tesla Supercharger",36.195978000000000,-115.13200700000000,Ioniq 9,2026,,native only
Margarita Plaza,33.975304000000000,-118.23001900000000,Kona Electric,2019,2025,native only
CSULA Parking Structure E,34.070532000000000,-118.16780200000000,Ioniq 5,2025,2026,native only
"BOA Crenshaw Imperial CA8-191 (Inglewood, CA)",33.929310000000000,-118.32674000000000,Ioniq 5 N,2025,2025,native only
Hilton Plaza,34.080257000000000,-118.10265600000000,Ioniq 6,2022,2025,native only
LOVE'S 374 - CA #374 DC1,34.856826000000000,-117.09190800000000,Kona Electric,2019,2025,native only
Cardenas Market Hesperia,34.423802000000000,-117.32503600000000,Ioniq 6,2022,2025,native only
The Mall of Victor Valley,34.472906000000000,-117.35014200000000,Ioniq 5,2022,2024,native only
"South Pasadena, CA - Tesla Supercharger",34.112612000000000,-118.15064600000000,Ioniq 5 N,2026,2026,native only
"Ontario Mills (Ontario, CA)",34.074240000000000,-117.54753000000000,Ioniq 5,2022,2024,native only
Las Vegas,35.999436000000000,-115.17175500000000,Kona Electric,2019,2025,native only
"BOA LA Chinatown CA9-167 (Los Angeles, CA)",34.063310000000000,-118.23718000000000,Ioniq 5 N,2025,2025,native only
"Montebello Plaza (Montebello , CA)",34.031070000000000,-118.12404000000000,Kona Electric,2019,2025,native only
FH DELIVERY 121A4 FH SVC,34.133796000000000,-117.43710300000000,Ioniq 5 N,2025,2025,native only
LADWP - Crenshaw,34.012230000000000,-118.33432300000000,Ioniq 6,2022,2025,native only
Barstow - Coral Charge,34.891277870000000,-117.00371410000000,Ioniq 5,2022,2024,native only
CITY_OF_VERNON 3805 SOTO-7,34.007973000000000,-118.21989600000000,Ioniq 5,2025,2026,native only
CSULA Parking Structure B,34.065661000000000,-118.17018900000000,Ioniq 5,2022,2024,native only
Solair Wilshire,34.061876900000000,-118.30862790000000,Ioniq 5 N,2025,2025,native only
"BoA Gateway CA8-113 (Glendale, CA)",34.126080000000000,-118.25597000000000,Ioniq 5 N,2025,2025,native only
"BoA Gateway CA8-113 (Glendale, CA)",34.126080000000000,-118.25597000000000,Ioniq 5,2022,2024,native only
City of Los Angeles Lot 657,34.072877000000000,-118.21769000000000,Ioniq 5,2025,2026,native only
"Victorville, CA - Amargosa Road - Tesla Supercharger",34.463006000000000,-117.35421800000000,Ioniq 9,2026,,native only
"Baker, CA - Mojave Pointe Rd - Tesla Supercharger",35.268984000000000,-116.06668900000000,Ioniq 9,2026,,native only
DC CORRIDOR EDDIES Y DC3,34.907542000000000,-116.83604800000000,Ioniq 6,2022,2025,native only
FH DELIVERY 12339 FH SVC,34.134053000000000,-117.43728000000000,Kona Electric,2019,2025,native only
CITY_OF_VERNON 3805 SOTO-1,34.007812000000000,-118.21992600000000,Ioniq 5,2025,2026,native only
Team Ford,36.259310000000000,-115.24797700000000,Ioniq 6,2022,2025,native only
IN-N-OUT ATLANTIC 02,33.977739000000000,-118.18719800000000,Ioniq 9,2026,,native only
"Walmart 4356 (SW Las Vegas, NV)",36.064600000000000,-115.24718000000000,Kona Electric,2019,2025,native only
"Barstow, CA - Tanger Way - Tesla Supercharger",34.844499000000000,-117.08577100000000,Ioniq 5 N,2026,2026,native only
CITY_OF_VERNON 1850 E25TH-3,34.014481000000000,-118.23795800000000,Ioniq 5,2022,2024,native only
CITY_OF_VERNON 1850 E25TH-9,34.014385000000000,-118.23808800000000,Ioniq 9,2026,,native only
CITY_OF_VERNON 1850 E25TH-4,34.014472000000000,-118.23798500000000,Ioniq 9,2026,,native only
CITY_OF_VERNON 1850 E25TH-6,34.014444000000000,-118.23802600000000,Ioniq 5 N,2025,2025,native only
"Rancho Cucamonga, CA – Foothill Boulevard - Tesla Supercharger",34.106565000000000,-117.52688900000000,Ioniq 6,2026,,native only
Onyx Towers,34.062740000000000,-118.36189000000000,Ioniq 5,2022,2024,native only
"Alhambra, CA - Tesla Supercharger",34.087063000000000,-118.15119600000000,Ioniq 5,2025,2026,native only
GF4EVA VVILLE M6 DC1,34.556277000000000,-117.28995100000000,Ioniq 5,2022,2024,native only
City of Los Angeles Lot 628,34.074273000000000,-118.21532100000000,Ioniq 6,2022,2025,native only
The Mall of Victor Valley,34.472906000000000,-117.35014200000000,Ioniq 6,2022,2025,native only
Chevrolet of Puente Hills,33.997758000000000,-117.92869900000000,Kona Electric,2019,2025,native only
DC CORRIDOR EDDIES Y DC3,34.907542000000000,-116.83604800000000,Ioniq 5 N,2025,2025,native only
City of Los Angeles Lot 744,33.961488000000000,-118.29207000000000,Ioniq 5 N,2026,2026,native only
"Alhambra, CA - West Valley Boulevard - Tesla Supercharger",34.077346000000000,-118.13855400000000,Ioniq 5 N,2026,2026,native only
CITY_OF_VERNON 3805 SOTO-1,34.007812000000000,-118.21992600000000,Ioniq 5,2022,2024,native only
"Ralphs 715 (Monterey Park, CA)",34.066010000000000,-118.13393000000000,Ioniq 5,2022,2024,native only
660 Mateo Parking Lot,34.035930000000000,-118.23231000000000,Ioniq 5,2022,2024,native only
Culver - Motor Structure 1st Floor,34.015769507079150,-118.40445194626264,Kona Electric,2019,2025,native only
"Las Vegas, NV - West Craig Road - Tesla Supercharger",36.239055000000000,-115.24980200000000,Ioniq 9,2026,,native only
City of Los Angeles Lot 670,34.102558000000000,-118.33434900000000,Ioniq 6,2026,,native only
7Charge - Covina 22548,34.086890000000000,-117.92584000000000,Ioniq 6,2026,,native only
1310 W Baseline Rd,34.122101000000000,-117.39687900000000,Kona Electric,2019,2025,native only
"West Covina, CA - 1414 S Azusa Ave - Tesla Supercharger",34.047677000000000,-117.90707500000000,Ioniq 9,2026,,native only
Thailand Plaza,34.101990000000000,-118.30639000000000,Ioniq 5,2022,2024,native only
"Pasadena, CA - E Glenarm St - Tesla Supercharger",34.127184000000000,-118.14776100000000,Ioniq 5,2025,2026,native only
San Dimas Plaza Shopping Center,34.107530000000000,-117.82649000000000,Ioniq 5 N,2025,2025,native only
Ontario Mills - Skechers,34.071281000000000,-117.54922700000000,Ioniq 5 N,2025,2025,native only
WLCAC,33.936653700000000,-118.25362400000000,Ioniq 5 N,2025,2025,native only
JLRLV PUPLIC WEST DC,36.065812000000000,-115.23208400000000,Ioniq 5,2022,2024,native only
Plaza Continental - Tesla Supercharger,34.068715000000000,-117.57421800000000,Ioniq 5 N,2026,2026,native only
"South Pasadena, CA - Tesla Supercharger",34.112612000000000,-118.15064600000000,Ioniq 9,2026,,native only
Chevrolet of Puente Hills,33.997758000000000,-117.92869900000000,Ioniq 6,2022,2025,native only
GF4EVA VVILLE M6 DC2,34.556316000000000,-117.28995600000000,Ioniq 5,2022,2024,native only
Maine Avenue Marketplace,34.090066000000000,-117.96083110000000,Kona Electric,2019,2025,native only
WattEV - Vernon (Bandini Blvd),34.003200000000000,-118.18745000000000,Ioniq 5 N,2025,2025,native only
Fairway Chevrolet,36.145332000000000,-115.10693200000000,Kona Electric,2019,2025,native only
CITY_OF_VERNON 1850 E25TH-7,34.014426000000000,-118.23804700000000,Kona Electric,2019,2025,native only
"Walmart 3180 (South Gate, CA)",33.954180000000000,-118.18774000000000,Ioniq 5 N,2025,2025,native only
Amna,34.063190000000000,-118.23265000000000,Ioniq 5,2022,2024,native only
"Target T2179 (Diamond Bar, CA)",34.004360000000000,-117.82223000000000,Ioniq 5 N,2026,2026,native only
"Target T0767 (San Dimas, CA)",34.103250000000000,-117.82342000000000,Kona Electric,2019,2025,native only
FINDLAY AUTO ABB STATION1,36.143714000000000,-115.21425600000000,Ioniq 5 N,2025,2025,native only
KMC Norfolk,34.062387000000000,-118.20418260000000,Ioniq 5,2022,2024,native only
LOVE'S 374 - CA #374 DC2,34.856808000000000,-117.09186500000000,Ioniq 5,2022,2024,native only
H&S ENERGY H&S#20 CHEVRON,34.034767000000000,-118.09062900000000,Ioniq 5 N,2025,2025,native only
"Baker, CA - Mojave Pointe Rd - Tesla Supercharger",35.268984000000000,-116.06668900000000,Ioniq 5 N,2026,2026,native only
US Bank 3355 Glendale,34.119663300000000,-118.25953740000000,Kona Electric,2019,2025,native only
GM Oil Site 76 Chevron San Bernardino,34.165633510226000,-117.33232266743800,Kona Electric,2019,2025,native only
Central & Walnut - Tesla Supercharger,34.026990000000000,-117.68730100000000,Ioniq 5 N,2025,2025,native only
PH SUBARU PH SUBARU,33.996114000000000,-117.91713300000000,Ioniq 6,2022,2025,native only
Norfolk Upper Lot,34.060000000000000,-118.20000000000000,Ioniq 6,2022,2025,native only
City of Los Angeles Lot 670,34.102558000000000,-118.33434900000000,Ioniq 6,2022,2025,native only
CITY_OF_VERNON 3805 SOTO-2,34.007973000000000,-118.22009600000000,Ioniq 5 N,2026,2026,native only
"Dunhill - Shoppes at Chino Hills (Chino Hills, CA)",34.000247300000000,-117.72841960000000,Ioniq 5,2022,2024,native only
BMW of Monrovia,34.137556000000000,-117.98705400000000,Kona Electric,2019,2025,native only
76 San Gabriel,34.103300000000000,-118.09950000000000,Ioniq 6,2022,2025,native only
"San Bernardino, CA - W Little League Dr - Tesla Supercharger",34.192431000000000,-117.36214700000000,Ioniq 5 N,2026,2026,native only
IN-N-OUT ATLANTIC 05,33.977354000000000,-118.18756900000000,Ioniq 5 N,2025,2025,native only
"Kroger Smiths 354 (Whitney, NV)",36.116670000000000,-115.09163000000000,Ioniq 5,2022,2024,native only
"South Gate, CA - Tesla Supercharger",33.948775000000000,-118.16424000000000,Ioniq 9,2026,,native only
Sharp Capital,34.052690000000000,-118.26533000000000,Ioniq 6,2022,2025,native only
"Alhambra, CA - Tesla Supercharger",34.087063000000000,-118.15119600000000,Ioniq 5 N,2026,2026,native only
"Westfield Century City (Los Angeles, CA)",34.057940000000000,-118.41993000000000,Kona Electric,2019,2025,native only
1135 W Renaissance Parkway,34.132132000000000,-117.39271700000000,Ioniq 6,2022,2025,native only
Puente Hills Town Center,33.990370000000000,-117.92588000000000,Ioniq 5 N,2025,2025,native only
CITY_OF_VERNON 1850 E25TH-8,34.014405000000000,-118.23806900000000,Ioniq 5,2025,2026,native only
CITY_OF_VERNON 1850 E25TH-8,34.014405000000000,-118.23806900000000,Ioniq 5 N,2025,2025,native only
G&M OIL G&M #111,34.018667000000000,-118.35496100000000,Ioniq 5,2022,2024,native only
The Mall of Victor Valley,34.472906000000000,-117.35014200000000,Ioniq 5 N,2025,2025,native only
5420 Sunset - Tesla Supercharger (5420 Sunset),34.096946130000000,-118.30766880000000,Ioniq 9,2026,,native only
5420 Sunset - Tesla Supercharger (5420 Sunset),34.096946130000000,-118.30766880000000,Kona Electric,2019,2025,native only
"BOA Magnolia Park CA9-151 (Burbank, CA)",34.168130000000000,-118.34380000000000,Ioniq 5,2022,2024,native only
BWP EV CHARGE DCFC BWP LOT 2,34.178561000000000,-118.31623400000000,Ioniq 6,2022,2025,native only
515 Flower - Level A,34.051648300000000,-118.25688330000000,Ioniq 6,2022,2025,native only
Hilton Los Angeles/San Gabriel,34.080799000000000,-118.10248700000000,Ioniq 5 N,2025,2025,native only
CITY_OF_VERNON 1850 E25TH-5,34.014458000000000,-118.23800600000000,Ioniq 5,2022,2024,native only
"Walmart 4356 (SW Las Vegas, NV)",36.064600000000000,-115.24718000000000,Ioniq 5 N,2025,2025,native only
"Walmart 4356 (SW Las Vegas, NV)",36.064600000000000,-115.24718000000000,Ioniq 6,2022,2025,native only
"Las Vegas, NV - 3821 West Charleston Boulevard - Tesla Supercharger",36.158707000000000,-115.19099000000000,Ioniq 5 N,2026,2026,native only
IN-N-OUT ATLANTIC 01,33.977780000000000,-118.18719400000000,Ioniq 5 N,2025,2025,native only
"Bell, CA - Gage Ave - Tesla Supercharger",33.977777000000000,-118.18876900000000,Ioniq 9,2026,,native only
Barstow - Coral Charge,34.891277870000000,-117.00371410000000,Ioniq 6,2022,2025,native only
"Forum Shops at Caesars Palace (Las Vegas, NV)",36.119740000000000,-115.17691000000000,Ioniq 5 N,2025,2025,native only
CITY_OF_VERNON 1850 E25TH-6,34.014444000000000,-118.23802600000000,Kona Electric,2019,2025,native only
City of Pasadena - Robinson Park,34.164516574203800,-118.15178871863500,Ioniq 5,2022,2024,native only
"Las Vegas, NV - South Fort Apache Road - Tesla Supercharger",36.093958000000000,-115.29710800000000,Ioniq 5,2025,2026,native only
WinCo Las Vegas #113,36.270447000000000,-115.20889200000000,Kona Electric,2019,2025,native only
GM Oil Site 111 FoodMart Los Angeles,34.018660888026000,-118.35493777871600,Kona Electric,2019,2025,native only
CITY_OF_VERNON 1850 E25TH-10,34.014380000000000,-118.23810800000000,Ioniq 5,2022,2024,native only
WinCo Las Vegas #113,36.270447000000000,-115.20889200000000,Ioniq 5,2022,2024,native only
Covina Hills Chevrolet,34.078031000000000,-117.89101400000000,Kona Electric,2019,2025,native only
"Las Vegas, NV - Cambridge St - Tesla Supercharger",36.128731000000000,-115.14374000000000,Ioniq 5 N,2026,2026,native only
"Alhambra, CA - Tesla Supercharger",34.087063000000000,-118.15119600000000,Ioniq 6,2026,,native only
City of Los Angeles Lot 657,34.072877000000000,-118.21769000000000,Ioniq 5 N,2026,2026,native only
"Las Vegas, NV - South Maryland Parkway - Tesla Supercharger",36.030077000000000,-115.13584300000000,Ioniq 5,2025,2026,native only
City of Pasadena - Marengo Garage,34.144703000000000,-118.14695700000000,Kona Electric,2019,2025,native only
Hilton Los Angeles/San Gabriel,34.080799000000000,-118.10248700000000,Kona Electric,2019,2025,native only
Fontana Ignite Fueling,34.121007500000000,-117.45312410000000,Kona Electric,2019,2025,native only
"Shopcore One Colorado (Pasadena, CA)",34.146620000000000,-118.14963000000000,Kona Electric,2019,2025,native only
"West Covina, CA - Tesla Supercharger",34.070645000000000,-117.88908200000000,Ioniq 6,2026,,native only
Venice Crossroads,34.027360000000000,-118.39233000000000,Ioniq 5 N,2025,2025,native only
WattEV - Vernon (Bandini Blvd),34.003200000000000,-118.18745000000000,Kona Electric,2019,2025,native only
1310 W Baseline Rd,34.122101000000000,-117.39687900000000,Ioniq 5 N,2025,2025,native only
8000 Sunset Blvd,34.097482500000000,-118.36446270000000,Ioniq 5 N,2025,2025,native only
IN-N-OUT ATLANTIC 04,33.977378000000000,-118.18745900000000,Ioniq 6,2026,,native only
"Target T0767 (San Dimas, CA)",34.103250000000000,-117.82342000000000,Ioniq 5 N,2025,2025,native only
1135 W Renaissance Parkway,34.132132000000000,-117.39271700000000,Ioniq 5,2022,2024,native only
Honda DTLA,34.010828320642500,-118.28703020000000,Kona Electric,2019,2025,native only
CITY_OF_VERNON 1850 E25TH-10,34.014380000000000,-118.23810800000000,Kona Electric,2019,2025,native only
Caltrans - Valley Wells Rest Area - Southbound,35.435299000000000,-115.70199000000000,Ioniq 5 N,2025,2025,native only
"Los Angeles, CA - Venice Boulevard - Tesla Supercharger",34.027975000000000,-118.39414400000000,Ioniq 6,2026,,native only
Barlow Respiratory Hospital,34.074594000000000,-118.24769900000000,Ioniq 5,2022,2024,native only
Cardenas Market Hesperia,34.423802000000000,-117.32503600000000,Ioniq 5,2022,2024,native only
661 Imperial St,34.036128000000000,-118.23178400000000,Ioniq 5,2022,2024,native only
"South Pasadena, CA - Tesla Supercharger",34.112612000000000,-118.15064600000000,Ioniq 6,2026,,native only
DC CORRIDOR EDDIES Y DC2,34.907482000000000,-116.83597400000000,Ioniq 6,2022,2025,native only
DC CORRIDOR EDDIES Y DC2,34.907482000000000,-116.83597400000000,Ioniq 5 N,2025,2025,native only
"Bell, CA - Gage Ave - Tesla Supercharger",33.977777000000000,-118.18876900000000,Ioniq 9,2026,,with adapter
"Ontario, CA - N Haven Ave - Tesla Supercharger",34.076981000000000,-117.57431100000000,Ioniq 6,2022,2025,with adapter
City of South Pasadena,34.116310000000000,-118.15215000000000,Ioniq 9,2026,,with adapter
"Las Vegas, NV - 3821 West Charleston Boulevard - Tesla Supercharger",36.158707000000000,-115.19099000000000,Ioniq 5 N,2026,2026,with adapter
Monterey Park,34.059530000000000,-118.12661000000000,Kona Electric,2019,2025,with adapter
"Las Vegas, NV - 3821 West Charleston Boulevard - Tesla Supercharger",36.158707000000000,-115.19099000000000,Ioniq 6,2022,2025,with adapter
WinCo Foods - Pomona #57,34.027210000000000,-117.76206000000000,Kona Electric,2019,2025,with adapter
"BOA Magnolia Park CA9-151 (Burbank, CA)",34.168130000000000,-118.34380000000000,Ioniq 5,2022,2024,with adapter
"South Pasadena, CA - Tesla Supercharger",34.112612000000000,-118.15064600000000,Ioniq 6,2026,,with adapter
"Los Angeles, CA - Industrial Street - Tesla Supercharger",34.035783000000000,-118.23835900000000,Ioniq 5 N,2025,2025,with adapter
"Walmart 4340 (Hesperia, CA)",34.424540000000000,-117.37148000000000,Ioniq 5,2025,2026,with adapter
DC CORRIDOR EDDIES Y DC3,34.907542000000000,-116.83604800000000,Ioniq 6,2022,2025,with adapter
CITY_OF_VERNON 3805 SOTO-1,34.007812000000000,-118.21992600000000,Ioniq 5,2025,2026,with adapter
"West Covina, CA - Tesla Supercharger",34.070645000000000,-117.88908200000000,Ioniq 6,2026,,with adapter
"Upland, CA - Arrow Rte - Tesla Supercharger",34.099154000000000,-117.70019200000000,Ioniq 5,2022,2024,with adapter
Bristol Farms,34.077342000000000,-118.38849900000000,Ioniq 5,2025,2026,with adapter
"Walmart 4356 (SW Las Vegas, NV)",36.064600000000000,-115.24718000000000,Ioniq 5 N,2025,2025,with adapter
Victoria Gardens,34.112867000000000,-117.53342300000000,Ioniq 5,2025,2026,with adapter
"Dunhill - Shoppes at Chino Hills (Chino Hills, CA)",34.000247300000000,-117.72841960000000,Ioniq 5,2022,2024,with adapter
CITY_OF_VERNON 1850 E25TH-8,34.014405000000000,-118.23806900000000,Ioniq 5,2025,2026,with adapter
"Costco Chino Hills (Chino Hills, CA)",34.015310000000000,-117.74286000000000,Ioniq 6,2026,,with adapter
"Pomona, CA - Rio Rancho Road - Tesla Supercharger",34.028502000000000,-117.76035400000000,Ioniq 5,2022,2024,with adapter
CITY_OF_VERNON 1850 E25TH-10,34.014380000000000,-118.23810800000000,Ioniq 5,2022,2024,with adapter
B&D PROP MGMT 2625 ST ROSE,36.014373000000000,-115.10303200000000,Ioniq 9,2026,,with adapter
WinCo Las Vegas #113,36.270447000000000,-115.20889200000000,Ioniq 5 N,2026,2026,with adapter
WinCo Las Vegas #113,36.270447000000000,-115.20889200000000,Kona Electric,2019,2025,with adapter
"Sam's Club 4974 (North Las Vegas, NV)",36.241090000000000,-115.11261000000000,Ioniq 5 N,2026,2026,with adapter
"Diamond Bar, CA - Golden Springs Drive - Tesla Supercharger",33.999023000000000,-117.84384400000000,Kona Electric,2019,2025,with adapter
"Westfield Century City (Los Angeles, CA)",34.057940000000000,-118.41993000000000,Kona Electric,2019,2025,with adapter
Sharp Capital,34.052690000000000,-118.26533000000000,Ioniq 6,2022,2025,with adapter
Caltrans - Valley Wells Rest Area - Southbound,35.435299000000000,-115.70199000000000,Ioniq 5 N,2025,2025,with adapter
Margarita Plaza,33.975304000000000,-118.23001900000000,Ioniq 5 N,2026,2026,with adapter
WinCo Las Vegas #113,36.270447000000000,-115.20889200000000,Ioniq 5,2022,2024,with adapter
H&S ENERGY H&S#20 CHEVRON,34.034767000000000,-118.09062900000000,Ioniq 5 N,2025,2025,with adapter
Plaza Continental - Tesla Supercharger,34.068715000000000,-117.57421800000000,Ioniq 5 N,2026,2026,with adapter
"La Verne, CA - Tesla Supercharger",34.121427000000000,-117.78710200000000,Ioniq 5 N,2025,2025,with adapter
5420 Sunset - Tesla Supercharger (5420 Sunset),34.096946130000000,-118.30766880000000,Kona Electric,2019,2025,with adapter
US Bank 3355 Glendale,34.119663300000000,-118.25953740000000,Ioniq 6,2026,,with adapter
City of Los Angeles Lot 670,34.102558000000000,-118.33434900000000,Ioniq 6,2026,,with adapter
Fairway Chevrolet,36.145332000000000,-115.10693200000000,Kona Electric,2019,2025,with adapter
BAKER TRAVEL PLAZA,35.276756900000000,-116.05701660000000,Ioniq 5 N,2025,2025,with adapter
660 Mateo Parking Lot,34.035930000000000,-118.23231000000000,Ioniq 6,2026,,with adapter
FH DELIVERY 121A4 FH SVC,34.133796000000000,-117.43710300000000,Ioniq 5 N,2025,2025,with adapter
L344 MB SECOND FLOOR,34.035947000000000,-118.27297300000000,Ioniq 5 N,2026,2026,with adapter
661 Imperial St,34.036128000000000,-118.23178400000000,Ioniq 5,2022,2024,with adapter
661 Imperial St,34.036128000000000,-118.23178400000000,Ioniq 5,2025,2026,with adapter
Hilton Los Angeles/San Gabriel,34.080799000000000,-118.10248700000000,Ioniq 5 N,2025,2025,with adapter
Chevrolet of Puente Hills,33.997758000000000,-117.92869900000000,Kona Electric,2019,2025,with adapter
Hilton Los Angeles/San Gabriel,34.080799000000000,-118.10248700000000,Kona Electric,2019,2025,with adapter
"BOA LA Chinatown CA9-167 (Los Angeles, CA)",34.063310000000000,-118.23718000000000,Ioniq 5 N,2026,2026,with adapter
"West Covina, CA - Tesla Supercharger",34.070645000000000,-117.88908200000000,Ioniq 5 N,2025,2025,with adapter
PH SUBARU PH SUBARU,33.996114000000000,-117.91713300000000,Ioniq 6,2022,2025,with adapter
"Henderson, NV - Paseo Verde Parkway - Tesla Supercharger",36.022121000000000,-115.08922800000000,Ioniq 6,2022,2025,with adapter
"Las Vegas, NV - South Decatur Boulevard - Tesla Supercharger",36.171532000000000,-115.20723300000000,Ioniq 6,2026,,with adapter
AMPM ARCO BEAR VALLEY 1,34.470115000000000,-117.31284400000000,Ioniq 5,2025,2026,with adapter
AMPM ARCO BEAR VALLEY 1,34.470115000000000,-117.31284400000000,Ioniq 6,2026,,with adapter
CITY_OF_VERNON 1850 E25TH-5,34.014458000000000,-118.23800600000000,Ioniq 5,2022,2024,with adapter
IN-N-OUT ATLANTIC 02,33.977739000000000,-118.18719800000000,Ioniq 5,2022,2024,with adapter
City of Los Angeles Lot 744,33.961488000000000,-118.29207000000000,Ioniq 5 N,2026,2026,with adapter
Maine Avenue Marketplace,34.090066000000000,-117.96083110000000,Ioniq 5,2025,2026,with adapter
Thailand Plaza,34.101990000000000,-118.30639000000000,Ioniq 6,2026,,with adapter
BMW of Monrovia,34.137556000000000,-117.98705400000000,Ioniq 9,2026,,with adapter
Honda DTLA,34.010828320642500,-118.28703020000000,Kona Electric,2019,2025,with adapter
"San Bernardino, CA - W Little League Dr - Tesla Supercharger",34.192431000000000,-117.36214700000000,Ioniq 5 N,2026,2026,with adapter
RANCHOCUCAMONGA DCFC CITY HALL,34.103720000000000,-117.57447700000000,Ioniq 9,2026,,with adapter
KMC Norfolk,34.062387000000000,-118.20418260000000,Ioniq 5,2022,2024,with adapter
CITY_OF_VERNON 3805 SOTO-7,34.007973000000000,-118.21989600000000,Ioniq 5,2025,2026,with adapter
"Rancho Cucamonga, CA – Foothill Boulevard - Tesla Supercharger",34.106565000000000,-117.52688900000000,Kona Electric,2019,2025,with adapter
Little Caesars Pizza- 10714 S Western Ave,33.938580000000000,-118.30886000000000,Ioniq 6,2026,,with adapter
CSULA Parking Structure E,34.070532000000000,-118.16780200000000,Ioniq 5,2025,2026,with adapter
"Target T2179 (Diamond Bar, CA)",34.004360000000000,-117.82223000000000,Ioniq 5,2022,2024,with adapter
"Las Vegas, NV - Cambridge St - Tesla Supercharger",36.128731000000000,-115.14374000000000,Ioniq 5 N,2026,2026,with adapter
"City of Industry, CA - Colima Road - Tesla Supercharger",33.990892000000000,-117.92528400000000,Ioniq 6,2022,2025,with adapter
"San Gabriel, CA - Tesla Supercharger",34.077496000000000,-118.10012800000000,Kona Electric,2019,2025,with adapter
Vons #2261 3rd St.,34.070012400000000,-118.29028300000000,Ioniq 6,2026,,with adapter
"Barstow, CA - 1503 East Main Street - Tesla Supercharger",34.893641000000000,-117.00244400000000,Ioniq 6,2022,2025,with adapter
Covina Hills Chevrolet,34.078031000000000,-117.89101400000000,Ioniq 5 N,2026,2026,with adapter
"Victorville, CA - Amargosa Road - Tesla Supercharger",34.463006000000000,-117.35421800000000,Ioniq 9,2026,,with adapter
"The Shops at Jurupa Valley (Jurupa Valley, CA)",34.011350000000000,-117.46173000000000,Ioniq 5 N,2026,2026,with adapter
JLRLV PUPLIC WEST DC,36.065812000000000,-115.23208400000000,Ioniq 5,2022,2024,with adapter
The Mall of Victor Valley,34.472906000000000,-117.35014200000000,Ioniq 5 N,2025,2025,with adapter
7Charge - Covina 22548,34.086890000000000,-117.92584000000000,Ioniq 6,2026,,with adapter
1310 W Baseline Rd,34.122101000000000,-117.39687900000000,Kona Electric,2019,2025,with adapter
BAKER TRAVEL PLAZA,35.276756900000000,-116.05701660000000,Ioniq 9,2026,,with adapter
Norfolk Upper Lot,34.060000000000000,-118.20000000000000,Ioniq 6,2022,2025,with adapter
IN-N-OUT ATLANTIC 01,33.977780000000000,-118.18719400000000,Ioniq 5 N,2025,2025,with adapter
JLR HENDERSON ABB 02,36.053704000000000,-115.02745100000000,Ioniq 5,2025,2026,with adapter
Chevrolet of Puente Hills,33.997758000000000,-117.92869900000000,Ioniq 6,2022,2025,with adapter
Chevrolet of Puente Hills,33.997758000000000,-117.92869900000000,Ioniq 5,2025,2026,with adapter
"South Pasadena, CA - Tesla Supercharger",34.112612000000000,-118.15064600000000,Ioniq 5 N,2026,2026,with adapter
Diamond Creek Village Shopping Center,33.998580000000000,-117.84349000000000,Ioniq 5 N,2026,2026,with adapter
515 Flower - Level A,34.051648300000000,-118.25688330000000,Ioniq 6,2022,2025,with adapter
"Shopcore One Colorado (Pasadena, CA)",34.146620000000000,-118.14963000000000,Ioniq 5,2025,2026,with adapter
"Ralphs 715 (Monterey Park, CA)",34.066010000000000,-118.13393000000000,Ioniq 5,2022,2024,with adapter
"Walmart 4356 (SW Las Vegas, NV)",36.064600000000000,-115.24718000000000,Kona Electric,2019,2025,with adapter
Maine Avenue Marketplace,34.090066000000000,-117.96083110000000,Kona Electric,2019,2025,with adapter
Honda DTLA,34.010828320642500,-118.28703020000000,Ioniq 9,2026,,with adapter
"BOA Crenshaw Imperial CA8-191 (Inglewood, CA)",33.929310000000000,-118.32674000000000,Ioniq 6,2022,2025,with adapter
CITY_OF_VERNON 1850 E25TH-7,34.014426000000000,-118.23804700000000,Kona Electric,2019,2025,with adapter
CITY_OF_VERNON 1850 E25TH-4,34.014472000000000,-118.23798500000000,Ioniq 9,2026,,with adapter
"Rancho Cucamonga, CA – Foothill Boulevard - Tesla Supercharger",34.106565000000000,-117.52688900000000,Ioniq 5,2022,2024,with adapter
Puente Hills Town Center,33.990370000000000,-117.92588000000000,Ioniq 5,2025,2026,with adapter
CITY_OF_VERNON 1850 E25TH-9,34.014385000000000,-118.23808800000000,Ioniq 9,2026,,with adapter
"BoA Gateway CA8-113 (Glendale, CA)",34.126080000000000,-118.25597000000000,Ioniq 5,2022,2024,with adapter
RC SPORTS EVHUB ADJ SWGR,34.102644000000000,-117.54410000000000,Ioniq 5,2025,2026,with adapter
Ford Country,36.048478000000000,-115.02823000000000,Ioniq 5 N,2026,2026,with adapter
Overland Structure 1st Floor,34.015755000000000,-118.40349300000000,Ioniq 9,2026,,with adapter
"Costco Chino Hills (Chino Hills, CA)",34.015310000000000,-117.74286000000000,Ioniq 5,2025,2026,with adapter
Diamond Hills Plaza,33.975996600000000,-117.83810960000000,Ioniq 6,2026,,with adapter
Sunny Plaza,34.080280000000000,-118.09299100000000,Ioniq 6,2026,,with adapter
DC OB DC 3,34.846389000000000,-117.08386400000000,Ioniq 6,2026,,with adapter
LOVE'S 374 - CA #374 DC1,34.856826000000000,-117.09190800000000,Kona Electric,2019,2025,with adapter
Cardenas Market Hesperia,34.423802000000000,-117.32503600000000,Ioniq 9,2026,,with adapter
5420 Sunset - Tesla Supercharger (5420 Sunset),34.096946130000000,-118.30766880000000,Ioniq 9,2026,,with adapter
LA County DHS 313 Fig,34.060148000000000,-118.25074700000000,Ioniq 5,2025,2026,with adapter
WLCAC,33.936653700000000,-118.25362400000000,Ioniq 5 N,2025,2025,with adapter
City of Los Angeles Lot 702,34.100570000000000,-118.32733900000000,Ioniq 9,2026,,with adapter
City of Los Angeles Lot 670,34.102558000000000,-118.33434900000000,Ioniq 6,2022,2025,with adapter
Venice Crossroads,34.027360000000000,-118.39233000000000,Ioniq 5 N,2025,2025,with adapter
SCAQMD Offices,34.001519000000000,-117.83051900000000,Ioniq 5 N,2026,2026,with adapter
BAKER TRAVEL PLAZA,35.276756900000000,-116.05701660000000,Ioniq 5 N,2026,2026,with adapter
IN-N-OUT ATLANTIC 04,33.977378000000000,-118.18745900000000,Ioniq 6,2026,,with adapter
WattEV - Vernon (Bandini Blvd),34.003200000000000,-118.18745000000000,Kona Electric,2019,2025,with adapter
CITY_OF_VERNON 3805 SOTO-2,34.007973000000000,-118.22009600000000,Ioniq 5 N,2026,2026,with adapter
76 Gas Station San Gabriel,34.103147800000000,-118.09930910000000,Ioniq 6,2026,,with adapter
Las Vegas NV - West Tropical Parkway - Tesla Supercharger,36.271567000000000,-115.26548900000000,Ioniq 6,2022,2025,with adapter
BWP EV CHARGE DCFC BWP LOT 2,34.178561000000000,-118.31623400000000,Ioniq 6,2022,2025,with adapter
"Las Vegas, NV - South Maryland Parkway - Tesla Supercharger",36.030077000000000,-115.13584300000000,Ioniq 5,2025,2026,with adapter
"Ultra Gas and Mart (Baker, CA)",35.262260000000000,-116.08110000000000,Ioniq 5,2025,2026,with adapter
Fontana Ignite Fueling,34.121007500000000,-117.45312410000000,Kona Electric,2019,2025,with adapter
LA County ISD Walt Disney Parking Garage P3,34.055505000000000,-118.24885200000000,Ioniq 6,2026,,with adapter
"Shopcore One Colorado (Pasadena, CA)",34.146620000000000,-118.14963000000000,Kona Electric,2019,2025,with adapter
"Las Vegas, NV - South Town Center Drive - Tesla Supercharger",36.145430000000000,-115.32712100000000,Ioniq 6,2026,,with adapter
IN-N-OUT ATLANTIC 02,33.977739000000000,-118.18719800000000,Ioniq 9,2026,,with adapter
AMPM ARCO BEAR VALLEY 1,34.470115000000000,-117.31284400000000,Ioniq 5 N,2026,2026,with adapter
LADWP - Crenshaw,34.012230000000000,-118.33432300000000,Ioniq 6,2022,2025,with adapter
LADWP - Crenshaw,34.012230000000000,-118.33432300000000,Ioniq 5,2025,2026,with adapter
"BoA Gateway CA8-113 (Glendale, CA)",34.126080000000000,-118.25597000000000,Ioniq 5 N,2025,2025,with adapter
SCPPA SCPPA CPE200T,34.118106000000000,-117.82245700000000,Ioniq 5,2025,2026,with adapter
"Las Vegas South Premium Outlets (Las Vegas, NV)",36.056570000000000,-115.16854000000000,Ioniq 5,2025,2026,with adapter
"BOA Crenshaw Imperial CA8-191 (Inglewood, CA)",33.929310000000000,-118.32674000000000,Ioniq 5 N,2025,2025,with adapter
FINDLAY AUTO ABB STATION1,36.143714000000000,-115.21425600000000,Ioniq 5 N,2025,2025,with adapter
"Walmart 3180 (South Gate, CA)",33.954180000000000,-118.18774000000000,Ioniq 5 N,2025,2025,with adapter
Amna,34.063190000000000,-118.23265000000000,Ioniq 5,2022,2024,with adapter
"Kroger Smiths 354 (Whitney, NV)",36.116670000000000,-115.09163000000000,Ioniq 5,2022,2024,with adapter
Hilton Plaza,34.080257000000000,-118.10265600000000,Ioniq 6,2022,2025,with adapter
LA Fitness Baldwin Park,34.069344000000000,-117.97454200000000,Ioniq 5 N,2026,2026,with adapter
"South Gate, CA - Tesla Supercharger",33.948775000000000,-118.16424000000000,Ioniq 9,2026,,with adapter
"Target T0767 (San Dimas, CA)",34.103250000000000,-117.82342000000000,Ioniq 5 N,2025,2025,with adapter
"Westfield Culver City (Culver City, CA)",33.986880000000000,-118.39429000000000,Ioniq 9,2026,,with adapter
KH Structure,34.062704800000000,-118.20349060000000,Ioniq 9,2026,,with adapter
Caltrans - Valley Wells Rest Area - Southbound,35.435299000000000,-115.70199000000000,Ioniq 9,2026,,with adapter
Margarita Plaza,33.975304000000000,-118.23001900000000,Ioniq 6,2022,2025,with adapter
Veteran's Memorial Park,34.012781000000000,-118.40304000000000,Ioniq 6,2026,,with adapter
"Pomona, CA - Tesla Supercharger",34.026968000000000,-117.76228800000000,Ioniq 5 N,2026,2026,with adapter
Margarita Plaza,33.975304000000000,-118.23001900000000,Kona Electric,2019,2025,with adapter
City of Los Angeles Lot 657,34.072877000000000,-118.21769000000000,Ioniq 5,2025,2026,with adapter
ONTARIO HYUNDAI VEHICLE DISPLY1,34.049976000000000,-117.54789800000000,Ioniq 9,2026,,with adapter
LOVE'S 374 - CA #374 DC1,34.856826000000000,-117.09190800000000,Ioniq 5,2025,2026,with adapter
LA County DHS 313 Fig,34.060148000000000,-118.25074700000000,Ioniq 5 N,2026,2026,with adapter
US Bank 3355 Glendale,34.119663300000000,-118.25953740000000,Kona Electric,2019,2025,with adapter
The Mall of Victor Valley,34.472906000000000,-117.35014200000000,Ioniq 5,2022,2024,with adapter
Cardenas Market Hesperia,34.423802000000000,-117.32503600000000,Ioniq 6,2022,2025,with adapter
"Target T1524 (Spring Valley, NV)",36.114810000000000,-115.31058000000000,Ioniq 5,2025,2026,with adapter
Cardenas Market Hesperia,34.423802000000000,-117.32503600000000,Ioniq 5,2025,2026,with adapter
8000 Sunset Blvd,34.097482500000000,-118.36446270000000,Ioniq 5 N,2025,2025,with adapter
1310 W Baseline Rd,34.122101000000000,-117.39687900000000,Ioniq 5 N,2025,2025,with adapter
City National Plaza,34.052093700000000,-118.25523390000000,Ioniq 5 N,2025,2025,with adapter
City National Plaza,34.052093700000000,-118.25523390000000,Ioniq 5 N,2026,2026,with adapter
660 Mateo Parking Lot,34.035930000000000,-118.23231000000000,Ioniq 5,2022,2024,with adapter
660 Mateo Parking Lot,34.035930000000000,-118.23231000000000,Ioniq 9,2026,,with adapter
DC CORRIDOR EDDIES Y DC2,34.907482000000000,-116.83597400000000,Ioniq 6,2022,2025,with adapter
"Ontario Mills (Ontario, CA)",34.074240000000000,-117.54753000000000,Ioniq 5,2022,2024,with adapter
Las Vegas,35.999436000000000,-115.17175500000000,Kona Electric,2019,2025,with adapter
DC CORRIDOR EDDIES Y DC3,34.907542000000000,-116.83604800000000,Ioniq 9,2026,,with adapter
GM Oil Site 76 Chevron San Bernardino,34.165633510226000,-117.33232266743800,Kona Electric,2019,2025,with adapter
"BOA LA Chinatown CA9-167 (Los Angeles, CA)",34.063310000000000,-118.23718000000000,Ioniq 9,2026,,with adapter
GF4EVA VVILLE M6 DC2,34.556316000000000,-117.28995600000000,Ioniq 5,2022,2024,with adapter
IN-N-OUT ATLANTIC 02,33.977739000000000,-118.18719800000000,Ioniq 5 N,2026,2026,with adapter
"Ralphs 060 (Glendale, CA)",34.142440000000000,-118.23379000000000,Ioniq 6,2026,,with adapter
"Pavilions 2229 (Los Angeles, CA)",34.083640000000000,-118.32747000000000,Ioniq 6,2026,,with adapter
CITY_OF_VERNON 1850 E25TH-6,34.014444000000000,-118.23802600000000,Ioniq 5 N,2025,2025,with adapter
DCF - JV DCF POMONA1,34.029579000000000,-117.75899900000000,Ioniq 6,2026,,with adapter
"Inglewood, CA - West Imperial Highway - Tesla Supercharger",33.930757000000000,-118.32770400000000,Ioniq 6,2022,2025,with adapter
"Target T2179 (Diamond Bar, CA)",34.004360000000000,-117.82223000000000,Kona Electric,2019,2025,with adapter
Madison Parking Lot,34.015769507079150,-118.40447340393226,Ioniq 6,2026,,with adapter
CITY_OF_VERNON 1850 E25TH-10,34.014380000000000,-118.23810800000000,Kona Electric,2019,2025,with adapter
Las Vegas - South Nellis Boulevard - Tesla Supercharger,36.144821000000000,-115.06351000000000,Kona Electric,2019,2025,with adapter
Park Towers at Hughes Center,36.115304500000000,-115.15677400000000,Ioniq 9,2026,,with adapter
Onyx Towers,34.062740000000000,-118.36189000000000,Ioniq 5,2022,2024,with adapter
KH Structure,34.062704800000000,-118.20349060000000,Ioniq 5,2025,2026,with adapter
"Las Vegas, NV - South Fort Apache Road - Tesla Supercharger",36.093958000000000,-115.29710800000000,Ioniq 5,2025,2026,with adapter
City of Los Angeles Lot 657,34.072877000000000,-118.21769000000000,Ioniq 5 N,2026,2026,with adapter
"Victorville, CA - Amargosa Road - Tesla Supercharger",34.463006000000000,-117.35421800000000,Ioniq 5 N,2025,2025,with adapter
"Baker, CA - Mojave Pointe Rd - Tesla Supercharger",35.268984000000000,-116.06668900000000,Ioniq 9,2026,,with adapter
"Los Angeles, CA - Venice Boulevard - Tesla Supercharger",34.027975000000000,-118.39414400000000,Ioniq 6,2026,,with adapter
The Mall of Victor Valley,34.472906000000000,-117.35014200000000,Ioniq 6,2022,2025,with adapter
"Las Vegas, NV - Arroyo Crossing Parkway - Tesla Supercharger",36.062251000000000,-115.25172100000000,Ioniq 5 N,2025,2025,with adapter
"Barstow, CA - Tanger Way - Tesla Supercharger",34.844499000000000,-117.08577100000000,Ioniq 5 N,2026,2026,with adapter
"Las Vegas, NV - West Craig Road - Tesla Supercharger",36.239055000000000,-115.24980200000000,Ioniq 9,2026,,with adapter
Venice Crossroads,34.027360000000000,-118.39233000000000,Ioniq 9,2026,,with adapter
"West Covina, CA - 1414 S Azusa Ave - Tesla Supercharger",34.047677000000000,-117.90707500000000,Ioniq 9,2026,,with adapter
DC CORRIDOR EDDIES Y DC1,34.907504000000000,-116.83600100000000,Ioniq 5,2025,2026,with adapter
Venice Crossroads,34.027360000000000,-118.39233000000000,Ioniq 6,2026,,with adapter
Emser International,34.063430000000000,-118.36870000000000,Ioniq 6,2026,,with adapter
99 Ranch Chino Hills,34.010479900000000,-117.74055430000000,Ioniq 6,2026,,with adapter
Sunset Studios,34.097298464012000,-118.31692890366400,Ioniq 6,2026,,with adapter
Rialto Village,34.073740000000000,-117.37058000000000,Ioniq 5,2025,2026,with adapter
Chevrolet of Puente Hills,33.997758000000000,-117.92869900000000,Ioniq 9,2026,,with adapter
"Jurupa Valley, CA - Tesla Supercharger",34.012541000000000,-117.46064800000000,Kona Electric,2019,2025,with adapter
"South Pasadena, CA - Tesla Supercharger",34.112612000000000,-118.15064600000000,Ioniq 9,2026,,with adapter
"Los Angeles, CA - Industrial Street - Tesla Supercharger",34.035783000000000,-118.23835900000000,Kona Electric,2019,2025,with adapter
LA County ISD Walt Disney Parking Garage P3,34.055505000000000,-118.24885200000000,Ioniq 5 N,2026,2026,with adapter
Fountainebleau,36.138658700000000,-115.16036550000000,Ioniq 6,2026,,with adapter
City of Pasadena - Del Mar Station,34.142000000000000,-118.14862600000000,Ioniq 6,2022,2025,with adapter
Central & Walnut - Tesla Supercharger,34.026990000000000,-117.68730100000000,Ioniq 5,2025,2026,with adapter
CITY_OF_VERNON 3805 SOTO-1,34.007812000000000,-118.21992600000000,Ioniq 5,2022,2024,with adapter
"Alhambra, CA - West Valley Boulevard - Tesla Supercharger",34.077346000000000,-118.13855400000000,Ioniq 5 N,2026,2026,with adapter
"Henderson, NV - Paseo Verde Parkway - Tesla Supercharger",36.022121000000000,-115.08922800000000,Ioniq 5 N,2025,2025,with adapter
"Las Vegas, NV - South Decatur Boulevard - Tesla Supercharger",36.171532000000000,-115.20723300000000,Ioniq 5 N,2026,2026,with adapter
"Walmart 4356 (SW Las Vegas, NV)",36.064600000000000,-115.24718000000000,Ioniq 6,2022,2025,with adapter
JLR HENDERSON ABB 01,36.053452000000000,-115.02825800000000,Ioniq 5 N,2026,2026,with adapter
"Walmart 4356 (SW Las Vegas, NV)",36.064600000000000,-115.24718000000000,Ioniq 9,2026,,with adapter
Puente Hills Town Center,33.990370000000000,-117.92588000000000,Ioniq 5 N,2025,2025,with adapter
"Rancho Cucamonga, CA – Foothill Boulevard - Tesla Supercharger",34.106565000000000,-117.52688900000000,Ioniq 6,2026,,with adapter
CITY_OF_VERNON 1850 E25TH-8,34.014405000000000,-118.23806900000000,Ioniq 5 N,2025,2025,with adapter
City of Pasadena - Robinson Park,34.164516574203800,-118.15178871863500,Ioniq 5,2022,2024,with adapter
Covina Hills Chevrolet,34.078031000000000,-117.89101400000000,Kona Electric,2019,2025,with adapter
Metro Nissan of Montclair,34.082222000000000,-117.69490300000000,Ioniq 9,2026,,with adapter
Hilton Plaza,34.080257000000000,-118.10265600000000,Ioniq 5,2025,2026,with adapter
1135 W Renaissance Parkway,34.132132000000000,-117.39271700000000,Ioniq 5,2022,2024,with adapter
CSULA Parking Structure B,34.065661000000000,-118.17018900000000,Ioniq 5,2022,2024,with adapter
DC OB DC 3,34.846389000000000,-117.08386400000000,Ioniq 9,2026,,with adapter
"North Las Vegas, NV - East Lake Mead South Boulevard - Tesla Supercharger",36.195978000000000,-115.13200700000000,Ioniq 9,2026,,with adapter
Caltrans - Valley Wells Rest Area - Southbound,35.435299000000000,-115.70199000000000,Ioniq 5,2025,2026,with adapter
Caltrans - Valley Wells Rest Area - Southbound,35.435299000000000,-115.70199000000000,Ioniq 5 N,2026,2026,with adapter
"Barstow, CA - 1503 East Main Street - Tesla Supercharger",34.893641000000000,-117.00244400000000,Kona Electric,2019,2025,with adapter
Chase Bank - 925 N Hacienda Blvd,34.036106000000000,-117.95038500000000,Ioniq 9,2026,,with adapter
"Montebello, CA - N Wilcox Ave - Tesla Supercharger",34.031001000000000,-118.12593500000000,Ioniq 6,2022,2025,with adapter
Ontario Mills - Skechers,34.071281000000000,-117.54922700000000,Ioniq 5 N,2025,2025,with adapter
G&M OIL G&M #111,34.018667000000000,-118.35496100000000,Ioniq 5,2022,2024,with adapter
JLRLV PUPLIC WEST DC,36.065812000000000,-115.23208400000000,Ioniq 6,2026,,with adapter
"Las Vegas, NV - Arroyo Crossing Parkway - Tesla Supercharger",36.062251000000000,-115.25172100000000,Kona Electric,2019,2025,with adapter
"Barstow, CA",34.851349000000000,-117.08257800000000,Ioniq 5 N,2026,2026,with adapter
Mountain Vista Plaza,34.137466600000000,-117.98216400000000,Ioniq 5,2025,2026,with adapter
WattEV - Vernon (Bandini Blvd),34.003200000000000,-118.18745000000000,Ioniq 5 N,2025,2025,with adapter
"Commerce, CA - E Telegraph Rd - Tesla Supercharger",33.998388000000000,-118.14614700000000,Ioniq 6,2022,2025,with adapter
DC CORRIDOR EDDIES Y DC2,34.907482000000000,-116.83597400000000,Ioniq 5 N,2025,2025,with adapter
City of Pasadena - Marengo Garage,34.144703000000000,-118.14695700000000,Kona Electric,2019,2025,with adapter
"BOA LA Chinatown CA9-167 (Los Angeles, CA)",34.063310000000000,-118.23718000000000,Ioniq 5 N,2025,2025,with adapter
PowerStation - Rasor Rd,35.134718200000000,-116.21681310000000,Ioniq 6,2026,,with adapter
DC CORRIDOR EDDIES Y DC3,34.907542000000000,-116.83604800000000,Ioniq 5 N,2025,2025,with adapter
Central & Walnut - Tesla Supercharger,34.026990000000000,-117.68730100000000,Ioniq 5 N,2025,2025,with adapter
Team Ford,36.259310000000000,-115.24797700000000,Ioniq 6,2022,2025,with adapter
"Las Vegas, NV - East Twain Avenue - Tesla Supercharger",36.121869000000000,-115.14503000000000,Ioniq 6,2022,2025,with adapter
Thailand Plaza,34.101990000000000,-118.30639000000000,Ioniq 5,2022,2024,with adapter
GM Oil Site 111 FoodMart Los Angeles,34.018660888026000,-118.35493777871600,Kona Electric,2019,2025,with adapter
"Dunhill - Shoppes at Chino Hills (Chino Hills, CA)",34.000247300000000,-117.72841960000000,Ioniq 5,2025,2026,with adapter
San Dimas Plaza Shopping Center,34.107530000000000,-117.82649000000000,Ioniq 5 N,2025,2025,with adapter
CITY_OF_VERNON 1850 E25TH-6,34.014444000000000,-118.23802600000000,Kona Electric,2019,2025,with adapter
Barstow - Coral Charge,34.891277870000000,-117.00371410000000,Ioniq 6,2022,2025,with adapter
76 San Gabriel,34.103300000000000,-118.09950000000000,Ioniq 6,2022,2025,with adapter
Solair Wilshire,34.061876900000000,-118.30862790000000,Ioniq 5 N,2025,2025,with adapter
Little Caesars Pizza- 10714 S Western Ave,33.938580000000000,-118.30886000000000,Ioniq 5 N,2026,2026,with adapter
"Target T2179 (Diamond Bar, CA)",34.004360000000000,-117.82223000000000,Ioniq 5 N,2026,2026,with adapter
1135 W Renaissance Parkway,34.132132000000000,-117.39271700000000,Ioniq 6,2022,2025,with adapter
IN-N-OUT ATLANTIC 05,33.977354000000000,-118.18756900000000,Ioniq 5 N,2025,2025,with adapter
"Forum Shops at Caesars Palace (Las Vegas, NV)",36.119740000000000,-115.17691000000000,Ioniq 5 N,2025,2025,with adapter
Barstow - Coral Charge,34.891277870000000,-117.00371410000000,Ioniq 5,2022,2024,with adapter
Amna,34.063190000000000,-118.23265000000000,Ioniq 9,2026,,with adapter
CITY_OF_VERNON 1850 E25TH-3,34.014481000000000,-118.23795800000000,Ioniq 5,2022,2024,with adapter
"Pasadena, CA - E Glenarm St - Tesla Supercharger",34.127184000000000,-118.14776100000000,Ioniq 5,2025,2026,with adapter
"Alhambra, CA - Tesla Supercharger",34.087063000000000,-118.15119600000000,Ioniq 5 N,2026,2026,with adapter
Margarita Plaza,33.975304000000000,-118.23001900000000,Ioniq 5,2025,2026,with adapter
"Baker, CA - Mojave Pointe Rd - Tesla Supercharger",35.268984000000000,-116.06668900000000,Ioniq 5 N,2026,2026,with adapter
GF4EVA VVILLE M6 DC1,34.556277000000000,-117.28995100000000,Ioniq 6,2026,,with adapter
"Baker, CA - Mojave Pointe Rd - Tesla Supercharger",35.268984000000000,-116.06668900000000,Ioniq 5,2022,2024,with adapter
City of Los Angeles Lot 628,34.074273000000000,-118.21532100000000,Ioniq 6,2022,2025,with adapter
Cardenas Market Hesperia,34.423802000000000,-117.32503600000000,Ioniq 5,2022,2024,with adapter
Barlow Respiratory Hospital,34.074594000000000,-118.24769900000000,Ioniq 5,2025,2026,with adapter
H&S ENERGY H&S#23 CHEVRON,34.046069000000000,-117.80259600000000,Ioniq 5,2025,2026,with adapter
"Ontario, CA - N Haven Ave - Tesla Supercharger",34.076981000000000,-117.57431100000000,Ioniq 5 N,2025,2025,with adapter
Culver - Motor Structure 1st Floor,34.015769507079150,-118.40445194626264,Kona Electric,2019,2025,with adapter
BWP EV CHARGE DCFC BWP LOT 2,34.178561000000000,-118.31623400000000,Ioniq 5,2025,2026,with adapter
"North Las Vegas, NV - Tesla Supercharger",36.239084000000000,-115.11611700000000,Ioniq 5 N,2025,2025,with adapter
DC CORRIDOR EDDIES Y DC2,34.907482000000000,-116.83597400000000,Ioniq 5,2025,2026,with adapter
FH DELIVERY 12339 FH SVC,34.134053000000000,-117.43728000000000,Kona Electric,2019,2025,with adapter
"Montebello Plaza (Montebello , CA)",34.031070000000000,-118.12404000000000,Kona Electric,2019,2025,with adapter
"West Covina, CA - Tesla Supercharger",34.070645000000000,-117.88908200000000,Kona Electric,2019,2025,with adapter
JLR HENDERSON ABB 01,36.053452000000000,-115.02825800000000,Ioniq 9,2026,,with adapter
Solair Wilshire,34.061876900000000,-118.30862790000000,Ioniq 5 N,2026,2026,with adapter
City of Pasadena - Shopper's Lane,34.138606025541100,-118.13112326151200,Ioniq 5 N,2026,2026,with adapter
BMW of Monrovia,34.137556000000000,-117.98705400000000,Kona Electric,2019,2025,with adapter
"Pomona, CA - Rio Rancho Road - Tesla Supercharger",34.028502000000000,-117.76035400000000,Ioniq 5 N,2025,2025,with adapter
820 Mound Ave,34.116707000000000,-118.15159800000000,Ioniq 5,2025,2026,with adapter
820 Mound Ave,34.116707000000000,-118.15159800000000,Ioniq 9,2026,,with adapter
"Target T0767 (San Dimas, CA)",34.103250000000000,-117.82342000000000,Kona Electric,2019,2025,with adapter
Sheraton Universal Hotel DC,34.137527400000000,-118.36003140000000,Ioniq 5 N,2026,2026,with adapter
FINDLAY AUTO ABB STATION2,36.143749000000000,-115.21425500000000,Ioniq 5 N,2026,2026,with adapter
"Walmart 3180 (South Gate, CA)",33.954180000000000,-118.18774000000000,Ioniq 5 N,2026,2026,with adapter
B&D PROP MGMT 2625 ST ROSE,36.014373000000000,-115.10303200000000,Ioniq 5,2025,2026,with adapter
1135 W Renaissance Parkway,34.132132000000000,-117.39271700000000,Ioniq 9,2026,,with adapter
"Pasadena, CA - E Glenarm St - Tesla Supercharger",34.127184000000000,-118.14776100000000,Ioniq 5,2022,2024,with adapter
"Alhambra, CA - Tesla Supercharger",34.087063000000000,-118.15119600000000,Ioniq 5,2025,2026,with adapter
"Alhambra, CA - Tesla Supercharger",34.087063000000000,-118.15119600000000,Ioniq 6,2026,,with adapter
"Pomona, CA - Tesla Supercharger",34.026968000000000,-117.76228800000000,Ioniq 5 N,2025,2025,with adapter
LOVE'S 374 - CA #374 DC2,34.856808000000000,-117.09186500000000,Ioniq 5,2022,2024,with adapter
G&M OIL G&M #76,34.165551000000000,-117.33235100000000,Ioniq 5,2025,2026,with adapter
BWP EV CHARGE DCFC BWP LOT 1,34.178578000000000,-118.31621300000000,Ioniq 6,2026,,with adapter
GF4EVA VVILLE M6 DC1,34.556277000000000,-117.28995100000000,Ioniq 5,2022,2024,with adapter
Barlow Respiratory Hospital,34.074594000000000,-118.24769900000000,Ioniq 5,2022,2024,with adapter
Cadillac of Las Vegas,36.143709000000000,-115.21176200000000,Ioniq 5 N,2025,2025,native only
"Walmart 4356 (SW Las Vegas, NV)",36.064600000000000,-115.24718000000000,Ioniq 5,2022,2024,native only
Puente Hills Nissan,33.998192000000000,-117.92814600000000,Kona Electric,2019,2025,native only
Sunset Studios,34.097298464012000,-118.31692890366400,Ioniq 5,2022,2024,native only
DC CORRIDOR EDDIES Y DC1,34.907504000000000,-116.83600100000000,Ioniq 5 N,2025,2025,native only
CITY_OF_VERNON 1850 E25TH-2,34.014493000000000,-118.23793900000000,Ioniq 5 N,2025,2025,native only
IN-N-OUT ATLANTIC 04,33.977378000000000,-118.18745900000000,Ioniq 5 N,2025,2025,native only
City of Los Angeles Lot 702,34.100570000000000,-118.32733900000000,Ioniq 5 N,2025,2025,native only
"West Covina, CA - 1414 S Azusa Ave - Tesla Supercharger",34.047677000000000,-117.90707500000000,Ioniq 5 N,2026,2026,native only
L446 1,36.273183000000000,-115.26523900000000,Ioniq 6,2022,2025,native only
"Pavilions 2229 (Los Angeles, CA)",34.083640000000000,-118.32747000000000,Ioniq 5,2022,2024,native only
SCPPA SCPPA CPE200T,34.118106000000000,-117.82245700000000,Ioniq 5,2022,2024,native only
820 Mound Ave,34.116707000000000,-118.15159800000000,Ioniq 5 N,2025,2025,native only
1135 W Renaissance Parkway,34.132132000000000,-117.39271700000000,Kona Electric,2019,2025,native only
Inglewood City Hall,33.962406000000000,-118.35363500000000,Ioniq 6,2022,2025,native only
"Rancho Cucamonga, CA – Foothill Boulevard - Tesla Supercharger",34.106565000000000,-117.52688900000000,Ioniq 5,2025,2026,native only
820 Mound Ave,34.116707000000000,-118.15159800000000,Ioniq 6,2022,2025,native only
"Sam's Club 4974 (North Las Vegas, NV)",36.241090000000000,-115.11261000000000,Ioniq 5,2022,2024,native only
Trader Joe's,34.024883000000000,-118.39244800000000,Kona Electric,2019,2025,native only
B&D PROP MGMT 2625 ST ROSE,36.014373000000000,-115.10303200000000,Kona Electric,2019,2025,native only
7-ELEVEN 20101 POMNA DC1,34.067274000000000,-117.71905700000000,Ioniq 6,2026,,native only
"Target T1524 (Spring Valley, NV)",36.114810000000000,-115.31058000000000,Ioniq 5 N,2025,2025,native only
Las Vegas NV - West Tropical Parkway - Tesla Supercharger,36.271567000000000,-115.26548900000000,Ioniq 6,2026,,native only
"Jurupa Valley, CA - Tesla Supercharger",34.012541000000000,-117.46064800000000,Ioniq 5,2025,2026,native only
"Baldwin Park, CA - Tesla Supercharger",34.079207000000000,-117.98884000000000,Ioniq 5 N,2026,2026,native only
GM Oil Site 76 Chevron San Bernardino,34.165633510226000,-117.33232266743800,Ioniq 5 N,2025,2025,native only
CITY_OF_VERNON 3805 SOTO-10,34.008061000000000,-118.22000100000000,Ioniq 5,2022,2024,native only
"Henderson, NV - Paseo Verde Parkway - Tesla Supercharger",36.022121000000000,-115.08922800000000,Ioniq 6,2026,,native only
FH DELIVERY 121A4 FH SVC,34.133796000000000,-117.43710300000000,Ioniq 6,2022,2025,native only
76 Gas Station San Gabriel,34.103147800000000,-118.09930910000000,Ioniq 6,2022,2025,native only
CITY_OF_VERNON 3805 SOTO-9,34.008059000000000,-118.21997600000000,Ioniq 5,2022,2024,native only
"Las Vegas, NV - West Craig Road - Tesla Supercharger",36.239055000000000,-115.24980200000000,Ioniq 5,2025,2026,native only
City of Los Angeles Lot 670,34.102558000000000,-118.33434900000000,Kona Electric,2019,2025,native only
IN-N-OUT ATLANTIC 04,33.977378000000000,-118.18745900000000,Ioniq 6,2022,2025,native only
Claremont Star,34.107625900000000,-117.72058890000000,Ioniq 6,2022,2025,native only
Downey Nissan,33.947674638000000,-118.15152577300000,Ioniq 5,2022,2024,native only
Sheraton Universal Hotel DC,34.137527400000000,-118.36003140000000,Kona Electric,2019,2025,native only
CITY_OF_VERNON 1850 E25TH-3,34.014481000000000,-118.23795800000000,Kona Electric,2019,2025,native only
FINDLAY AUTO ABB STATION1,36.143714000000000,-115.21425600000000,Kona Electric,2019,2025,native only
GM Oil Site 111 FoodMart Los Angeles,34.018660888026000,-118.35493777871600,Ioniq 6,2022,2025,native only
"BOA Crenshaw Imperial CA8-191 (Inglewood, CA)",33.929310000000000,-118.32674000000000,Kona Electric,2019,2025,native only
DC OB DC 3,34.846389000000000,-117.08386400000000,Kona Electric,2019,2025,native only
7-ELEVEN 20101 POMNA DC1,34.067274000000000,-117.71905700000000,Kona Electric,2019,2025,native only
City of Los Angeles Lot 628,34.074273000000000,-118.21532100000000,Kona Electric,2019,2025,native only
WLCAC,33.936653700000000,-118.25362400000000,Ioniq 5,2025,2026,native only
City of Pasadena - Marengo Garage,34.144703000000000,-118.14695700000000,Ioniq 5 N,2025,2025,native only
City of Pasadena - Marengo Garage,34.144703000000000,-118.14695700000000,Ioniq 6,2022,2025,native only
"Los Angeles, CA - Industrial Street - Tesla Supercharger",34.035783000000000,-118.23835900000000,Ioniq 6,2026,,native only
City of Pasadena - Arroyo Parkway,34.127455808632000,-118.14781708221200,Ioniq 5,2022,2024,native only
DC CORRIDOR EDDIES Y DC2,34.907482000000000,-116.83597400000000,Kona Electric,2019,2025,native only
"Upland, CA - Arrow Rte - Tesla Supercharger",34.099154000000000,-117.70019200000000,Ioniq 6,2026,,native only
7Charge - Covina 22548,34.086890000000000,-117.92584000000000,Ioniq 9,2026,,native only
Venice Crossroads,34.027360000000000,-118.39233000000000,Kona Electric,2019,2025,native only
Mountain Vista Plaza,34.137466600000000,-117.98216400000000,Ioniq 5,2022,2024,native only
CITY_OF_VERNON 1850 E25TH-4,34.014472000000000,-118.23798500000000,Ioniq 5 N,2025,2025,native only
CITY_OF_VERNON 3805 SOTO-7,34.007973000000000,-118.21989600000000,Ioniq 5 N,2026,2026,native only
City of Pasadena - Robinson Park,34.164516574203800,-118.15178871863500,Ioniq 5 N,2025,2025,native only
Diamond Hills Plaza,33.975996600000000,-117.83810960000000,Ioniq 6,2022,2025,native only
"Las Vegas, NV - South Fort Apache Road - Tesla Supercharger",36.093958000000000,-115.29710800000000,Ioniq 6,2026,,native only
"Rancho Cucamonga, CA – Foothill Boulevard - Tesla Supercharger",34.106565000000000,-117.52688900000000,Ioniq 5 N,2026,2026,native only
Solair Wilshire,34.061876900000000,-118.30862790000000,Kona Electric,2019,2025,native only
Vons #2261 3rd St.,34.070012400000000,-118.29028300000000,Ioniq 6,2022,2025,native only
California Institute of Technology - California Parking Structure,34.134066000000000,-118.12636300000000,Ioniq 9,2026,,native only
CITY_OF_VERNON 1850 E25TH-8,34.014405000000000,-118.23806900000000,Kona Electric,2019,2025,native only
1820 Industrial,34.035224000000000,-118.23392000000000,Ioniq 5,2022,2024,native only
B&D PROP MGMT 2645 ST ROSE,36.014271000000000,-115.10318500000000,Ioniq 5,2022,2024,native only
"The Shops at Jurupa Valley (Jurupa Valley, CA)",34.011350000000000,-117.46173000000000,Ioniq 6,2022,2025,native only
CITY_OF_VERNON 1850 E25TH-1,34.014503000000000,-118.23790700000000,Ioniq 5 N,2025,2025,native only
Cardenas Market Hesperia,34.423802000000000,-117.32503600000000,Ioniq 5 N,2025,2025,native only
"La Verne, CA - Tesla Supercharger",34.121427000000000,-117.78710200000000,Ioniq 9,2026,,native only
Rialto Village,34.073740000000000,-117.37058000000000,Ioniq 6,2022,2025,native only
"North Las Vegas, NV - Tesla Supercharger",36.239084000000000,-115.11611700000000,Ioniq 6,2026,,native only
"Ultra Gas and Mart (Baker, CA)",35.262260000000000,-116.08110000000000,Kona Electric,2019,2025,native only
Jordan Downs,33.946716000000000,-118.22994000000000,Kona Electric,2019,2025,native only
North Las Vegas Rechargery Relay - W Centennial Pkwy,36.276117000000000,-115.17951200000000,Ioniq 5 N,2025,2025,native only
"Walmart 4340 (Hesperia, CA)",34.424540000000000,-117.37148000000000,Kona Electric,2019,2025,native only
Central & Walnut - Tesla Supercharger,34.026990000000000,-117.68730100000000,Ioniq 5,2022,2024,native only
City of Los Angeles Lot 744,33.961488000000000,-118.29207000000000,Ioniq 5,2025,2026,native only
CITY_OF_VERNON 3805 SOTO-4,34.007896000000000,-118.21989600000000,Ioniq 6,2026,,native only
MIDTOWN LA MIDTOWN DC,34.047397000000000,-118.33611300000000,Ioniq 5 N,2025,2025,native only
US Bank Jurupa Valley,34.012078600000000,-117.48206780000000,Ioniq 6,2022,2025,native only
Caltrans - Clyde V. Kane Rest Area - Northbound,35.031900000000000,-116.46912800000000,Ioniq 5,2022,2024,native only
Resort World Las Vegas,36.135200000000000,-115.16760000000000,Ioniq 5,2022,2024,native only
L446 1,36.273183000000000,-115.26523900000000,Ioniq 5 N,2025,2025,native only
Site 2,36.283102000000000,-115.02908300000000,Kona Electric,2019,2025,native only
"Hesperia, CA - Main Street - Tesla Supercharger",34.426362000000000,-117.35465000000000,Ioniq 5 N,2026,2026,native only
"Pomona, CA - Rio Rancho Road - Tesla Supercharger",34.028502000000000,-117.76035400000000,Ioniq 5 N,2026,2026,native only
City of Los Angeles Lot 619,34.097765000000000,-118.35316900000000,Ioniq 5,2025,2026,native only
Park Towers at Hughes Center,36.115304500000000,-115.15677400000000,Ioniq 5,2022,2024,native only
Amna,34.063190000000000,-118.23265000000000,Ioniq 6,2022,2025,native only
"Sam's Club 4974 (North Las Vegas, NV)",36.241090000000000,-115.11261000000000,Ioniq 6,2022,2025,native only
California Institute of Technology - California Parking Structure,34.134066000000000,-118.12636300000000,Ioniq 5,2022,2024,native only
Covina Hills Chevrolet,34.078031000000000,-117.89101400000000,Ioniq 5 N,2025,2025,native only
"West Covina, CA - E Eastland Center Drive - Tesla Supercharger",34.073884000000000,-117.88975400000000,Ioniq 9,2026,,native only
G&M OIL CHEVRON #27,34.470993000000000,-117.35262000000000,Ioniq 5,2022,2024,native only
"Commerce, CA - E Telegraph Rd - Tesla Supercharger",33.998388000000000,-118.14614700000000,Ioniq 5 N,2026,2026,native only
PowerStation - Rasor Rd,35.134718200000000,-116.21681310000000,Kona Electric,2019,2025,native only
JLR HENDERSON ABB 02,36.053704000000000,-115.02745100000000,Kona Electric,2019,2025,native only
IN-N-OUT ATLANTIC 01,33.977780000000000,-118.18719400000000,Ioniq 5,2022,2024,native only
"Las Vegas, NV",36.066487600000000,-115.17950700000000,Ioniq 5,2025,2026,native only
CITY_OF_VERNON 3805 SOTO-9,34.008059000000000,-118.21997600000000,Ioniq 5,2025,2026,native only
Caltrans - Clyde V. Kane Rest Area - Northbound,35.031900000000000,-116.46912800000000,Ioniq 5 N,2025,2025,native only
"Pavilions 2229 (Los Angeles, CA)",34.083640000000000,-118.32747000000000,Kona Electric,2019,2025,native only
Site 2,36.283102000000000,-115.02908300000000,Ioniq 5 N,2025,2025,native only
Site 2,36.283102000000000,-115.02908300000000,Ioniq 6,2022,2025,native only
BMW of Monrovia,34.137556000000000,-117.98705400000000,Ioniq 6,2022,2025,native only
"Hesperia, CA - Main Street - Tesla Supercharger",34.426362000000000,-117.35465000000000,Ioniq 6,2026,,native only
76 San Gabriel,34.103300000000000,-118.09950000000000,Ioniq 5 N,2025,2025,native only
IN-N-OUT ATLANTIC 05,33.977354000000000,-118.18756900000000,Ioniq 5 N,2026,2026,native only
Madison Parking Lot,34.015769507079150,-118.40447340393226,Kona Electric,2019,2025,native only
"North Las Vegas, NV - East Lake Mead South Boulevard - Tesla Supercharger",36.195978000000000,-115.13200700000000,Ioniq 5,2025,2026,native only
City of Los Angeles Lot 657,34.072877000000000,-118.21769000000000,Ioniq 5,2022,2024,native only
Plaza Continental - Tesla Supercharger,34.068715000000000,-117.57421800000000,Ioniq 9,2026,,native only
"The Shops at Jurupa Valley (Jurupa Valley, CA)",34.011350000000000,-117.46173000000000,Ioniq 5,2022,2024,native only
Cardenas Market Hesperia,34.423802000000000,-117.32503600000000,Kona Electric,2019,2025,native only
Winterwood Pavilion,36.146180000000000,-115.06522000000000,Ioniq 6,2026,,native only
"West Covina, CA - Tesla Supercharger",34.070645000000000,-117.88908200000000,Ioniq 5 N,2026,2026,native only
CITY_OF_VERNON 3805 SOTO-1,34.007812000000000,-118.21992600000000,Ioniq 5 N,2026,2026,native only
CITY_OF_VERNON 3805 SOTO-4,34.007896000000000,-118.21989600000000,Ioniq 5,2025,2026,native only
City of South Pasadena,34.116310000000000,-118.15215000000000,Ioniq 6,2022,2025,native only
"Las Vegas, NV - East Sahara Avenue - Tesla Supercharger",36.145396000000000,-115.10297800000000,Ioniq 6,2026,,native only
Downey Nissan,33.947674638000000,-118.15152577300000,Ioniq 5 N,2025,2025,native only
"San Bernardino, CA - W Little League Dr - Tesla Supercharger",34.192431000000000,-117.36214700000000,Ioniq 9,2026,,native only
Ontario Mills - Skechers,34.071281000000000,-117.54922700000000,Ioniq 5,2022,2024,native only
CITY_OF_VERNON 1850 E25TH-9,34.014385000000000,-118.23808800000000,Ioniq 5,2025,2026,native only
"Inglewood, CA - West Imperial Highway - Tesla Supercharger",33.930757000000000,-118.32770400000000,Ioniq 5,2025,2026,native only
City of Los Angeles Lot 619,34.097765000000000,-118.35316900000000,Ioniq 6,2026,,native only
KMC Norfolk,34.062387000000000,-118.20418260000000,Kona Electric,2019,2025,native only
CITY_OF_VERNON 1850 E25TH-8,34.014405000000000,-118.23806900000000,Ioniq 6,2026,,native only
KH Structure,34.062704800000000,-118.20349060000000,Ioniq 5 N,2025,2025,native only
WinCo Las Vegas #113,36.270447000000000,-115.20889200000000,Ioniq 5 N,2025,2025,native only
"South Gate, CA - Tesla Supercharger",33.948775000000000,-118.16424000000000,Ioniq 6,2026,,native only
ONTARIO HYUNDAI VEHICLE DISPLY1,34.049976000000000,-117.54789800000000,Ioniq 6,2022,2025,native only
"The Shops at Jurupa Valley (Jurupa Valley, CA)",34.011350000000000,-117.46173000000000,Kona Electric,2019,2025,native only
City of Los Angeles Lot 745,34.101781000000000,-118.33989400000000,Ioniq 5 N,2026,2026,native only
"Ontario Mills (Ontario, CA)",34.074240000000000,-117.54753000000000,Ioniq 5 N,2025,2025,native only
Las Vegas,35.999436000000000,-115.17175500000000,Ioniq 5,2022,2024,native only
"Covina, CA - S Barranca Ave - Tesla Supercharger",34.073767000000000,-117.88090200000000,Ioniq 6,2026,,native only
Jordan Downs,33.946716000000000,-118.22994000000000,Ioniq 6,2022,2025,native only
CITY_OF_VERNON 3805 SOTO-6,34.007957000000000,-118.21989500000000,Ioniq 9,2026,,native only
"Glendale, CA - N Glendale Ave - Tesla Supercharger",34.149535700000000,-118.24781960000000,Ioniq 9,2026,,native only
"Alhambra, CA - West Valley Boulevard - Tesla Supercharger",34.077346000000000,-118.13855400000000,Ioniq 5,2025,2026,native only
"Las Vegas, NV - West Charleston Boulevard - Tesla Supercharger",36.157865000000000,-115.33380400000000,Ioniq 6,2026,,native only
MIDTOWN LA MIDTOWN DC,34.047397000000000,-118.33611300000000,Ioniq 6,2022,2025,native only
Norfolk Upper Lot,34.060000000000000,-118.20000000000000,Ioniq 5 N,2025,2025,native only
IN-N-OUT ATLANTIC 01,33.977780000000000,-118.18719400000000,Ioniq 6,2022,2025,native only
Mountain Vista Plaza,34.137466600000000,-117.98216400000000,Ioniq 6,2022,2025,native only
Mountain Vista Plaza,34.137466600000000,-117.98216400000000,Kona Electric,2019,2025,native only
CITY_OF_VERNON 1850 E25TH-2,34.014493000000000,-118.23793900000000,Ioniq 6,2022,2025,native only
IN-N-OUT ATLANTIC 04,33.977378000000000,-118.18745900000000,Kona Electric,2019,2025,native only
Downey Nissan,33.947674638000000,-118.15152577300000,Kona Electric,2019,2025,native only
"San Bernardino, CA - W Little League Dr - Tesla Supercharger",34.192431000000000,-117.36214700000000,Ioniq 6,2026,,native only
"Las Vegas, NV - West Russell Road - Tesla Supercharger",36.086723000000000,-115.21072600000000,Ioniq 9,2026,,native only
Amna,34.063190000000000,-118.23265000000000,Kona Electric,2019,2025,native only
"Costco Chino Hills (Chino Hills, CA)",34.015310000000000,-117.74286000000000,Kona Electric,2019,2025,native only
CSULA Parking Structure B,34.065661000000000,-118.17018900000000,Ioniq 9,2026,,native only
"Target T0767 (San Dimas, CA)",34.103250000000000,-117.82342000000000,Ioniq 5,2022,2024,native only
"City of Industry, CA - Colima Road - Tesla Supercharger",33.990892000000000,-117.92528400000000,Ioniq 9,2026,,native only
CITY_OF_VERNON 1850 E25TH-6,34.014444000000000,-118.23802600000000,Ioniq 6,2022,2025,native only
RC SPORTS EVHUB MIDDLE,34.102745000000000,-117.54397000000000,Ioniq 5,2022,2024,native only
RC SPORTS EVHUB MIDDLE,34.102745000000000,-117.54397000000000,Kona Electric,2019,2025,native only
7-ELEVEN 20101 POMNA DC1,34.067274000000000,-117.71905700000000,Ioniq 5,2022,2024,native only
"Costco Chino Hills (Chino Hills, CA)",34.015310000000000,-117.74286000000000,Ioniq 6,2022,2025,native only
Vons #2261 3rd St.,34.070012400000000,-118.29028300000000,Kona Electric,2019,2025,native only
"Circle K - Victorville, CA",34.484505427885200,-117.33051763372900,Kona Electric,2019,2025,native only
"Walmart 2838 (Henderson, NV)",36.062080000000000,-115.03353000000000,Ioniq 6,2022,2025,native only
Diamond Creek Village Shopping Center,33.998580000000000,-117.84349000000000,Kona Electric,2019,2025,native only
City of Los Angeles Lot 744,33.961488000000000,-118.29207000000000,Kona Electric,2019,2025,native only
CITY_OF_VERNON 3805 SOTO-1,34.007812000000000,-118.21992600000000,Ioniq 5 N,2025,2025,native only
City of Los Angeles Lot 744,33.961488000000000,-118.29207000000000,Ioniq 6,2022,2025,native only
"Bell, CA - Gage Ave - Tesla Supercharger",33.977777000000000,-118.18876900000000,Ioniq 5,2025,2026,native only
Foothill Presbyterian Hospital - DC,34.132921700000000,-117.87035030000000,Ioniq 5,2022,2024,native only
RC SPORTS EVHUB ADA 1,34.102955000000000,-117.54406000000000,Ioniq 5 N,2025,2025,native only
6250 Hollywood Blvd DCFC,34.100840000000000,-118.32541000000000,Ioniq 5,2022,2024,native only
"Forum Shops at Caesars Palace (Las Vegas, NV)",36.119740000000000,-115.17691000000000,Ioniq 6,2022,2025,native only
WLCAC,33.936653700000000,-118.25362400000000,Ioniq 5,2022,2024,native only
"The Shops at Jurupa Valley (Jurupa Valley, CA)",34.011350000000000,-117.46173000000000,Ioniq 5 N,2025,2025,native only
Rialto Village,34.073740000000000,-117.37058000000000,Ioniq 5 N,2025,2025,native only
"Walmart 4340 (Hesperia, CA)",34.424540000000000,-117.37148000000000,Ioniq 5,2022,2024,native only
"Ontario Mills (Ontario, CA)",34.074240000000000,-117.54753000000000,Ioniq 6,2022,2025,native only
City of Los Angeles Lot 702,34.100570000000000,-118.32733900000000,Ioniq 5 N,2025,2025,with adapter
MIDTOWN LA MIDTOWN DC,34.047397000000000,-118.33611300000000,Ioniq 6,2022,2025,with adapter
IN-N-OUT ATLANTIC 03,33.977693000000000,-118.18720000000000,Kona Electric,2019,2025,with adapter
IN-N-OUT ATLANTIC 01,33.977780000000000,-118.18719400000000,Ioniq 6,2022,2025,with adapter
"North Las Vegas, NV - Tesla Supercharger",36.239084000000000,-115.11611700000000,Ioniq 6,2026,,with adapter
Rialto Village,34.073740000000000,-117.37058000000000,Ioniq 6,2022,2025,with adapter
BWP EV CHARGE DCFC BWP LOT 2,34.178561000000000,-118.31623400000000,Ioniq 5 N,2026,2026,with adapter
Las Vegas,35.999436000000000,-115.17175500000000,Ioniq 5,2022,2024,with adapter
CITY_OF_VERNON 3805 SOTO-4,34.007896000000000,-118.21989600000000,Ioniq 5,2025,2026,with adapter
"Alhambra, CA - West Valley Boulevard - Tesla Supercharger",34.077346000000000,-118.13855400000000,Ioniq 5,2025,2026,with adapter
Team Ford,36.259310000000000,-115.24797700000000,Ioniq 6,2026,,with adapter
CITY_OF_VERNON 3805 SOTO-10,34.008061000000000,-118.22000100000000,Ioniq 5,2022,2024,with adapter
"Las Vegas, NV - South Town Center Drive - Tesla Supercharger",36.145430000000000,-115.32712100000000,Kona Electric,2019,2025,with adapter
City of Los Angeles Lot 744,33.961488000000000,-118.29207000000000,Ioniq 5,2025,2026,with adapter
Cadillac of Las Vegas,36.143709000000000,-115.21176200000000,Ioniq 5 N,2025,2025,with adapter
"Las Vegas, NV - West Russell Road - Tesla Supercharger",36.086723000000000,-115.21072600000000,Ioniq 5,2022,2024,with adapter
Downey Nissan,33.947674638000000,-118.15152577300000,Kona Electric,2019,2025,with adapter
"Pavilions 2229 (Los Angeles, CA)",34.083640000000000,-118.32747000000000,Ioniq 5,2022,2024,with adapter
"Hesperia, CA - Main Street - Tesla Supercharger",34.426362000000000,-117.35465000000000,Ioniq 5 N,2026,2026,with adapter
"Pomona, CA - Rio Rancho Road - Tesla Supercharger",34.028502000000000,-117.76035400000000,Ioniq 5 N,2026,2026,with adapter
FINDLAY AUTO ABB STATION1,36.143714000000000,-115.21425600000000,Kona Electric,2019,2025,with adapter
"Ralphs 060 (Glendale, CA)",34.142440000000000,-118.23379000000000,Ioniq 9,2026,,with adapter
L446 1,36.273183000000000,-115.26523900000000,Ioniq 5,2025,2026,with adapter
L446 1,36.273183000000000,-115.26523900000000,Ioniq 5 N,2025,2025,with adapter
"San Bernardino, CA - W Little League Dr - Tesla Supercharger",34.192431000000000,-117.36214700000000,Ioniq 9,2026,,with adapter
"Costco Chino Hills (Chino Hills, CA)",34.015310000000000,-117.74286000000000,Kona Electric,2019,2025,with adapter
Site 2,36.283102000000000,-115.02908300000000,Ioniq 5 N,2025,2025,with adapter
Site 2,36.283102000000000,-115.02908300000000,Kona Electric,2019,2025,with adapter
Amna,34.063190000000000,-118.23265000000000,Kona Electric,2019,2025,with adapter
LADWP LA Kretz Innovation Campus,34.040460000000000,-118.23502000000000,Ioniq 6,2026,,with adapter
Park Towers at Hughes Center,36.115304500000000,-115.15677400000000,Ioniq 6,2026,,with adapter
WinCo Las Vegas #113,36.270447000000000,-115.20889200000000,Ioniq 5 N,2025,2025,with adapter
Madison Parking Lot,34.015769507079150,-118.40447340393226,Kona Electric,2019,2025,with adapter
"City of Industry, CA - Colima Road - Tesla Supercharger",33.990892000000000,-117.92528400000000,Ioniq 9,2026,,with adapter
DC OB DC 3,34.846389000000000,-117.08386400000000,Kona Electric,2019,2025,with adapter
"Las Vegas, NV - South Fort Apache Road - Tesla Supercharger",36.093958000000000,-115.29710800000000,Ioniq 6,2026,,with adapter
JLRLV PUPLIC WEST DC,36.065812000000000,-115.23208400000000,Ioniq 9,2026,,with adapter
Plaza Continental - Tesla Supercharger,34.068715000000000,-117.57421800000000,Ioniq 5,2022,2024,with adapter
WLCAC,33.936653700000000,-118.25362400000000,Ioniq 5,2022,2024,with adapter
"Los Angeles, CA - Venice Boulevard - Tesla Supercharger",34.027975000000000,-118.39414400000000,Kona Electric,2019,2025,with adapter
IN-N-OUT ATLANTIC 04,33.977378000000000,-118.18745900000000,Ioniq 6,2022,2025,with adapter
DC CORRIDOR EDDIES Y DC1,34.907504000000000,-116.83600100000000,Ioniq 5 N,2025,2025,with adapter
US Bank Jurupa Valley,34.012078600000000,-117.48206780000000,Ioniq 6,2022,2025,with adapter
Culver - Motor Structure 1st Floor,34.015769507079150,-118.40445194626264,Ioniq 6,2026,,with adapter
IN-N-OUT ATLANTIC 03,33.977693000000000,-118.18720000000000,Ioniq 5,2022,2024,with adapter
Norfolk Upper Lot,34.060000000000000,-118.20000000000000,Ioniq 6,2026,,with adapter
JLR HENDERSON ABB 02,36.053704000000000,-115.02745100000000,Kona Electric,2019,2025,with adapter
"Las Vegas, NV - East Sahara Avenue - Tesla Supercharger",36.145396000000000,-115.10297800000000,Ioniq 5,2022,2024,with adapter
Monterey Park,34.059530000000000,-118.12661000000000,Ioniq 9,2026,,with adapter
El Centro,34.101510000000000,-118.32467000000000,Ioniq 6,2026,,with adapter
DC CORRIDOR EDDIES Y DC2,34.907482000000000,-116.83597400000000,Kona Electric,2019,2025,with adapter
"Alhambra, CA - East Bay State St - Tesla Supercharger",34.095083000000000,-118.12393000000000,Ioniq 6,2022,2025,with adapter
"North Las Vegas, NV - Tesla Supercharger",36.239084000000000,-115.11611700000000,Kona Electric,2019,2025,with adapter
"Ontario Mills (Ontario, CA)",34.074240000000000,-117.54753000000000,Ioniq 5 N,2025,2025,with adapter
"Ultra Gas and Mart (Baker, CA)",35.262260000000000,-116.08110000000000,Kona Electric,2019,2025,with adapter
CITY_OF_VERNON 3805 SOTO-1,34.007812000000000,-118.21992600000000,Ioniq 5 N,2025,2025,with adapter
Maine Avenue Marketplace,34.090066000000000,-117.96083110000000,Ioniq 5 N,2026,2026,with adapter
Downey Nissan,33.947674638000000,-118.15152577300000,Ioniq 5,2022,2024,with adapter
BMW of Monrovia,34.137556000000000,-117.98705400000000,Ioniq 6,2022,2025,with adapter
City of Los Angeles Lot 619,34.097765000000000,-118.35316900000000,Ioniq 6,2026,,with adapter
Sheraton Universal Hotel DC,34.137527400000000,-118.36003140000000,Kona Electric,2019,2025,with adapter
"Hesperia, CA - Main Street - Tesla Supercharger",34.426362000000000,-117.35465000000000,Ioniq 6,2026,,with adapter
76 San Gabriel,34.103300000000000,-118.09950000000000,Ioniq 5 N,2025,2025,with adapter
820 Mound Ave,34.116707000000000,-118.15159800000000,Ioniq 6,2022,2025,with adapter
"San Bernardino, CA - W Little League Dr - Tesla Supercharger",34.192431000000000,-117.36214700000000,Ioniq 6,2022,2025,with adapter
Trader Joe's,34.024883000000000,-118.39244800000000,Ioniq 9,2026,,with adapter
IN-N-OUT ATLANTIC 05,33.977354000000000,-118.18756900000000,Ioniq 5 N,2026,2026,with adapter
Sharp Capital,34.052690000000000,-118.26533000000000,Ioniq 9,2026,,with adapter
City of Pasadena - Shopper's Lane,34.138606025541100,-118.13112326151200,Ioniq 5,2025,2026,with adapter
"City of Industry, CA - Colima Road - Tesla Supercharger",33.990892000000000,-117.92528400000000,Ioniq 5,2022,2024,with adapter
Inglewood City Hall,33.962406000000000,-118.35363500000000,Ioniq 6,2022,2025,with adapter
"North Las Vegas, NV - East Lake Mead South Boulevard - Tesla Supercharger",36.195978000000000,-115.13200700000000,Kona Electric,2019,2025,with adapter
Veteran's Memorial Park,34.012781000000000,-118.40304000000000,Ioniq 5 N,2026,2026,with adapter
L446 1,36.273183000000000,-115.26523900000000,Ioniq 6,2022,2025,with adapter
ONTARIO HYUNDAI VEHICLE DISPLY1,34.049976000000000,-117.54789800000000,Ioniq 6,2022,2025,with adapter
City of Los Angeles Lot 657,34.072877000000000,-118.21769000000000,Ioniq 5,2022,2024,with adapter
7Charge - Covina 22548,34.086890000000000,-117.92584000000000,Ioniq 9,2026,,with adapter
"Huntington Park, CA - Tesla Supercharger",33.990148000000000,-118.21634500000000,Ioniq 5 N,2025,2025,with adapter
Fairway Chevrolet,36.145332000000000,-115.10693200000000,Ioniq 5,2025,2026,with adapter
The Elysian,34.067133000000000,-118.24929700000000,Ioniq 5,2025,2026,with adapter
The Elysian,34.067133000000000,-118.24929700000000,Ioniq 6,2026,,with adapter
MIDTOWN LA MIDTOWN DC,34.047397000000000,-118.33611300000000,Ioniq 5 N,2025,2025,with adapter
FH DELIVERY 121A4 FH SVC,34.133796000000000,-117.43710300000000,Ioniq 9,2026,,with adapter
ONTARIO HYUNDAI VEHICLE DISPLY2,34.050028000000000,-117.54805700000000,Ioniq 6,2026,,with adapter
Norfolk Upper Lot,34.060000000000000,-118.20000000000000,Ioniq 9,2026,,with adapter
FH DELIVERY 121A4 FH SVC,34.133796000000000,-117.43710300000000,Ioniq 6,2022,2025,with adapter
Inter Community Hospital Covina,34.089977300000000,-117.89255872601200,Ioniq 5 N,2026,2026,with adapter
Jordan Downs,33.946716000000000,-118.22994000000000,Kona Electric,2019,2025,with adapter
City of Pasadena - Marengo Garage,34.144703000000000,-118.14695700000000,Ioniq 6,2022,2025,with adapter
515 Flower - Level A,34.051648300000000,-118.25688330000000,Ioniq 6,2026,,with adapter
"Las Vegas, NV - South Maryland Parkway - Tesla Supercharger",36.030077000000000,-115.13584300000000,Ioniq 5,2022,2024,with adapter
Diamond Creek Village Shopping Center,33.998580000000000,-117.84349000000000,Kona Electric,2019,2025,with adapter
Las Vegas,35.999436000000000,-115.17175500000000,Ioniq 6,2026,,with adapter
City of Pasadena - Marengo Garage,34.144703000000000,-118.14695700000000,Ioniq 5 N,2025,2025,with adapter
GM Oil Site 76 Chevron San Bernardino,34.165633510226000,-117.33232266743800,Ioniq 5 N,2025,2025,with adapter
Fountainebleau,36.138658700000000,-115.16036550000000,Ioniq 5,2025,2026,with adapter
PowerStation - Rasor Rd,35.134718200000000,-116.21681310000000,Kona Electric,2019,2025,with adapter
"Las Vegas, NV - West Charleston Boulevard - Tesla Supercharger",36.157865000000000,-115.33380400000000,Ioniq 6,2026,,with adapter
"Ralphs 715 (Monterey Park, CA)",34.066010000000000,-118.13393000000000,Ioniq 5,2025,2026,with adapter
CITY_OF_VERNON 3805 SOTO-1,34.007812000000000,-118.21992600000000,Ioniq 5 N,2026,2026,with adapter
Claremont Star,34.107625900000000,-117.72058890000000,Ioniq 6,2026,,with adapter
GM Oil Site 111 FoodMart Los Angeles,34.018660888026000,-118.35493777871600,Ioniq 6,2022,2025,with adapter
"Pavilions 2229 (Los Angeles, CA)",34.083640000000000,-118.32747000000000,Ioniq 5,2025,2026,with adapter
"BoA Gateway CA8-113 (Glendale, CA)",34.126080000000000,-118.25597000000000,Ioniq 9,2026,,with adapter
"Rancho Cucamonga, CA – Foothill Boulevard - Tesla Supercharger",34.106565000000000,-117.52688900000000,Ioniq 5 N,2026,2026,with adapter
FINDLAY AUTO ABB STATION1,36.143714000000000,-115.21425600000000,Ioniq 5 N,2026,2026,with adapter
City of Pasadena - Robinson Park,34.164516574203800,-118.15178871863500,Ioniq 5 N,2025,2025,with adapter
B&D PROP MGMT 2645 ST ROSE,36.014271000000000,-115.10318500000000,Ioniq 9,2026,,with adapter
RC SPORTS EVHUB MIDDLE,34.102745000000000,-117.54397000000000,Ioniq 5,2022,2024,with adapter
"Costco Chino Hills (Chino Hills, CA)",34.015310000000000,-117.74286000000000,Ioniq 6,2022,2025,with adapter
1820 Industrial,34.035224000000000,-118.23392000000000,Ioniq 5,2022,2024,with adapter
Park Towers at Hughes Center,36.115304500000000,-115.15677400000000,Ioniq 5,2022,2024,with adapter
US Bank San Gabriel,34.103709800000000,-118.08949900000000,Ioniq 6,2026,,with adapter
Hilton Plaza,34.080257000000000,-118.10265600000000,Ioniq 9,2026,,with adapter
3029 S Robertson Blvd,34.032567400000000,-118.39053970000000,Ioniq 5,2025,2026,with adapter
"West Covina, CA - E Eastland Center Drive - Tesla Supercharger",34.073884000000000,-117.88975400000000,Kona Electric,2019,2025,with adapter
Caltrans - Valley Wells Rest Area - Southbound,35.435299000000000,-115.70199000000000,Ioniq 6,2026,,with adapter
LOVE'S 374 - CA #374 DC2,34.856808000000000,-117.09186500000000,Ioniq 6,2026,,with adapter
Gaudin Ford,36.064736000000000,-115.23674100000000,Ioniq 5,2025,2026,with adapter
Trader Joe's,34.024883000000000,-118.39244800000000,Kona Electric,2019,2025,with adapter
1135 W Renaissance Parkway,34.132132000000000,-117.39271700000000,Ioniq 5 N,2026,2026,with adapter
"Walmart 2838 (Henderson, NV)",36.062080000000000,-115.03353000000000,Ioniq 9,2026,,with adapter
City of Los Angeles Lot 628,34.074273000000000,-118.21532100000000,Kona Electric,2019,2025,with adapter
H&S ENERGY H&S#20 CHEVRON,34.034767000000000,-118.09062900000000,Ioniq 9,2026,,with adapter
Montclair East Shopping Center,34.088568000000000,-117.68592700000000,Ioniq 5,2025,2026,with adapter
"Las Vegas, NV - West Craig Road - Tesla Supercharger",36.239055000000000,-115.24980200000000,Ioniq 5,2025,2026,with adapter
CITY_OF_VERNON 3805 SOTO-9,34.008059000000000,-118.21997600000000,Ioniq 5,2025,2026,with adapter
"Las Vegas, NV - East Sahara Avenue - Tesla Supercharger",36.145396000000000,-115.10297800000000,Ioniq 6,2026,,with adapter
76 Gas Station San Gabriel,34.103147800000000,-118.09930910000000,Ioniq 6,2022,2025,with adapter
Rialto Village,34.073740000000000,-117.37058000000000,Ioniq 5 N,2025,2025,with adapter
Jordan Downs,33.946716000000000,-118.22994000000000,Ioniq 6,2022,2025,with adapter
Jordan Downs,33.946716000000000,-118.22994000000000,Ioniq 9,2026,,with adapter
Fontana Ignite Fueling,34.121007500000000,-117.45312410000000,Ioniq 5,2025,2026,with adapter
"Walmart 4340 (Hesperia, CA)",34.424540000000000,-117.37148000000000,Kona Electric,2019,2025,with adapter
"Ontario Mills (Ontario, CA)",34.074240000000000,-117.54753000000000,Ioniq 6,2022,2025,with adapter
City of Pasadena - Arroyo Parkway,34.127455808632000,-118.14781708221200,Ioniq 5,2022,2024,with adapter
City of Pasadena - Arroyo Parkway,34.127455808632000,-118.14781708221200,Ioniq 6,2026,,with adapter
"Commerce, CA - E Telegraph Rd - Tesla Supercharger",33.998388000000000,-118.14614700000000,Ioniq 5 N,2026,2026,with adapter
"Covina, CA - S Barranca Ave - Tesla Supercharger",34.073767000000000,-117.88090200000000,Ioniq 6,2026,,with adapter
"Las Vegas, NV - South Decatur Boulevard - Tesla Supercharger",36.171532000000000,-115.20723300000000,Kona Electric,2019,2025,with adapter
"Glendale, CA - N Glendale Ave - Tesla Supercharger",34.149535700000000,-118.24781960000000,Ioniq 9,2026,,with adapter
Cadillac of Las Vegas,36.143709000000000,-115.21176200000000,Ioniq 9,2026,,with adapter
"West Covina, CA - Tesla Supercharger",34.070645000000000,-117.88908200000000,Ioniq 6,2022,2025,with adapter
Caltrans - Clyde V. Kane Rest Area - Northbound,35.031900000000000,-116.46912800000000,Ioniq 5,2022,2024,with adapter
CITY_OF_VERNON 1850 E25TH-9,34.014385000000000,-118.23808800000000,Ioniq 5,2025,2026,with adapter
Amna,34.063190000000000,-118.23265000000000,Ioniq 6,2022,2025,with adapter
KMC Norfolk,34.062387000000000,-118.20418260000000,Kona Electric,2019,2025,with adapter
B&D PROP MGMT 2625 ST ROSE,36.014373000000000,-115.10303200000000,Kona Electric,2019,2025,with adapter
Gaudin Ford,36.064736000000000,-115.23674100000000,Ioniq 9,2026,,with adapter
"Diamond Bar, CA - Golden Springs Drive - Tesla Supercharger",33.999023000000000,-117.84384400000000,Ioniq 5,2022,2024,with adapter
KH Structure,34.062704800000000,-118.20349060000000,Ioniq 5 N,2025,2025,with adapter
Diamond Hills Plaza,33.975996600000000,-117.83810960000000,Ioniq 6,2022,2025,with adapter
Caltrans - Clyde V. Kane Rest Area - Southbound,35.034153000000000,-116.47144700000000,Ioniq 5,2025,2026,with adapter
ONTARIO 76 CHARGER 2,34.063302000000000,-117.61153300000000,Ioniq 9,2026,,with adapter
"Forum Shops at Caesars Palace (Las Vegas, NV)",36.119740000000000,-115.17691000000000,Ioniq 6,2022,2025,with adapter
California Institute of Technology - California Parking Structure,34.134066000000000,-118.12636300000000,Ioniq 5,2022,2024,with adapter
"Montebello, CA - N Wilcox Ave - Tesla Supercharger",34.031001000000000,-118.12593500000000,Ioniq 5 N,2025,2025,with adapter
Covina Hills Chevrolet,34.078031000000000,-117.89101400000000,Ioniq 5 N,2025,2025,with adapter
Vons #2261 3rd St.,34.070012400000000,-118.29028300000000,Kona Electric,2019,2025,with adapter
"The Shops at Jurupa Valley (Jurupa Valley, CA)",34.011350000000000,-117.46173000000000,Ioniq 5 N,2025,2025,with adapter
Plaza Continental - Tesla Supercharger,34.068715000000000,-117.57421800000000,Ioniq 9,2026,,with adapter
"La Verne, CA - Tesla Supercharger",34.121427000000000,-117.78710200000000,Ioniq 6,2022,2025,with adapter
The Mall of Victor Valley,34.472906000000000,-117.35014200000000,Ioniq 9,2026,,with adapter
"The Shops at Jurupa Valley (Jurupa Valley, CA)",34.011350000000000,-117.46173000000000,Kona Electric,2019,2025,with adapter
Cardenas Market Hesperia,34.423802000000000,-117.32503600000000,Ioniq 5 N,2025,2025,with adapter
"Target T1524 (Spring Valley, NV)",36.114810000000000,-115.31058000000000,Ioniq 5 N,2025,2025,with adapter
"Bell, CA - Gage Ave - Tesla Supercharger",33.977777000000000,-118.18876900000000,Ioniq 5 N,2025,2025,with adapter
Montclair East Shopping Center,34.088568000000000,-117.68592700000000,Ioniq 5 N,2026,2026,with adapter
Foothill Presbyterian Hospital - DC,34.132921700000000,-117.87035030000000,Ioniq 5,2022,2024,with adapter
RC SPORTS EVHUB ADA 1,34.102955000000000,-117.54406000000000,Ioniq 6,2026,,with adapter
US Bank Jurupa Valley,34.012078600000000,-117.48206780000000,Ioniq 9,2026,,with adapter
Puente Hills Nissan,33.998192000000000,-117.92814600000000,Kona Electric,2019,2025,with adapter
661 Imperial St,34.036128000000000,-118.23178400000000,Ioniq 6,2026,,with adapter
Inter Community Hospital Covina,34.089977300000000,-117.89255872601200,Ioniq 6,2026,,with adapter
"Walmart 4340 (Hesperia, CA)",34.424540000000000,-117.37148000000000,Ioniq 5,2022,2024,with adapter
North Las Vegas Rechargery Relay - W Centennial Pkwy,36.276117000000000,-115.17951200000000,Ioniq 5 N,2025,2025,with adapter
"Diamond Bar, CA - Tesla Supercharger",33.975843000000000,-117.83842800000000,Ioniq 5 N,2025,2025,with adapter
"Henderson, NV - Paseo Verde Parkway - Tesla Supercharger",36.022121000000000,-115.08922800000000,Ioniq 6,2026,,with adapter
Central & Walnut - Tesla Supercharger,34.026990000000000,-117.68730100000000,Ioniq 5,2022,2024,with adapter
"Walmart 4356 (SW Las Vegas, NV)",36.064600000000000,-115.24718000000000,Ioniq 5,2022,2024,with adapter
"Las Vegas, NV - West Russell Road - Tesla Supercharger",36.086723000000000,-115.21072600000000,Ioniq 9,2026,,with adapter
CITY_OF_VERNON 1850 E25TH-6,34.014444000000000,-118.23802600000000,Ioniq 6,2022,2025,with adapter
DCF - JV DCF POMONA1,34.029579000000000,-117.75899900000000,Ioniq 9,2026,,with adapter
LA Fitness Baldwin Park,34.069344000000000,-117.97454200000000,Ioniq 6,2026,,with adapter
CITY_OF_VERNON 1850 E25TH-4,34.014472000000000,-118.23798500000000,Ioniq 5 N,2025,2025,with adapter
Queen of the Valley Hospital - DC Fast,34.063410270693500,-117.94577555662200,Ioniq 5,2025,2026,with adapter
Site 2,36.283102000000000,-115.02908300000000,Ioniq 9,2026,,with adapter
"Las Vegas, NV - Cambridge St - Tesla Supercharger",36.128731000000000,-115.14374000000000,Ioniq 5 N,2025,2025,with adapter
7-ELEVEN 20101 POMNA DC1,34.067274000000000,-117.71905700000000,Ioniq 5,2022,2024,with adapter
Ontario Mills - Skechers,34.071281000000000,-117.54922700000000,Ioniq 5,2022,2024,with adapter
"Sam's Club 4974 (North Las Vegas, NV)",36.241090000000000,-115.11261000000000,Ioniq 6,2022,2025,with adapter
RC SPORTS EVHUB MIDDLE,34.102745000000000,-117.54397000000000,Kona Electric,2019,2025,with adapter
"Las Vegas, NV - South Fort Apache Road - Tesla Supercharger",36.093958000000000,-115.29710800000000,Ioniq 5 N,2025,2025,with adapter
"Target T0767 (San Dimas, CA)",34.103250000000000,-117.82342000000000,Ioniq 5,2022,2024,with adapter
"Target T0265 (Paradise, NV)",36.115690000000000,-115.13926000000000,Ioniq 9,2026,,with adapter
"Target T1524 (Spring Valley, NV)",36.114810000000000,-115.31058000000000,Ioniq 9,2026,,with adapter
CITY_OF_VERNON 1850 E25TH-1,34.014503000000000,-118.23790700000000,Ioniq 5 N,2025,2025,with adapter
"Las Vegas, NV - 3528 South Maryland Parkway - Tesla Supercharger",36.125754000000000,-115.13462200000000,Ioniq 5 N,2025,2025,with adapter
"Inglewood, CA - Tesla Supercharger",33.944904000000000,-118.33438400000000,Ioniq 5 N,2025,2025,with adapter
WLCAC,33.936653700000000,-118.25362400000000,Ioniq 5,2025,2026,with adapter
"Walmart 2838 (Henderson, NV)",36.062080000000000,-115.03353000000000,Ioniq 6,2022,2025,with adapter
"Hacienda Heights, CA - Tesla Supercharger",34.010078000000000,-117.96116900000000,Kona Electric,2019,2025,with adapter
CITY_OF_VERNON 3805 SOTO-9,34.008059000000000,-118.21997600000000,Ioniq 5,2022,2024,with adapter
CITY_OF_VERNON 1850 E25TH-2,34.014493000000000,-118.23793900000000,Ioniq 5 N,2025,2025,with adapter
"West Covina, CA - 1414 S Azusa Ave - Tesla Supercharger",34.047677000000000,-117.90707500000000,Ioniq 5 N,2026,2026,with adapter
City of South Pasadena,34.116310000000000,-118.15215000000000,Ioniq 6,2022,2025,with adapter
"Hesperia, CA - Tesla Supercharger",34.424701000000000,-117.38573800000000,Ioniq 5 N,2025,2025,with adapter
Norfolk Upper Lot,34.060000000000000,-118.20000000000000,Ioniq 5 N,2025,2025,with adapter
"Las Vegas, NV",36.066487600000000,-115.17950700000000,Ioniq 5,2025,2026,with adapter
Sunset Studios,34.097298464012000,-118.31692890366400,Ioniq 5,2022,2024,with adapter
"Commerce, CA - E Telegraph Rd - Tesla Supercharger",33.998388000000000,-118.14614700000000,Kona Electric,2019,2025,with adapter
CITY_OF_VERNON 3805 SOTO-4,34.007896000000000,-118.21989600000000,Ioniq 6,2026,,with adapter
"Upland, CA - Arrow Rte - Tesla Supercharger",34.099154000000000,-117.70019200000000,Ioniq 6,2026,,with adapter
Winterwood Pavilion,36.146180000000000,-115.06522000000000,Ioniq 6,2026,,with adapter
Thailand Plaza,34.101990000000000,-118.30639000000000,Ioniq 9,2026,,with adapter
Resort World Las Vegas,36.135200000000000,-115.16760000000000,Ioniq 5,2022,2024,with adapter
"Pavilions 2229 (Los Angeles, CA)",34.083640000000000,-118.32747000000000,Kona Electric,2019,2025,with adapter
LA Fitness Baldwin Park,34.069344000000000,-117.97454200000000,Ioniq 9,2026,,with adapter
LADWP - John Ferraro Building,34.059133000000000,-118.24858900000000,Ioniq 9,2026,,with adapter
"Inglewood, CA - West Imperial Highway - Tesla Supercharger",33.930757000000000,-118.32770400000000,Ioniq 5,2025,2026,with adapter
City of Los Angeles Lot 619,34.097765000000000,-118.35316900000000,Ioniq 5,2025,2026,with adapter
Solair Wilshire,34.061876900000000,-118.30862790000000,Kona Electric,2019,2025,with adapter
"San Bernardino, CA - W Little League Dr - Tesla Supercharger",34.192431000000000,-117.36214700000000,Ioniq 6,2026,,with adapter
"Alhambra, CA - Tesla Supercharger",34.087063000000000,-118.15119600000000,Ioniq 6,2022,2025,with adapter
"Las Vegas South Premium Outlets (Las Vegas, NV)",36.056570000000000,-115.16854000000000,Ioniq 5 N,2026,2026,with adapter
B&D PROP MGMT 2645 ST ROSE,36.014271000000000,-115.10318500000000,Ioniq 5,2022,2024,with adapter
CITY_OF_VERNON 3805 SOTO-7,34.007973000000000,-118.21989600000000,Ioniq 5 N,2026,2026,with adapter
"North Las Vegas, NV - East Lake Mead South Boulevard - Tesla Supercharger",36.195978000000000,-115.13200700000000,Ioniq 5,2025,2026,with adapter
"La Verne, CA - Tesla Supercharger",34.121427000000000,-117.78710200000000,Ioniq 9,2026,,with adapter
"The Shops at Jurupa Valley (Jurupa Valley, CA)",34.011350000000000,-117.46173000000000,Ioniq 6,2022,2025,with adapter
G&M OIL CHEVRON #27,34.470993000000000,-117.35262000000000,Ioniq 5,2022,2024,with adapter
"Bell, CA - Gage Ave - Tesla Supercharger",33.977777000000000,-118.18876900000000,Ioniq 5,2025,2026,with adapter
"Las Vegas, NV - West Craig Road - Tesla Supercharger",36.239055000000000,-115.24980200000000,Kona Electric,2019,2025,with adapter
IN-N-OUT ATLANTIC 04,33.977378000000000,-118.18745900000000,Kona Electric,2019,2025,with adapter
City of Los Angeles Lot 670,34.102558000000000,-118.33434900000000,Kona Electric,2019,2025,with adapter
IN-N-OUT ATLANTIC 03,33.977693000000000,-118.18720000000000,Ioniq 6,2022,2025,with adapter
IN-N-OUT ATLANTIC 01,33.977780000000000,-118.18719400000000,Ioniq 5,2022,2024,with adapter
MIDTOWN LA MIDTOWN DC,34.047397000000000,-118.33611300000000,Ioniq 5,2025,2026,with adapter
Las Vegas NV - West Tropical Parkway - Tesla Supercharger,36.271567000000000,-115.26548900000000,Ioniq 6,2026,,with adapter
"BOA Magnolia Park CA9-151 (Burbank, CA)",34.168130000000000,-118.34380000000000,Ioniq 5 N,2026,2026,with adapter
"South Pasadena, CA - Tesla Supercharger",34.112612000000000,-118.15064600000000,Ioniq 5 N,2025,2025,with adapter
"Baldwin Park, CA - Tesla Supercharger",34.079207000000000,-117.98884000000000,Ioniq 5 N,2026,2026,with adapter
The Elysian - Tenants Only,34.066624000000000,-118.24822700000000,Ioniq 5,2025,2026,with adapter
Tesla Diner - Tesla Supercharger,34.091268000000000,-118.34221500000000,Ioniq 6,2022,2025,with adapter
"Las Vegas, NV - South Town Center Drive - Tesla Supercharger",36.145430000000000,-115.32712100000000,Ioniq 5,2022,2024,with adapter
City of Los Angeles Lot 744,33.961488000000000,-118.29207000000000,Ioniq 6,2022,2025,with adapter
City of Los Angeles Lot 744,33.961488000000000,-118.29207000000000,Kona Electric,2019,2025,with adapter
"West Covina, CA - Tesla Supercharger",34.070645000000000,-117.88908200000000,Ioniq 5 N,2026,2026,with adapter
Caltrans - Clyde V. Kane Rest Area - Northbound,35.031900000000000,-116.46912800000000,Ioniq 5 N,2025,2025,with adapter
Downey Nissan,33.947674638000000,-118.15152577300000,Ioniq 5 N,2025,2025,with adapter
820 Mound Ave,34.116707000000000,-118.15159800000000,Ioniq 5 N,2025,2025,with adapter
"Walmart 1879 (Barstow, CA)",34.883720000000000,-116.99251000000000,Ioniq 9,2026,,with adapter
CITY_OF_VERNON 1850 E25TH-8,34.014405000000000,-118.23806900000000,Ioniq 6,2026,,with adapter
CITY_OF_VERNON 1850 E25TH-8,34.014405000000000,-118.23806900000000,Kona Electric,2019,2025,with adapter
"BOA Crenshaw Imperial CA8-191 (Inglewood, CA)",33.929310000000000,-118.32674000000000,Kona Electric,2019,2025,with adapter
"South Gate, CA - Tesla Supercharger",33.948775000000000,-118.16424000000000,Ioniq 6,2026,,with adapter
7-ELEVEN 20101 POMNA DC1,34.067274000000000,-117.71905700000000,Kona Electric,2019,2025,with adapter
Vons #2261 3rd St.,34.070012400000000,-118.29028300000000,Ioniq 6,2022,2025,with adapter
"BOA Crenshaw Imperial CA8-191 (Inglewood, CA)",33.929310000000000,-118.32674000000000,Ioniq 9,2026,,with adapter
"South Gate, CA - Tesla Supercharger",33.948775000000000,-118.16424000000000,Kona Electric,2019,2025,with adapter
6250 Hollywood Blvd DCFC,34.100840000000000,-118.32541000000000,Ioniq 5,2022,2024,with adapter
"Sam's Club 4974 (North Las Vegas, NV)",36.241090000000000,-115.11261000000000,Ioniq 5,2022,2024,with adapter
"West Covina, CA - E Eastland Center Drive - Tesla Supercharger",34.073884000000000,-117.88975400000000,Ioniq 9,2026,,with adapter
Onyx Towers,34.062740000000000,-118.36189000000000,Ioniq 5,2025,2026,with adapter
1135 W Renaissance Parkway,34.132132000000000,-117.39271700000000,Kona Electric,2019,2025,with adapter
"The Shops at Jurupa Valley (Jurupa Valley, CA)",34.011350000000000,-117.46173000000000,Ioniq 5,2022,2024,with adapter
"Circle K - Victorville, CA",34.484505427885200,-117.33051763372900,Kona Electric,2019,2025,with adapter
Mountain Vista Plaza,34.137466600000000,-117.98216400000000,Ioniq 6,2022,2025,with adapter
RC SPORTS EVHUB ADA 1,34.102955000000000,-117.54406000000000,Ioniq 5 N,2025,2025,with adapter
Venice Crossroads,34.027360000000000,-118.39233000000000,Kona Electric,2019,2025,with adapter
IN-N-OUT ATLANTIC 04,33.977378000000000,-118.18745900000000,Ioniq 5 N,2025,2025,with adapter
Mountain Vista Plaza,34.137466600000000,-117.98216400000000,Kona Electric,2019,2025,with adapter
Mountain Vista Plaza,34.137466600000000,-117.98216400000000,Ioniq 5,2022,2024,with adapter
CITY_OF_VERNON 1850 E25TH-2,34.014493000000000,-118.23793900000000,Ioniq 6,2022,2025,with adapter
"Kroger Smiths 305 (Sunrise, NV)",36.173860000000000,-115.09644000000000,Ioniq 5,2025,2026,with adapter
"Las Vegas, NV - Grand Central Parkway - Tesla Supercharger",36.166039000000000,-115.15917000000000,Kona Electric,2019,2025,with adapter
"Vernon, CA - Tesla Supercharger",34.008045000000000,-118.22020100000000,Ioniq 5,2022,2024,with adapter
"Jurupa Valley, CA - Tesla Supercharger",34.012541000000000,-117.46064800000000,Ioniq 5,2022,2024,with adapter
"Jurupa Valley, CA - Tesla Supercharger",34.012541000000000,-117.46064800000000,Ioniq 5,2025,2026,with adapter
"South Pasadena, CA - Tesla Supercharger",34.112612000000000,-118.15064600000000,Ioniq 6,2022,2025,with adapter
"Los Angeles, CA - Industrial Street - Tesla Supercharger",34.035783000000000,-118.23835900000000,Ioniq 6,2026,,with adapter
LADWP - John Ferraro Building,34.059133000000000,-118.24858900000000,Ioniq 5,2025,2026,with adapter
El Centro,34.101510000000000,-118.32467000000000,Ioniq 5,2025,2026,with adapter
"Upland, CA - Arrow Rte - Tesla Supercharger",34.099154000000000,-117.70019200000000,Ioniq 5 N,2025,2025,with adapter
"Las Vegas, NV - West Charleston Boulevard - Tesla Supercharger",36.157865000000000,-115.33380400000000,Ioniq 6,2022,2025,with adapter
CITY_OF_VERNON 3805 SOTO-6,34.007957000000000,-118.21989500000000,Ioniq 9,2026,,with adapter
Claremont Star,34.107625900000000,-117.72058890000000,Ioniq 6,2022,2025,with adapter
"Rancho Cucamonga, CA – Foothill Boulevard - Tesla Supercharger",34.106565000000000,-117.52688900000000,Ioniq 5,2025,2026,with adapter
"Rancho Cucamonga, CA – Foothill Boulevard - Tesla Supercharger",34.106565000000000,-117.52688900000000,Ioniq 5 N,2025,2025,with adapter
SCPPA SCPPA CPE200T,34.118106000000000,-117.82245700000000,Ioniq 5,2022,2024,with adapter
"San Bernardino, CA - W Little League Dr - Tesla Supercharger",34.192431000000000,-117.36214700000000,Kona Electric,2019,2025,with adapter
Puente Hills Town Center,33.990370000000000,-117.92588000000000,Ioniq 6,2026,,with adapter
7-ELEVEN 20101 POMNA DC1,34.067274000000000,-117.71905700000000,Ioniq 6,2026,,with adapter
CITY_OF_VERNON 1850 E25TH-3,34.014481000000000,-118.23795800000000,Kona Electric,2019,2025,with adapter
CSULA Parking Structure B,34.065661000000000,-118.17018900000000,Ioniq 9,2026,,with adapter
ONTARIO 76 CHARGER 2,34.063302000000000,-117.61153300000000,Ioniq 5,2025,2026,with adapter
"Alhambra, CA - Tesla Supercharger",34.087063000000000,-118.15119600000000,Ioniq 5,2022,2024,with adapter
Site 2,36.283102000000000,-115.02908300000000,Ioniq 6,2022,2025,with adapter
California Institute of Technology - California Parking Structure,34.134066000000000,-118.12636300000000,Ioniq 9,2026,,with adapter
"Walmart 2838 (Henderson, NV)",36.062080000000000,-115.03353000000000,Ioniq 6,2026,,with adapter
Cardenas Market Hesperia,34.423802000000000,-117.32503600000000,Kona Electric,2019,2025,with adapter
City of Los Angeles Lot 745,34.101781000000000,-118.33989400000000,Ioniq 5 N,2026,2026,with adapter
"Las Vegas, NV - South Town Center Drive - Tesla Supercharger",36.145430000000000,-115.32712100000000,Ioniq 9,2026,,native only
"Henderson, NV - Paseo Verde Parkway - Tesla Supercharger",36.022121000000000,-115.08922800000000,Ioniq 9,2026,,native only
FH DELIVERY 123FC FH SVC,34.133956000000000,-117.43697400000000,Ioniq 5,2022,2024,native only
"Ralphs 32 (Los Angeles, CA)",34.068540000000000,-118.29112000000000,Ioniq 6,2022,2025,native only
IN-N-OUT ATLANTIC 01,33.977780000000000,-118.18719400000000,Ioniq 5 N,2026,2026,native only
CITY_OF_VERNON 3805 SOTO-9,34.008059000000000,-118.21997600000000,Ioniq 5 N,2026,2026,native only
The Village at Century,33.944829000000000,-118.33068600000000,Ioniq 6,2022,2025,native only
Covina Town Square,34.105800000000000,-117.90569000000000,Ioniq 5,2022,2024,native only
Montclair East Shopping Center,34.088568000000000,-117.68592700000000,Ioniq 5 N,2025,2025,native only
CITY_OF_VERNON 1850 E25TH-2,34.014493000000000,-118.23793900000000,Ioniq 9,2026,,native only
Culver City Senior Center,34.014540000000000,-118.40405000000000,Ioniq 5,2022,2024,native only
KH Structure,34.062704800000000,-118.20349060000000,Kona Electric,2019,2025,native only
Las Vegas - South Nellis Boulevard - Tesla Supercharger,36.144821000000000,-115.06351000000000,Ioniq 5,2025,2026,native only
LA Fitness Baldwin Park,34.069344000000000,-117.97454200000000,Ioniq 5,2022,2024,native only
Little Caesars Pizza- 10714 S Western Ave,33.938580000000000,-118.30886000000000,Ioniq 6,2022,2025,native only
San Dimas Plaza Shopping Center,34.107530000000000,-117.82649000000000,Ioniq 6,2022,2025,native only
"Universal City, CA - Tesla Supercharger",34.138042000000000,-118.35927200000000,Ioniq 5 N,2026,2026,native only
CITY_OF_VERNON 1850 E25TH-10,34.014380000000000,-118.23810800000000,Ioniq 9,2026,,native only
DCF - JV DCF POMONA1,34.029579000000000,-117.75899900000000,Kona Electric,2019,2025,native only
"Kroger Smiths 354 (Whitney, NV)",36.116670000000000,-115.09163000000000,Ioniq 5 N,2025,2025,native only
"City of Industry, CA - Gale Avenue - Tesla Supercharger",33.994491000000000,-117.89956900000000,Ioniq 6,2026,,native only
City of Los Angeles Lot 628,34.074273000000000,-118.21532100000000,Ioniq 5 N,2025,2025,native only
H&S ENERGY H&S#20 CHEVRON,34.034767000000000,-118.09062900000000,Kona Electric,2019,2025,native only
US Bank 3355 Glendale,34.119663300000000,-118.25953740000000,Ioniq 5,2022,2024,native only
661 Imperial St,34.036128000000000,-118.23178400000000,Ioniq 5 N,2025,2025,native only
"North Las Vegas, NV - Tesla Supercharger",36.239084000000000,-115.11611700000000,Ioniq 5 N,2026,2026,native only
LADWP - John Ferraro Building,34.059133000000000,-118.24858900000000,Ioniq 5,2022,2024,native only
"Walmart 4340 (Hesperia, CA)",34.424540000000000,-117.37148000000000,Ioniq 5 N,2025,2025,native only
"Commerce, CA - E Telegraph Rd - Tesla Supercharger",33.998388000000000,-118.14614700000000,Ioniq 6,2026,,native only
LA County ISD Walt Disney Parking Garage P3,34.055505000000000,-118.24885200000000,Ioniq 6,2022,2025,native only
GM Oil Site 76 Chevron San Bernardino,34.165633510226000,-117.33232266743800,Ioniq 6,2022,2025,native only
CITY_OF_VERNON 3805 SOTO-10,34.008061000000000,-118.22000100000000,Ioniq 5,2025,2026,native only
"Vernon, CA - Tesla Supercharger",34.008045000000000,-118.22020100000000,Ioniq 9,2026,,native only
"Ontario, CA - Ontario Mills Pkwy - Tesla Supercharger",34.068955000000000,-117.55628500000000,Ioniq 6,2026,,native only
7Charge - Covina 22548,34.086890000000000,-117.92584000000000,Kona Electric,2019,2025,native only
"Ontario, CA - N Haven Ave - Tesla Supercharger",34.076981000000000,-117.57431100000000,Ioniq 6,2026,,native only
Covina Town Square,34.105800000000000,-117.90569000000000,Ioniq 5 N,2026,2026,native only
LADWP - Crenshaw,34.012230000000000,-118.33432300000000,Ioniq 5 N,2025,2025,native only
US Bank San Gabriel,34.103709800000000,-118.08949900000000,Ioniq 6,2022,2025,native only
Diamond Hills Plaza,33.975996600000000,-117.83810960000000,Kona Electric,2019,2025,native only
CITY_OF_VERNON 1850 E25TH-6,34.014444000000000,-118.23802600000000,Ioniq 5,2022,2024,native only
Park Towers at Hughes Center,36.115304500000000,-115.15677400000000,Ioniq 5 N,2025,2025,native only
RC SPORTS EVHUB ADJ SWGR,34.102644000000000,-117.54410000000000,Ioniq 6,2022,2025,native only
"Pomona, CA - Rio Rancho Road - Tesla Supercharger",34.028502000000000,-117.76035400000000,Ioniq 9,2026,,native only
"North Las Vegas, NV - East Lake Mead South Boulevard - Tesla Supercharger",36.195978000000000,-115.13200700000000,Ioniq 6,2026,,native only
"Circle K - Victorville, CA",34.484505427885200,-117.33051763372900,Ioniq 5,2022,2024,native only
WLCAC,33.936653700000000,-118.25362400000000,Ioniq 9,2026,,native only
HollyWest Promenade,34.102350000000000,-118.30887000000000,Ioniq 5,2022,2024,native only
"Target T1524 (Spring Valley, NV)",36.114810000000000,-115.31058000000000,Kona Electric,2019,2025,native only
"Alhambra, CA - East Bay State St - Tesla Supercharger",34.095083000000000,-118.12393000000000,Ioniq 5,2025,2026,native only
Hsi Lai Center,33.980510000000000,-117.97344600000000,Ioniq 5,2022,2024,native only
"Diamond Bar, CA - Tesla Supercharger",33.975843000000000,-117.83842800000000,Ioniq 5 N,2026,2026,native only
CITY_OF_VERNON 3805 SOTO-6,34.007957000000000,-118.21989500000000,Ioniq 5 N,2026,2026,native only
Winterwood Pavilion,36.146180000000000,-115.06522000000000,Ioniq 9,2026,,native only
Winterwood Pavilion,36.146180000000000,-115.06522000000000,Ioniq 5,2025,2026,native only
"Ralphs 715 (Monterey Park, CA)",34.066010000000000,-118.13393000000000,Kona Electric,2019,2025,native only
Puente Hills Nissan,33.998192000000000,-117.92814600000000,Ioniq 6,2022,2025,native only
99 Ranch Chino Hills,34.010479900000000,-117.74055430000000,Ioniq 5 N,2026,2026,native only
CITY_OF_VERNON 3805 SOTO-9,34.008059000000000,-118.21997600000000,Kona Electric,2019,2025,native only
"Hacienda Heights, CA - Tesla Supercharger",34.010078000000000,-117.96116900000000,Ioniq 9,2026,,native only
IN-N-OUT ATLANTIC 04,33.977378000000000,-118.18745900000000,Ioniq 5,2022,2024,native only
AMPM ARCO BEAR VALLEY 2,34.470448000000000,-117.31275100000000,Ioniq 5 N,2025,2025,native only
City of Los Angeles Lot 675,34.103853000000000,-118.29105200000000,Ioniq 6,2026,,native only
"Walmart 3180 (South Gate, CA)",33.954180000000000,-118.18774000000000,Kona Electric,2019,2025,native only
"BOA CA9-164 (South Pasadena, CA)",34.115130000000000,-118.15129000000000,Ioniq 5,2022,2024,native only
CITY_OF_VERNON 3805 SOTO-7,34.007973000000000,-118.21989600000000,Kona Electric,2019,2025,native only
"Inglewood, CA - West Imperial Highway - Tesla Supercharger",33.930757000000000,-118.32770400000000,Ioniq 9,2026,,native only
DC OB DC 3,34.846389000000000,-117.08386400000000,Ioniq 6,2022,2025,native only
"City of Industry, CA - Colima Road - Tesla Supercharger",33.990892000000000,-117.92528400000000,Ioniq 5 N,2026,2026,native only
"Las Vegas, NV - 7400 Las Vegas Boulevard South - Tesla Supercharger",36.056640000000000,-115.17045900000000,Ioniq 5,2025,2026,native only
WLCAC,33.936653700000000,-118.25362400000000,Ioniq 6,2026,,native only
"Barstow, CA",34.851349000000000,-117.08257800000000,Kona Electric,2019,2025,native only
"Montebello Plaza (Montebello , CA)",34.031070000000000,-118.12404000000000,Ioniq 5 N,2025,2025,native only
Bristol Farms,34.077342000000000,-118.38849900000000,Ioniq 5 N,2025,2025,native only
CITY_OF_VERNON 1850 E25TH-5,34.014458000000000,-118.23800600000000,Ioniq 6,2022,2025,native only
"Las Vegas, NV - West Charleston Boulevard - Tesla Supercharger",36.157865000000000,-115.33380400000000,Ioniq 9,2026,,native only
76 Gas Station San Gabriel,34.103147800000000,-118.09930910000000,Ioniq 5,2022,2024,native only
WinCo Foods - Pomona #57,34.027210000000000,-117.76206000000000,Ioniq 6,2026,,native only
WinCo Foods - Pomona #57,34.027210000000000,-117.76206000000000,Ioniq 9,2026,,native only
The Village at Century,33.944829000000000,-118.33068600000000,Ioniq 5,2022,2024,native only
US Bank Jurupa Valley,34.012078600000000,-117.48206780000000,Ioniq 5 N,2025,2025,native only
Fairway Chevrolet,36.145332000000000,-115.10693200000000,Ioniq 5 N,2025,2025,native only
City of Pasadena - Shopper's Lane,34.138606025541100,-118.13112326151200,Ioniq 5 N,2025,2025,native only
LADWP - John Ferraro Building,34.059133000000000,-118.24858900000000,Ioniq 5 N,2025,2025,native only
"Las Vegas, NV - East Windmill Lane - Tesla Supercharger",36.042548790000000,-115.15263582000000,Ioniq 9,2026,,native only
Puente Hills Town Center,33.990370000000000,-117.92588000000000,Ioniq 6,2022,2025,native only
Sunny Plaza,34.080280000000000,-118.09299100000000,Ioniq 5,2022,2024,native only
Sunny Plaza,34.080280000000000,-118.09299100000000,Kona Electric,2019,2025,native only
"West Covina, CA - E Eastland Center Drive - Tesla Supercharger",34.073884000000000,-117.88975400000000,Ioniq 6,2026,,native only
7-ELEVEN 20101 POMNA DC2,34.067350000000000,-117.71904000000000,Ioniq 5 N,2025,2025,native only
"Target T0265 (Paradise, NV)",36.115690000000000,-115.13926000000000,Kona Electric,2019,2025,native only
Plaza Continental - Tesla Supercharger,34.068715000000000,-117.57421800000000,Ioniq 6,2026,,native only
GF4EVA VVILLE M6 DC1,34.556277000000000,-117.28995100000000,Ioniq 5 N,2025,2025,native only
HollyWest Promenade,34.102350000000000,-118.30887000000000,Kona Electric,2019,2025,native only
City of Los Angeles Lot 745,34.101781000000000,-118.33989400000000,Ioniq 5 N,2025,2025,native only
"BOA Magnolia Park CA9-151 (Burbank, CA)",34.168130000000000,-118.34380000000000,Ioniq 5 N,2025,2025,native only
"Ultra Gas and Mart (Baker, CA)",35.262260000000000,-116.08110000000000,Ioniq 6,2022,2025,native only
Inter Community Hospital Covina,34.089977300000000,-117.89255872601200,Ioniq 6,2022,2025,native only
LA County ISD Walt Disney Parking Garage P3,34.055505000000000,-118.24885200000000,Ioniq 5,2022,2024,native only
North Las Vegas Rechargery Relay - W Centennial Pkwy,36.276117000000000,-115.17951200000000,Ioniq 5,2022,2024,native only
"Diamond Bar, CA - Tesla Supercharger",33.975843000000000,-117.83842800000000,Ioniq 5,2025,2026,native only
GF4EVA VVILLE M6 DC2,34.556316000000000,-117.28995600000000,Ioniq 6,2022,2025,native only
DC CORRIDOR EDDIES Y DC3,34.907542000000000,-116.83604800000000,Kona Electric,2019,2025,native only
CITY_OF_VERNON 1850 E25TH-5,34.014458000000000,-118.23800600000000,Ioniq 5 N,2026,2026,native only
Winterwood Pavilion,36.146180000000000,-115.06522000000000,Kona Electric,2019,2025,native only
PH SUBARU PH SUBARU,33.996114000000000,-117.91713300000000,Kona Electric,2019,2025,native only
"Las Vegas, NV - South Town Center Drive - Tesla Supercharger",36.145430000000000,-115.32712100000000,Ioniq 5,2025,2026,native only
"Walmart 2886 (Pico Rivera, CA)",33.986450000000000,-118.10495000000000,Ioniq 5,2022,2024,native only
IN-N-OUT ATLANTIC 01,33.977780000000000,-118.18719400000000,Kona Electric,2019,2025,native only
"Ralphs 32 (Los Angeles, CA)",34.068540000000000,-118.29112000000000,Ioniq 5 N,2025,2025,native only
76 Gas Station San Gabriel,34.103147800000000,-118.09930910000000,Ioniq 5 N,2025,2025,native only
"Las Vegas, NV - East Sahara Avenue - Tesla Supercharger",36.145396000000000,-115.10297800000000,Ioniq 9,2026,,native only
IN-N-OUT ATLANTIC 01,33.977780000000000,-118.18719400000000,Ioniq 6,2026,,native only
FH DELIVERY 121A4 FH SVC,34.133796000000000,-117.43710300000000,Kona Electric,2019,2025,native only
3530 West Century Blvd,33.944524100000000,-118.33324560000000,Ioniq 5 N,2025,2025,native only
City of Los Angeles Lot 670,34.102558000000000,-118.33434900000000,Ioniq 9,2026,,native only
"Huntington Park, CA - Tesla Supercharger",33.990148000000000,-118.21634500000000,Ioniq 5,2025,2026,native only
City of Los Angeles Lot 675,34.103853000000000,-118.29105200000000,Ioniq 9,2026,,native only
San Dimas Plaza Shopping Center,34.107530000000000,-117.82649000000000,Kona Electric,2019,2025,native only
CITY_OF_VERNON 1850 E25TH-6,34.014444000000000,-118.23802600000000,Ioniq 5,2025,2026,native only
Caltrans - Clyde V. Kane Rest Area - Southbound,35.034153000000000,-116.47144700000000,Ioniq 6,2022,2025,native only
Queen of the Valley Hospital - DC Fast,34.063410270693500,-117.94577555662200,Ioniq 6,2022,2025,native only
DC OB DC 3,34.846389000000000,-117.08386400000000,Ioniq 5,2022,2024,native only
California Institute of Technology - California Parking Structure,34.134066000000000,-118.12636300000000,Ioniq 6,2026,,native only
"Las Vegas, NV - 3528 South Maryland Parkway - Tesla Supercharger",36.125754000000000,-115.13462200000000,Ioniq 5,2025,2026,native only
"La Verne, CA - Tesla Supercharger",34.121427000000000,-117.78710200000000,Ioniq 5 N,2026,2026,native only
CITY_OF_VERNON 1850 E25TH-1,34.014503000000000,-118.23790700000000,Ioniq 5,2025,2026,native only
"Baker, CA - Mojave Pointe Rd - Tesla Supercharger",35.268984000000000,-116.06668900000000,Ioniq 5,2025,2026,native only
661 Imperial St,34.036128000000000,-118.23178400000000,Ioniq 6,2022,2025,native only
"Las Vegas, NV - South Maryland Parkway - Tesla Supercharger",36.030077000000000,-115.13584300000000,Ioniq 9,2026,,native only
North Las Vegas Rechargery Relay - W Centennial Pkwy,36.276117000000000,-115.17951200000000,Kona Electric,2019,2025,native only
California Institute of Technology - North Wilson Parking Structure,34.139958000000000,-118.12844600000000,Ioniq 5,2022,2024,native only
PowerStation - Rasor Rd,35.134718200000000,-116.21681310000000,Ioniq 5,2022,2024,native only
"Ralphs 715 (Monterey Park, CA)",34.066010000000000,-118.13393000000000,Ioniq 5 N,2025,2025,native only
The Elysian,34.067133000000000,-118.24929700000000,Ioniq 5 N,2025,2025,native only
Monterey Park,34.059530000000000,-118.12661000000000,Ioniq 6,2022,2025,native only
"Azusa, CA - Tesla Supercharger",34.136811000000000,-117.90852900000000,Ioniq 5 N,2026,2026,native only
"Gigahub Huntington Drive, Duarte, CA",34.140216000000000,-117.95962300000000,Ioniq 5 N,2025,2025,native only
"Walmart 5154 (Rosemead, CA)",34.050900000000000,-118.08359000000000,Ioniq 6,2022,2025,native only
"Walmart 3180 (South Gate, CA)",33.954180000000000,-118.18774000000000,Ioniq 6,2022,2025,native only
Caltrans - Valley Wells Rest Area - Northbound,35.434023000000000,-115.69926700000000,Ioniq 5,2022,2024,native only
"Westfield Culver City (Culver City, CA)",33.986880000000000,-118.39429000000000,Ioniq 5 N,2025,2025,native only
Madison Parking Lot,34.015769507079150,-118.40447340393226,Ioniq 6,2022,2025,native only
Gaudin Ford,36.064736000000000,-115.23674100000000,Kona Electric,2019,2025,native only
FINDLAY AUTO ABB STATION1,36.143714000000000,-115.21425600000000,Ioniq 6,2022,2025,native only
Veteran's Memorial Park,34.012781000000000,-118.40304000000000,Ioniq 5,2022,2024,native only
G&M OIL G&M #76,34.165551000000000,-117.33235100000000,Ioniq 5,2022,2024,native only
"Victorville, CA - Amargosa Road - Tesla Supercharger",34.463006000000000,-117.35421800000000,Ioniq 5 N,2026,2026,native only
DOWNEYHYUNDAI CPE250 1,33.946263000000000,-118.14534200000000,Ioniq 6,2022,2025,native only
L516 DC01,34.034420000000000,-118.27100300000000,Ioniq 5,2022,2024,native only
"Glendale, CA - N Glendale Ave - Tesla Supercharger",34.149535700000000,-118.24781960000000,Ioniq 6,2026,,native only
City of Los Angeles Lot 744,33.961488000000000,-118.29207000000000,Ioniq 9,2026,,native only
MIDTOWN LA MIDTOWN DC,34.047397000000000,-118.33611300000000,Ioniq 5,2022,2024,native only
"Las Vegas, NV",36.066487600000000,-115.17950700000000,Ioniq 5 N,2025,2025,native only
1310 W Baseline Rd,34.122101000000000,-117.39687900000000,Ioniq 6,2022,2025,native only
8000 Sunset Blvd,34.097482500000000,-118.36446270000000,Ioniq 6,2022,2025,native only
CITY_OF_VERNON 1850 E25TH-2,34.014493000000000,-118.23793900000000,Ioniq 5,2022,2024,native only
"Ontario, CA - N Haven Ave - Tesla Supercharger",34.076981000000000,-117.57431100000000,Ioniq 5 N,2026,2026,native only
"Target 1033 (Baldwin Park, CA)",34.070710000000000,-117.97825000000000,Ioniq 5,2022,2024,native only
BMW of Monrovia,34.137556000000000,-117.98705400000000,Ioniq 5 N,2025,2025,native only
"San Bernardino, CA - W Little League Dr - Tesla Supercharger",34.192431000000000,-117.36214700000000,Ioniq 5,2025,2026,native only
Airport Marina Ford,33.976019000000000,-118.38478300000000,Ioniq 5,2022,2024,native only
"Target T2179 (Diamond Bar, CA)",34.004360000000000,-117.82223000000000,Ioniq 9,2026,,native only
KH Structure,34.062704800000000,-118.20349060000000,Ioniq 5,2022,2024,native only
CITY_OF_VERNON 1850 E25TH-6,34.014444000000000,-118.23802600000000,Ioniq 5 N,2026,2026,native only
"Diamond Bar, CA - Golden Springs Drive - Tesla Supercharger",33.999023000000000,-117.84384400000000,Ioniq 5,2025,2026,native only
"West Covina, CA - E Eastland Center Drive - Tesla Supercharger",34.073884000000000,-117.88975400000000,Ioniq 5 N,2026,2026,native only
City of Los Angeles Lot 657,34.072877000000000,-118.21769000000000,Ioniq 5 N,2025,2025,native only
CITY_OF_VERNON 1850 E25TH-1,34.014503000000000,-118.23790700000000,Ioniq 6,2022,2025,native only
G&M OIL CHEVRON #27,34.470993000000000,-117.35262000000000,Kona Electric,2019,2025,native only
El Centro,34.101510000000000,-118.32467000000000,Ioniq 5 N,2025,2025,native only
"BOA Magnolia Park CA9-151 (Burbank, CA)",34.168130000000000,-118.34380000000000,Ioniq 6,2022,2025,native only
The Elysian - Tenants Only,34.066624000000000,-118.24822700000000,Ioniq 6,2022,2025,native only
City of Pasadena - Del Mar Station,34.142000000000000,-118.14862600000000,Ioniq 5,2022,2024,native only
City of Los Angeles Lot 744,33.961488000000000,-118.29207000000000,Ioniq 5 N,2025,2025,native only
"Las Vegas, NV - East Twain Avenue - Tesla Supercharger",36.121869000000000,-115.14503000000000,Ioniq 5 N,2026,2026,native only
CITY_OF_VERNON 3805 SOTO-1,34.007812000000000,-118.21992600000000,Ioniq 9,2026,,native only
CITY_OF_VERNON 3805 SOTO-10,34.008061000000000,-118.22000100000000,Ioniq 5 N,2026,2026,native only
"Kroger Smiths 305 (Sunrise, NV)",36.173860000000000,-115.09644000000000,Ioniq 5 N,2025,2025,native only
"Kroger Smiths 305 (Sunrise, NV)",36.173860000000000,-115.09644000000000,Kona Electric,2019,2025,native only
Metro Nissan of Montclair,34.082222000000000,-117.69490300000000,Kona Electric,2019,2025,native only
Site 2,36.283102000000000,-115.02908300000000,Ioniq 5,2022,2024,native only
RANCHOCUCAMONGA DCFC CITY HALL,34.103720000000000,-117.57447700000000,Ioniq 5,2022,2024,native only
Hilton Plaza,34.080257000000000,-118.10265600000000,Ioniq 5 N,2025,2025,native only
Barstow - Coral Charge,34.891277870000000,-117.00371410000000,Kona Electric,2019,2025,native only
1135 W Renaissance Parkway,34.132132000000000,-117.39271700000000,Ioniq 5 N,2025,2025,native only
"Barstow, CA - 1503 East Main Street - Tesla Supercharger",34.893641000000000,-117.00244400000000,Ioniq 5,2025,2026,native only
CITY_OF_VERNON 3805 SOTO-3,34.007876000000000,-118.21990100000000,Ioniq 5,2025,2026,native only
Puente Hills Town Center,33.990370000000000,-117.92588000000000,Kona Electric,2019,2025,native only
US Bank San Gabriel,34.103709800000000,-118.08949900000000,Kona Electric,2019,2025,native only
Madison Parking Lot,34.015769507079150,-118.40447340393226,Ioniq 5,2022,2024,native only
LOVE'S 374 - CA #374 DC1,34.856826000000000,-117.09190800000000,Ioniq 5 N,2025,2025,native only
"Inglewood, CA - Tesla Supercharger",33.944904000000000,-118.33438400000000,Ioniq 5,2025,2026,native only
"Target T1524 (Spring Valley, NV)",36.114810000000000,-115.31058000000000,Ioniq 6,2022,2025,native only
WLCAC,33.936653700000000,-118.25362400000000,Kona Electric,2019,2025,native only
G&M OIL CHEVRON #27,34.470993000000000,-117.35262000000000,Ioniq 6,2022,2025,native only
LADWP - John Ferraro Building,34.059133000000000,-118.24858900000000,Kona Electric,2019,2025,native only
Diamond Creek Village Shopping Center,33.998580000000000,-117.84349000000000,Ioniq 5 N,2025,2025,native only
Inter Community Hospital Covina,34.089977300000000,-117.89255872601200,Kona Electric,2019,2025,native only
Las Vegas,35.999436000000000,-115.17175500000000,Ioniq 6,2022,2025,native only
FH DELIVERY 123FC FH SVC,34.133956000000000,-117.43697400000000,Ioniq 5,2022,2024,with adapter
WinCo Foods - Pomona #57,34.027210000000000,-117.76206000000000,Ioniq 6,2026,,with adapter
MIDTOWN LA MIDTOWN DC,34.047397000000000,-118.33611300000000,Ioniq 5,2022,2024,with adapter
"Vernon, CA - Tesla Supercharger",34.008045000000000,-118.22020100000000,Ioniq 9,2026,,with adapter
IN-N-OUT ATLANTIC 01,33.977780000000000,-118.18719400000000,Kona Electric,2019,2025,with adapter
FH DELIVERY 123FC FH SVC,34.133956000000000,-117.43697400000000,Ioniq 6,2026,,with adapter
IN-N-OUT ATLANTIC 01,33.977780000000000,-118.18719400000000,Ioniq 6,2026,,with adapter
"Ontario, CA - N Haven Ave - Tesla Supercharger",34.076981000000000,-117.57431100000000,Ioniq 5 N,2026,2026,with adapter
City of Los Angeles Lot 670,34.102558000000000,-118.33434900000000,Ioniq 9,2026,,with adapter
Diamond Creek Village Shopping Center,33.998580000000000,-117.84349000000000,Ioniq 5 N,2025,2025,with adapter
"BOA Magnolia Park CA9-151 (Burbank, CA)",34.168130000000000,-118.34380000000000,Ioniq 5 N,2025,2025,with adapter
El Centro,34.101510000000000,-118.32467000000000,Ioniq 5 N,2025,2025,with adapter
"Covina, CA - S Barranca Ave - Tesla Supercharger",34.073767000000000,-117.88090200000000,Kona Electric,2019,2025,with adapter
"Alhambra, CA - West Valley Boulevard - Tesla Supercharger",34.077346000000000,-118.13855400000000,Ioniq 5 N,2025,2025,with adapter
CITY_OF_VERNON 1850 E25TH-5,34.014458000000000,-118.23800600000000,Ioniq 5 N,2026,2026,with adapter
"Diamond Bar, CA - Tesla Supercharger",33.975843000000000,-117.83842800000000,Ioniq 5 N,2026,2026,with adapter
"Ralphs 715 (Monterey Park, CA)",34.066010000000000,-118.13393000000000,Ioniq 9,2026,,with adapter
GF4EVA VVILLE M6 DC2,34.556316000000000,-117.28995600000000,Ioniq 6,2022,2025,with adapter
Maine Avenue Marketplace,34.090066000000000,-117.96083110000000,Ioniq 9,2026,,with adapter
Bristol Farms,34.077342000000000,-118.38849900000000,Ioniq 5 N,2025,2025,with adapter
City of Los Angeles Lot 675,34.103853000000000,-118.29105200000000,Ioniq 9,2026,,with adapter
SCPPA SCPPA CPE200T,34.118106000000000,-117.82245700000000,Ioniq 9,2026,,with adapter
DCF - JV DCF POMONA1,34.029579000000000,-117.75899900000000,Kona Electric,2019,2025,with adapter
"San Bernardino, CA - W Little League Dr - Tesla Supercharger",34.192431000000000,-117.36214700000000,Ioniq 5,2025,2026,with adapter
FINDLAY AUTO ABB STATION1,36.143714000000000,-115.21425600000000,Ioniq 6,2022,2025,with adapter
"Costco Chino Hills (Chino Hills, CA)",34.015310000000000,-117.74286000000000,Ioniq 9,2026,,with adapter
US Bank San Gabriel,34.103709800000000,-118.08949900000000,Ioniq 6,2022,2025,with adapter
Hilton Plaza,34.080257000000000,-118.10265600000000,Ioniq 5 N,2025,2025,with adapter
"Pasadena, CA - E Glenarm St - Tesla Supercharger",34.127184000000000,-118.14776100000000,Ioniq 5 N,2025,2025,with adapter
LADWP - John Ferraro Building,34.059133000000000,-118.24858900000000,Ioniq 5 N,2025,2025,with adapter
Site 2,36.283102000000000,-115.02908300000000,Ioniq 5,2022,2024,with adapter
CITY_OF_VERNON 3805 SOTO-3,34.007876000000000,-118.21990100000000,Ioniq 5,2025,2026,with adapter
Madison Parking Lot,34.015769507079150,-118.40447340393226,Ioniq 6,2022,2025,with adapter
Gaudin Ford,36.064736000000000,-115.23674100000000,Kona Electric,2019,2025,with adapter
Caltrans - Valley Wells Rest Area - Northbound,35.434023000000000,-115.69926700000000,Ioniq 5,2025,2026,with adapter
Margarita Plaza,33.975304000000000,-118.23001900000000,Ioniq 9,2026,,with adapter
"Inglewood, CA - Tesla Supercharger",33.944904000000000,-118.33438400000000,Ioniq 5,2025,2026,with adapter
"Los Angeles, CA - Venice Boulevard - Tesla Supercharger",34.027975000000000,-118.39414400000000,Ioniq 5,2022,2024,with adapter
"Target T1524 (Spring Valley, NV)",36.114810000000000,-115.31058000000000,Ioniq 6,2022,2025,with adapter
"Las Vegas, NV - 3821 West Charleston Boulevard - Tesla Supercharger",36.158707000000000,-115.19099000000000,Ioniq 5 N,2025,2025,with adapter
The Elysian,34.067133000000000,-118.24929700000000,Ioniq 5 N,2025,2025,with adapter
The Elysian,34.067133000000000,-118.24929700000000,Ioniq 9,2026,,with adapter
"Vernon, CA - Tesla Supercharger",34.008045000000000,-118.22020100000000,Kona Electric,2019,2025,with adapter
"Walmart 2886 (Pico Rivera, CA)",33.986450000000000,-118.10495000000000,Ioniq 5 N,2026,2026,with adapter
"Ralphs 32 (Los Angeles, CA)",34.068540000000000,-118.29112000000000,Ioniq 6,2022,2025,with adapter
FH DELIVERY 121A4 FH SVC,34.133796000000000,-117.43710300000000,Kona Electric,2019,2025,with adapter
99 Ranch Chino Hills,34.010479900000000,-117.74055430000000,Ioniq 5 N,2026,2026,with adapter
CITY_OF_VERNON 3805 SOTO-9,34.008059000000000,-118.21997600000000,Ioniq 5 N,2026,2026,with adapter
8000 Sunset Blvd,34.097482500000000,-118.36446270000000,Ioniq 5,2025,2026,with adapter
WattEV - Vernon (Bandini Blvd),34.003200000000000,-118.18745000000000,Ioniq 9,2026,,with adapter
Fairway Chevrolet,36.145332000000000,-115.10693200000000,Ioniq 5 N,2025,2025,with adapter
"Vernon, CA - E 25th St - Tesla Supercharger",34.014266000000000,-118.23827100000000,Ioniq 5,2022,2024,with adapter
"BOA Magnolia Park CA9-151 (Burbank, CA)",34.168130000000000,-118.34380000000000,Ioniq 6,2022,2025,with adapter
California Institute of Technology - North Wilson Parking Structure,34.139958000000000,-118.12844600000000,Ioniq 5,2022,2024,with adapter
"Covina, CA - S Barranca Ave - Tesla Supercharger",34.073767000000000,-117.88090200000000,Ioniq 5,2022,2024,with adapter
Hsi Lai Center,33.980510000000000,-117.97344600000000,Ioniq 5,2022,2024,with adapter
LADWP - John Ferraro Building,34.059133000000000,-118.24858900000000,Kona Electric,2019,2025,with adapter
515 Flower - Level A,34.051648300000000,-118.25688330000000,Ioniq 5,2025,2026,with adapter
"Shopcore One Colorado (Pasadena, CA)",34.146620000000000,-118.14963000000000,Ioniq 9,2026,,with adapter
CITY_OF_VERNON 3805 SOTO-1,34.007812000000000,-118.21992600000000,Ioniq 9,2026,,with adapter
"Glendale, CA - N Glendale Ave - Tesla Supercharger",34.149535700000000,-118.24781960000000,Ioniq 6,2026,,with adapter
"Upland, CA - Arrow Rte - Tesla Supercharger",34.099154000000000,-117.70019200000000,Kona Electric,2019,2025,with adapter
"Henderson, NV - Paseo Verde Parkway - Tesla Supercharger",36.022121000000000,-115.08922800000000,Ioniq 9,2026,,with adapter
"Las Vegas, NV - South Town Center Drive - Tesla Supercharger",36.145430000000000,-115.32712100000000,Ioniq 5,2025,2026,with adapter
"Walmart 4356 (SW Las Vegas, NV)",36.064600000000000,-115.24718000000000,Ioniq 5 N,2026,2026,with adapter
LADWP - Crenshaw,34.012230000000000,-118.33432300000000,Ioniq 5 N,2025,2025,with adapter
Resort World Las Vegas,36.135200000000000,-115.16760000000000,Ioniq 5,2025,2026,with adapter
City of Los Angeles Lot 675,34.103853000000000,-118.29105200000000,Ioniq 6,2026,,with adapter
Barstow - Coral Charge,34.891277870000000,-117.00371410000000,Kona Electric,2019,2025,with adapter
Solair Wilshire,34.061876900000000,-118.30862790000000,Ioniq 6,2026,,with adapter
US Bank San Gabriel,34.103709800000000,-118.08949900000000,Kona Electric,2019,2025,with adapter
CITY_OF_VERNON 1850 E25TH-6,34.014444000000000,-118.23802600000000,Ioniq 5,2022,2024,with adapter
Barstow - Coral Charge,34.891277870000000,-117.00371410000000,Ioniq 5,2025,2026,with adapter
BMW of Monrovia,34.137556000000000,-117.98705400000000,Ioniq 5 N,2025,2025,with adapter
"Inglewood, CA - West Imperial Highway - Tesla Supercharger",33.930757000000000,-118.32770400000000,Ioniq 9,2026,,with adapter
Queen of the Valley Hospital - DC Fast,34.063410270693500,-117.94577555662200,Ioniq 6,2022,2025,with adapter
Las Vegas - South Nellis Boulevard - Tesla Supercharger,36.144821000000000,-115.06351000000000,Ioniq 5,2025,2026,with adapter
KH Structure,34.062704800000000,-118.20349060000000,Ioniq 5,2022,2024,with adapter
76 San Gabriel,34.103300000000000,-118.09950000000000,Ioniq 9,2026,,with adapter
LA Fitness Baldwin Park,34.069344000000000,-117.97454200000000,Ioniq 5,2022,2024,with adapter
Little Caesars Pizza- 10714 S Western Ave,33.938580000000000,-118.30886000000000,Ioniq 5,2025,2026,with adapter
1820 Industrial,34.035224000000000,-118.23392000000000,Ioniq 5 N,2026,2026,with adapter
"Kroger Smiths 354 (Whitney, NV)",36.116670000000000,-115.09163000000000,Ioniq 6,2026,,with adapter
"Westfield Century City (Los Angeles, CA)",34.057940000000000,-118.41993000000000,Ioniq 9,2026,,with adapter
"West Covina, CA - E Eastland Center Drive - Tesla Supercharger",34.073884000000000,-117.88975400000000,Ioniq 6,2022,2025,with adapter
7-ELEVEN 20101 POMNA DC2,34.067350000000000,-117.71904000000000,Ioniq 5 N,2025,2025,with adapter
Veteran's Memorial Park,34.012781000000000,-118.40304000000000,Ioniq 5,2022,2024,with adapter
"Circle K - Victorville, CA",34.484505427885200,-117.33051763372900,Ioniq 5,2022,2024,with adapter
"Target T0265 (Paradise, NV)",36.115690000000000,-115.13926000000000,Ioniq 5 N,2026,2026,with adapter
Plaza Continental - Tesla Supercharger,34.068715000000000,-117.57421800000000,Ioniq 6,2026,,with adapter
G&M OIL CHEVRON #27,34.470993000000000,-117.35262000000000,Kona Electric,2019,2025,with adapter
"Target T1524 (Spring Valley, NV)",36.114810000000000,-115.31058000000000,Kona Electric,2019,2025,with adapter
WLCAC,33.936653700000000,-118.25362400000000,Ioniq 9,2026,,with adapter
76 Gas Station San Gabriel,34.103147800000000,-118.09930910000000,Ioniq 5 N,2026,2026,with adapter
WinCo Foods - Pomona #57,34.027210000000000,-117.76206000000000,Ioniq 9,2026,,with adapter
L344 MB SECOND FLOOR,34.035947000000000,-118.27297300000000,Ioniq 6,2026,,with adapter
IN-N-OUT ATLANTIC 01,33.977780000000000,-118.18719400000000,Ioniq 5 N,2026,2026,with adapter
"Walmart 5154 (Rosemead, CA)",34.050900000000000,-118.08359000000000,Ioniq 6,2022,2025,with adapter
RC SPORTS EVHUB ADA 1,34.102955000000000,-117.54406000000000,Ioniq 5,2025,2026,with adapter
"Ontario, CA - N Haven Ave - Tesla Supercharger",34.076981000000000,-117.57431100000000,Ioniq 5,2022,2024,with adapter
Rialto Village,34.073740000000000,-117.37058000000000,Ioniq 9,2026,,with adapter
LADWP - John Ferraro Building,34.059133000000000,-118.24858900000000,Ioniq 5,2022,2024,with adapter
"Las Vegas, NV - South Maryland Parkway - Tesla Supercharger",36.030077000000000,-115.13584300000000,Ioniq 9,2026,,with adapter
The Elysian - Tenants Only,34.066624000000000,-118.24822700000000,Ioniq 6,2022,2025,with adapter
GM Oil Site 76 Chevron San Bernardino,34.165633510226000,-117.33232266743800,Ioniq 6,2022,2025,with adapter
Winterwood Pavilion,36.146180000000000,-115.06522000000000,Kona Electric,2019,2025,with adapter
L344 3RD FLOOR MBZ,34.035409000000000,-118.27229600000000,Ioniq 5 N,2026,2026,with adapter
City of Los Angeles Lot 744,33.961488000000000,-118.29207000000000,Ioniq 5 N,2025,2025,with adapter
BMW of Monrovia,34.137556000000000,-117.98705400000000,Ioniq 6,2026,,with adapter
Puente Hills Town Center,33.990370000000000,-117.92588000000000,Ioniq 9,2026,,with adapter
CITY_OF_VERNON 1850 E25TH-6,34.014444000000000,-118.23802600000000,Ioniq 5 N,2026,2026,with adapter
BMW of Monrovia,34.137556000000000,-117.98705400000000,Ioniq 5 N,2026,2026,with adapter
"South Gate, CA - Tesla Supercharger",33.948775000000000,-118.16424000000000,Ioniq 5 N,2025,2025,with adapter
3029 S Robertson Blvd,34.032567400000000,-118.39053970000000,Ioniq 5 N,2026,2026,with adapter
KH Structure,34.062704800000000,-118.20349060000000,Kona Electric,2019,2025,with adapter
"Barstow, CA - 1503 East Main Street - Tesla Supercharger",34.893641000000000,-117.00244400000000,Ioniq 5,2022,2024,with adapter
San Dimas Plaza Shopping Center,34.107530000000000,-117.82649000000000,Ioniq 9,2026,,with adapter
Madison Parking Lot,34.015769507079150,-118.40447340393226,Ioniq 5,2022,2024,with adapter
Caltrans - Valley Wells Rest Area - Northbound,35.434023000000000,-115.69926700000000,Ioniq 5,2022,2024,with adapter
"Pomona, CA - Tesla Supercharger",34.026968000000000,-117.76228800000000,Kona Electric,2019,2025,with adapter
Sunny Plaza,34.080280000000000,-118.09299100000000,Kona Electric,2019,2025,with adapter
Sunny Plaza,34.080280000000000,-118.09299100000000,Ioniq 5,2022,2024,with adapter
"North Las Vegas, NV - East Lake Mead South Boulevard - Tesla Supercharger",36.195978000000000,-115.13200700000000,Ioniq 6,2026,,with adapter
"Inglewood, CA - Tesla Supercharger",33.944904000000000,-118.33438400000000,Ioniq 5,2022,2024,with adapter
WLCAC,33.936653700000000,-118.25362400000000,Kona Electric,2019,2025,with adapter
US Bank 3355 Glendale,34.119663300000000,-118.25953740000000,Ioniq 5,2022,2024,with adapter
City of Los Angeles Lot 745,34.101781000000000,-118.33989400000000,Ioniq 5 N,2025,2025,with adapter
"Los Angeles, CA - Venice Boulevard - Tesla Supercharger",34.027975000000000,-118.39414400000000,Ioniq 6,2022,2025,with adapter
"Ontario, CA - Ontario Mills Pkwy - Tesla Supercharger",34.068955000000000,-117.55628500000000,Ioniq 6,2026,,with adapter
Norfolk Upper Lot,34.060000000000000,-118.20000000000000,Ioniq 5 N,2026,2026,with adapter
"West Covina, CA - 1414 S Azusa Ave - Tesla Supercharger",34.047677000000000,-117.90707500000000,Kona Electric,2019,2025,with adapter
WattEV - Vernon (Bandini Blvd),34.003200000000000,-118.18745000000000,Ioniq 5,2025,2026,with adapter
"Huntington Park, CA - Tesla Supercharger",33.990148000000000,-118.21634500000000,Ioniq 5,2025,2026,with adapter
WattEV - Vernon (Bandini Blvd),34.003200000000000,-118.18745000000000,Ioniq 5 N,2026,2026,with adapter
1310 W Baseline Rd,34.122101000000000,-117.39687900000000,Ioniq 5,2025,2026,with adapter
City of Los Angeles Lot 639,34.108426000000000,-118.19387300000000,Ioniq 9,2026,,with adapter
City of Pasadena - Del Mar Station,34.142000000000000,-118.14862600000000,Ioniq 5,2022,2024,with adapter
"Diamond Bar, CA - Tesla Supercharger",33.975843000000000,-117.83842800000000,Ioniq 5,2025,2026,with adapter
"West Covina, CA - Tesla Supercharger",34.070645000000000,-117.88908200000000,Ioniq 5,2022,2024,with adapter
PH SUBARU PH SUBARU,33.996114000000000,-117.91713300000000,Ioniq 5 N,2026,2026,with adapter
CITY_OF_VERNON 3805 SOTO-6,34.007957000000000,-118.21989500000000,Ioniq 5 N,2026,2026,with adapter
CITY_OF_VERNON 3805 SOTO-10,34.008061000000000,-118.22000100000000,Ioniq 5,2025,2026,with adapter
PH SUBARU PH SUBARU,33.996114000000000,-117.91713300000000,Kona Electric,2019,2025,with adapter
Maine Avenue Marketplace,34.090066000000000,-117.96083110000000,Ioniq 6,2026,,with adapter
CITY_OF_VERNON 1850 E25TH-5,34.014458000000000,-118.23800600000000,Ioniq 6,2022,2025,with adapter
"Rancho Cucamonga, CA – Foothill Boulevard - Tesla Supercharger",34.106565000000000,-117.52688900000000,Ioniq 6,2022,2025,with adapter
L446 1,36.273183000000000,-115.26523900000000,Ioniq 6,2026,,with adapter
San Dimas Plaza Shopping Center,34.107530000000000,-117.82649000000000,Kona Electric,2019,2025,with adapter
Airport Marina Ford,33.976019000000000,-118.38478300000000,Ioniq 5,2022,2024,with adapter
"Las Vegas, NV - East Windmill Lane - Tesla Supercharger",36.042548790000000,-115.15263582000000,Ioniq 9,2026,,with adapter
Little Caesars Pizza- 10714 S Western Ave,33.938580000000000,-118.30886000000000,Ioniq 9,2026,,with adapter
Ford Country,36.048478000000000,-115.02823000000000,Ioniq 9,2026,,with adapter
CITY_OF_VERNON 3805 SOTO-7,34.007973000000000,-118.21989600000000,Kona Electric,2019,2025,with adapter
Caltrans - Clyde V. Kane Rest Area - Southbound,35.034153000000000,-116.47144700000000,Ioniq 6,2022,2025,with adapter
Ontario Mills - Skechers,34.071281000000000,-117.54922700000000,Ioniq 5,2025,2026,with adapter
"Kroger Smiths 354 (Whitney, NV)",36.116670000000000,-115.09163000000000,Ioniq 5 N,2026,2026,with adapter
"Westfield Culver City (Culver City, CA)",33.986880000000000,-118.39429000000000,Ioniq 5 N,2026,2026,with adapter
California Institute of Technology - California Parking Structure,34.134066000000000,-118.12636300000000,Ioniq 6,2026,,with adapter
Inglewood City Hall,33.962406000000000,-118.35363500000000,Ioniq 5,2025,2026,with adapter
"City of Industry, CA - Colima Road - Tesla Supercharger",33.990892000000000,-117.92528400000000,Ioniq 5 N,2026,2026,with adapter
LA County DHS 313 Fig,34.060148000000000,-118.25074700000000,Ioniq 9,2026,,with adapter
CITY_OF_VERNON 1850 E25TH-1,34.014503000000000,-118.23790700000000,Ioniq 6,2022,2025,with adapter
Puente Hills Nissan,33.998192000000000,-117.92814600000000,Ioniq 6,2022,2025,with adapter
76 Gas Station San Gabriel,34.103147800000000,-118.09930910000000,Ioniq 9,2026,,with adapter
FH DELIVERY 123FC FH SVC,34.133956000000000,-117.43697400000000,Ioniq 9,2026,,with adapter
"Las Vegas, NV",36.066487600000000,-115.17950700000000,Ioniq 5 N,2025,2025,with adapter
"Hacienda Heights, CA - Tesla Supercharger",34.010078000000000,-117.96116900000000,Ioniq 6,2022,2025,with adapter
"Azusa, CA - Tesla Supercharger",34.136811000000000,-117.90852900000000,Ioniq 5 N,2026,2026,with adapter
"West Covina, CA - 1414 S Azusa Ave - Tesla Supercharger",34.047677000000000,-117.90707500000000,Ioniq 5 N,2025,2025,with adapter
CITY_OF_VERNON 1850 E25TH-2,34.014493000000000,-118.23793900000000,Ioniq 5,2022,2024,with adapter
Emser International,34.063430000000000,-118.36870000000000,Ioniq 5,2025,2026,with adapter
661 Imperial St,34.036128000000000,-118.23178400000000,Ioniq 6,2022,2025,with adapter
El Centro,34.101510000000000,-118.32467000000000,Ioniq 5 N,2026,2026,with adapter
Inter Community Hospital Covina,34.089977300000000,-117.89255872601200,Ioniq 6,2022,2025,with adapter
"Ultra Gas and Mart (Baker, CA)",35.262260000000000,-116.08110000000000,Ioniq 6,2022,2025,with adapter
"Walmart 4340 (Hesperia, CA)",34.424540000000000,-117.37148000000000,Ioniq 5 N,2026,2026,with adapter
"North Las Vegas, NV - Tesla Supercharger",36.239084000000000,-115.11611700000000,Ioniq 5 N,2026,2026,with adapter
LA County ISD Walt Disney Parking Garage P3,34.055505000000000,-118.24885200000000,Ioniq 5,2022,2024,with adapter
DC CORRIDOR EDDIES Y DC3,34.907542000000000,-116.83604800000000,Ioniq 5 N,2026,2026,with adapter
Tesla Diner - Tesla Supercharger,34.091268000000000,-118.34221500000000,Ioniq 5 N,2025,2025,with adapter
"Las Vegas, NV - South Town Center Drive - Tesla Supercharger",36.145430000000000,-115.32712100000000,Ioniq 9,2026,,with adapter
"Las Vegas, NV - East Twain Avenue - Tesla Supercharger",36.121869000000000,-115.14503000000000,Ioniq 5 N,2026,2026,with adapter
"Ralphs 715 (Monterey Park, CA)",34.066010000000000,-118.13393000000000,Kona Electric,2019,2025,with adapter
"Las Vegas, NV - South Decatur Boulevard - Tesla Supercharger",36.171532000000000,-115.20723300000000,Ioniq 5 N,2025,2025,with adapter
"Target 1033 (Baldwin Park, CA)",34.070710000000000,-117.97825000000000,Ioniq 5,2022,2024,with adapter
"Target 1033 (Baldwin Park, CA)",34.070710000000000,-117.97825000000000,Ioniq 9,2026,,with adapter
Caltrans - Clyde V. Kane Rest Area - Northbound,35.031900000000000,-116.46912800000000,Ioniq 5 N,2026,2026,with adapter
San Dimas Plaza Shopping Center,34.107530000000000,-117.82649000000000,Ioniq 6,2022,2025,with adapter
RC SPORTS EVHUB ADJ SWGR,34.102644000000000,-117.54410000000000,Ioniq 6,2022,2025,with adapter
1135 W Renaissance Parkway,34.132132000000000,-117.39271700000000,Ioniq 5 N,2025,2025,with adapter
"Walmart 3180 (South Gate, CA)",33.954180000000000,-118.18774000000000,Kona Electric,2019,2025,with adapter
Diamond Hills Plaza,33.975996600000000,-117.83810960000000,Kona Electric,2019,2025,with adapter
"Westfield Culver City (Culver City, CA)",33.986880000000000,-118.39429000000000,Ioniq 5 N,2025,2025,with adapter
RC SPORTS EVHUB MIDDLE,34.102745000000000,-117.54397000000000,Ioniq 6,2026,,with adapter
"West Covina, CA - E Eastland Center Drive - Tesla Supercharger",34.073884000000000,-117.88975400000000,Ioniq 6,2026,,with adapter
Onyx Towers,34.062740000000000,-118.36189000000000,Ioniq 5 N,2026,2026,with adapter
"Universal City, CA - Tesla Supercharger",34.138042000000000,-118.35927200000000,Ioniq 5 N,2025,2025,with adapter
DC OB DC 3,34.846389000000000,-117.08386400000000,Ioniq 5,2022,2024,with adapter
Covina Hills Chevrolet,34.078031000000000,-117.89101400000000,Ioniq 9,2026,,with adapter
LOVE'S 374 - CA #374 DC1,34.856826000000000,-117.09190800000000,Ioniq 6,2026,,with adapter
"Baker, CA - Mojave Pointe Rd - Tesla Supercharger",35.268984000000000,-116.06668900000000,Ioniq 5,2025,2026,with adapter
US Bank 3355 Glendale,34.119663300000000,-118.25953740000000,Ioniq 9,2026,,with adapter
City of South Pasadena,34.116310000000000,-118.15215000000000,Ioniq 5 N,2026,2026,with adapter
"Hesperia, CA - Tesla Supercharger",34.424701000000000,-117.38573800000000,Ioniq 5,2022,2024,with adapter
"Walmart 2886 (Pico Rivera, CA)",33.986450000000000,-118.10495000000000,Ioniq 5,2022,2024,with adapter
"Las Vegas, NV - East Sahara Avenue - Tesla Supercharger",36.145396000000000,-115.10297800000000,Kona Electric,2019,2025,with adapter
"Ralphs 32 (Los Angeles, CA)",34.068540000000000,-118.29112000000000,Ioniq 5 N,2025,2025,with adapter
"Kroger Smiths 305 (Sunrise, NV)",36.173860000000000,-115.09644000000000,Ioniq 5 N,2026,2026,with adapter
3530 West Century Blvd,33.944524100000000,-118.33324560000000,Ioniq 5 N,2025,2025,with adapter
"Gigahub Huntington Drive, Duarte, CA",34.140216000000000,-117.95962300000000,Ioniq 5 N,2025,2025,with adapter
"Barstow, CA - Tanger Way - Tesla Supercharger",34.844499000000000,-117.08577100000000,Kona Electric,2019,2025,with adapter
Montclair East Shopping Center,34.088568000000000,-117.68592700000000,Ioniq 5 N,2025,2025,with adapter
The Village at Century,33.944829000000000,-118.33068600000000,Ioniq 5,2022,2024,with adapter
The Village at Century,33.944829000000000,-118.33068600000000,Ioniq 6,2022,2025,with adapter
"Walmart 5154 (Rosemead, CA)",34.050900000000000,-118.08359000000000,Ioniq 9,2026,,with adapter
"Ontario, CA - N Haven Ave - Tesla Supercharger",34.076981000000000,-117.57431100000000,Ioniq 6,2026,,with adapter
"Hacienda Heights, CA - Tesla Supercharger",34.010078000000000,-117.96116900000000,Ioniq 9,2026,,with adapter
1310 W Baseline Rd,34.122101000000000,-117.39687900000000,Ioniq 6,2022,2025,with adapter
"Huntington Park, CA - Tesla Supercharger",33.990148000000000,-118.21634500000000,Kona Electric,2019,2025,with adapter
661 Imperial St,34.036128000000000,-118.23178400000000,Ioniq 5 N,2025,2025,with adapter
Hilton Los Angeles/San Gabriel,34.080799000000000,-118.10248700000000,Ioniq 5,2025,2026,with adapter
"North Las Vegas, NV - Tesla Supercharger",36.239084000000000,-115.11611700000000,Ioniq 5,2022,2024,with adapter
"Commerce, CA - E Telegraph Rd - Tesla Supercharger",33.998388000000000,-118.14614700000000,Ioniq 6,2026,,with adapter
Las Vegas,35.999436000000000,-115.17175500000000,Ioniq 6,2022,2025,with adapter
LA County ISD Walt Disney Parking Garage P3,34.055505000000000,-118.24885200000000,Ioniq 6,2022,2025,with adapter
"Diamond Bar, CA - Tesla Supercharger",33.975843000000000,-117.83842800000000,Ioniq 6,2022,2025,with adapter
PowerStation - Rasor Rd,35.134718200000000,-116.21681310000000,Ioniq 5,2022,2024,with adapter
City of Pasadena - Del Mar Station,34.142000000000000,-118.14862600000000,Ioniq 5 N,2026,2026,with adapter
"Montebello Plaza (Montebello , CA)",34.031070000000000,-118.12404000000000,Ioniq 5 N,2025,2025,with adapter
GF4EVA VVILLE M6 DC2,34.556316000000000,-117.28995600000000,Ioniq 6,2026,,with adapter
"Ralphs 715 (Monterey Park, CA)",34.066010000000000,-118.13393000000000,Ioniq 5 N,2025,2025,with adapter
"Glendale, CA - N Glendale Ave - Tesla Supercharger",34.149535700000000,-118.24781960000000,Ioniq 6,2022,2025,with adapter
"Pavilions 2229 (Los Angeles, CA)",34.083640000000000,-118.32747000000000,Ioniq 5 N,2026,2026,with adapter
GM Oil Site 111 FoodMart Los Angeles,34.018660888026000,-118.35493777871600,Ioniq 9,2026,,with adapter
Puente Hills Town Center,33.990370000000000,-117.92588000000000,Kona Electric,2019,2025,with adapter
RANCHOCUCAMONGA DCFC CITY HALL,34.103720000000000,-117.57447700000000,Ioniq 5,2022,2024,with adapter
CITY_OF_VERNON 1850 E25TH-10,34.014380000000000,-118.23810800000000,Ioniq 9,2026,,with adapter
"Target T2179 (Diamond Bar, CA)",34.004360000000000,-117.82223000000000,Ioniq 9,2026,,with adapter
Park Towers at Hughes Center,36.115304500000000,-115.15677400000000,Ioniq 5 N,2025,2025,with adapter
Madison Parking Lot,34.015769507079150,-118.40447340393226,Ioniq 5 N,2026,2026,with adapter
DC OB DC 3,34.846389000000000,-117.08386400000000,Ioniq 6,2022,2025,with adapter
Motel 6 Chino,34.031418000000000,-117.69093210000000,Ioniq 6,2026,,with adapter
Puente Hills Town Center,33.990370000000000,-117.92588000000000,Ioniq 6,2022,2025,with adapter
Chase Bank - 925 N Hacienda Blvd,34.036106000000000,-117.95038500000000,Ioniq 5 N,2026,2026,with adapter
"Universal City, CA - Tesla Supercharger",34.138042000000000,-118.35927200000000,Ioniq 5 N,2026,2026,with adapter
Sunny Plaza,34.080280000000000,-118.09299100000000,Ioniq 5,2025,2026,with adapter
G&M OIL G&M #76,34.165551000000000,-117.33235100000000,Ioniq 5,2022,2024,with adapter
"Target T0265 (Paradise, NV)",36.115690000000000,-115.13926000000000,Kona Electric,2019,2025,with adapter
The Mall of Victor Valley,34.472906000000000,-117.35014200000000,Ioniq 6,2026,,with adapter
HollyWest Promenade,34.102350000000000,-118.30887000000000,Ioniq 5,2022,2024,with adapter
"Las Vegas, NV - 3528 South Maryland Parkway - Tesla Supercharger",36.125754000000000,-115.13462200000000,Ioniq 6,2022,2025,with adapter
"La Verne, CA - Tesla Supercharger",34.121427000000000,-117.78710200000000,Ioniq 5 N,2026,2026,with adapter
City of Los Angeles Lot 628,34.074273000000000,-118.21532100000000,Ioniq 5 N,2025,2025,with adapter
H&S ENERGY H&S#20 CHEVRON,34.034767000000000,-118.09062900000000,Kona Electric,2019,2025,with adapter
CITY_OF_VERNON 1850 E25TH-1,34.014503000000000,-118.23790700000000,Ioniq 5,2025,2026,with adapter
"Kroger Smiths 305 (Sunrise, NV)",36.173860000000000,-115.09644000000000,Kona Electric,2019,2025,with adapter
"Las Vegas, NV - East Sahara Avenue - Tesla Supercharger",36.145396000000000,-115.10297800000000,Ioniq 6,2022,2025,with adapter
L344 MB SECOND FLOOR,34.035947000000000,-118.27297300000000,Ioniq 5,2025,2026,with adapter
76 Gas Station San Gabriel,34.103147800000000,-118.09930910000000,Ioniq 5,2022,2024,with adapter
The Village at Century,33.944829000000000,-118.33068600000000,Ioniq 5 N,2026,2026,with adapter
IN-N-OUT ATLANTIC 04,33.977378000000000,-118.18745900000000,Ioniq 5,2022,2024,with adapter
7Charge - Covina 22548,34.086890000000000,-117.92584000000000,Kona Electric,2019,2025,with adapter
Covina Town Square,34.105800000000000,-117.90569000000000,Ioniq 5 N,2026,2026,with adapter
Covina Town Square,34.105800000000000,-117.90569000000000,Ioniq 5,2022,2024,with adapter
CITY_OF_VERNON 1850 E25TH-2,34.014493000000000,-118.23793900000000,Ioniq 9,2026,,with adapter
Culver City Senior Center,34.014540000000000,-118.40405000000000,Ioniq 5,2022,2024,with adapter
BAKER TRAVEL PLAZA,35.276756900000000,-116.05701660000000,Ioniq 6,2026,,with adapter
Las Vegas NV - West Tropical Parkway - Tesla Supercharger,36.271567000000000,-115.26548900000000,Kona Electric,2019,2025,with adapter
Rialto Village,34.073740000000000,-117.37058000000000,Ioniq 5 N,2026,2026,with adapter
Hilton Los Angeles/San Gabriel,34.080799000000000,-118.10248700000000,Ioniq 9,2026,,with adapter
Inter Community Hospital Covina,34.089977300000000,-117.89255872601200,Kona Electric,2019,2025,with adapter
City of Pasadena - Marengo Garage,34.144703000000000,-118.14695700000000,Ioniq 6,2026,,with adapter
"Walmart 4340 (Hesperia, CA)",34.424540000000000,-117.37148000000000,Ioniq 5 N,2025,2025,with adapter
North Las Vegas Rechargery Relay - W Centennial Pkwy,36.276117000000000,-115.17951200000000,Kona Electric,2019,2025,with adapter
DC CORRIDOR EDDIES Y DC3,34.907542000000000,-116.83604800000000,Kona Electric,2019,2025,with adapter
Winterwood Pavilion,36.146180000000000,-115.06522000000000,Ioniq 9,2026,,with adapter
"Alhambra, CA - West Valley Boulevard - Tesla Supercharger",34.077346000000000,-118.13855400000000,Ioniq 5,2022,2024,with adapter
CITY_OF_VERNON 3805 SOTO-10,34.008061000000000,-118.22000100000000,Ioniq 5 N,2026,2026,with adapter
Winterwood Pavilion,36.146180000000000,-115.06522000000000,Ioniq 5,2025,2026,with adapter
Victoria Gardens,34.112867000000000,-117.53342300000000,Ioniq 9,2026,,with adapter
AMPM ARCO BEAR VALLEY 2,34.470448000000000,-117.31275100000000,Ioniq 5 N,2025,2025,with adapter
City of Pasadena - Shopper's Lane,34.138606025541100,-118.13112326151200,Ioniq 5 N,2025,2025,with adapter
San Dimas Plaza Shopping Center,34.107530000000000,-117.82649000000000,Ioniq 6,2026,,with adapter
CITY_OF_VERNON 1850 E25TH-6,34.014444000000000,-118.23802600000000,Ioniq 5,2025,2026,with adapter
"BOA Crenshaw Imperial CA8-191 (Inglewood, CA)",33.929310000000000,-118.32674000000000,Ioniq 5,2025,2026,with adapter
Little Caesars Pizza- 10714 S Western Ave,33.938580000000000,-118.30886000000000,Ioniq 6,2022,2025,with adapter
"Las Vegas, NV - 7400 Las Vegas Boulevard South - Tesla Supercharger",36.056640000000000,-115.17045900000000,Ioniq 6,2022,2025,with adapter
"Sam's Club 4974 (North Las Vegas, NV)",36.241090000000000,-115.11261000000000,Ioniq 5,2025,2026,with adapter
Solair Wilshire,34.061876900000000,-118.30862790000000,Ioniq 9,2026,,with adapter
Norm Reeves Honda Superstore West Covina,34.070390000000000,-117.90579000000000,Ioniq 5 N,2026,2026,with adapter
"Diamond Bar, CA - Golden Springs Drive - Tesla Supercharger",33.999023000000000,-117.84384400000000,Ioniq 5,2025,2026,with adapter
"San Gabriel, CA - Tesla Supercharger",34.077496000000000,-118.10012800000000,Ioniq 5 N,2025,2025,with adapter
"Barstow, CA - 1503 East Main Street - Tesla Supercharger",34.893641000000000,-117.00244400000000,Ioniq 5,2025,2026,with adapter
City of Los Angeles Lot 628,34.074273000000000,-118.21532100000000,Ioniq 9,2026,,with adapter
"The Shops at Jurupa Valley (Jurupa Valley, CA)",34.011350000000000,-117.46173000000000,Ioniq 6,2026,,with adapter
GF4EVA VVILLE M6 DC1,34.556277000000000,-117.28995100000000,Ioniq 5 N,2025,2025,with adapter
LOVE'S 374 - CA #374 DC1,34.856826000000000,-117.09190800000000,Ioniq 5 N,2025,2025,with adapter
DOWNEYHYUNDAI CPE250 1,33.946263000000000,-118.14534200000000,Ioniq 5,2025,2026,with adapter
Puente Hills Nissan,33.998192000000000,-117.92814600000000,Ioniq 6,2026,,with adapter
"Kroger Smiths 305 (Sunrise, NV)",36.173860000000000,-115.09644000000000,Ioniq 5 N,2025,2025,with adapter
Monterey Park,34.059530000000000,-118.12661000000000,Ioniq 6,2022,2025,with adapter
76 Gas Station San Gabriel,34.103147800000000,-118.09930910000000,Ioniq 5 N,2025,2025,with adapter
JLR HENDERSON ABB 02,36.053704000000000,-115.02745100000000,Ioniq 5 N,2026,2026,with adapter
"Las Vegas, NV - East Sahara Avenue - Tesla Supercharger",36.145396000000000,-115.10297800000000,Ioniq 9,2026,,with adapter
CITY_OF_VERNON 3805 SOTO-9,34.008059000000000,-118.21997600000000,Kona Electric,2019,2025,with adapter
8000 Sunset Blvd,34.097482500000000,-118.36446270000000,Ioniq 6,2022,2025,with adapter
"Azusa, CA - Tesla Supercharger",34.136811000000000,-117.90852900000000,Ioniq 6,2022,2025,with adapter
City National Plaza,34.052093700000000,-118.25523390000000,Ioniq 5,2025,2026,with adapter
US Bank Jurupa Valley,34.012078600000000,-117.48206780000000,Ioniq 5 N,2025,2025,with adapter
661 Imperial St,34.036128000000000,-118.23178400000000,Ioniq 9,2026,,with adapter
MINI of Monrovia,34.136472000000000,-117.98718700000000,Ioniq 5,2025,2026,with adapter
City of Pasadena - Arroyo Parkway,34.127455808632000,-118.14781708221200,Ioniq 5 N,2026,2026,with adapter
LA County ISD Walt Disney Parking Garage P3,34.055505000000000,-118.24885200000000,Ioniq 9,2026,,with adapter
"Alhambra, CA - East Bay State St - Tesla Supercharger",34.095083000000000,-118.12393000000000,Ioniq 5,2025,2026,with adapter
North Las Vegas Rechargery Relay - W Centennial Pkwy,36.276117000000000,-115.17951200000000,Ioniq 5,2022,2024,with adapter
"Las Vegas, NV - West Charleston Boulevard - Tesla Supercharger",36.157865000000000,-115.33380400000000,Ioniq 9,2026,,with adapter
L516 DC01,34.034420000000000,-118.27100300000000,Ioniq 5,2022,2024,with adapter
"Las Vegas, NV - East Twain Avenue - Tesla Supercharger",36.121869000000000,-115.14503000000000,Ioniq 5 N,2025,2025,with adapter
Cadillac of Las Vegas,36.143709000000000,-115.21176200000000,Ioniq 5 N,2026,2026,with adapter
City of Los Angeles Lot 744,33.961488000000000,-118.29207000000000,Ioniq 9,2026,,with adapter
GM Oil Site 111 FoodMart Los Angeles,34.018660888026000,-118.35493777871600,Ioniq 6,2026,,with adapter
AMPM ARCO BEAR VALLEY 2,34.470448000000000,-117.31275100000000,Ioniq 6,2026,,with adapter
"Pomona, CA - Rio Rancho Road - Tesla Supercharger",34.028502000000000,-117.76035400000000,Ioniq 9,2026,,with adapter
Puente Hills Town Center,33.990370000000000,-117.92588000000000,Ioniq 5 N,2026,2026,with adapter
Metro Nissan of Montclair,34.082222000000000,-117.69490300000000,Kona Electric,2019,2025,with adapter
Las Vegas - South Nellis Boulevard - Tesla Supercharger,36.144821000000000,-115.06351000000000,Ioniq 5,2022,2024,with adapter
"City of Industry, CA - Gale Avenue - Tesla Supercharger",33.994491000000000,-117.89956900000000,Ioniq 6,2026,,with adapter
ONTARIO 76 CHARGER 2,34.063302000000000,-117.61153300000000,Ioniq 5 N,2026,2026,with adapter
"Las Vegas, NV - 7400 Las Vegas Boulevard South - Tesla Supercharger",36.056640000000000,-115.17045900000000,Ioniq 5,2025,2026,with adapter
"Walmart 3180 (South Gate, CA)",33.954180000000000,-118.18774000000000,Ioniq 6,2022,2025,with adapter
KMC Norfolk,34.062387000000000,-118.20418260000000,Ioniq 5,2025,2026,with adapter
"Kroger Smiths 354 (Whitney, NV)",36.116670000000000,-115.09163000000000,Ioniq 5 N,2025,2025,with adapter
"West Covina, CA - E Eastland Center Drive - Tesla Supercharger",34.073884000000000,-117.88975400000000,Ioniq 5 N,2026,2026,with adapter
"Forum Shops at Caesars Palace (Las Vegas, NV)",36.119740000000000,-115.17691000000000,Ioniq 6,2026,,with adapter
"BOA CA9-164 (South Pasadena, CA)",34.115130000000000,-118.15129000000000,Ioniq 5,2022,2024,with adapter
"BOA CA9-164 (South Pasadena, CA)",34.115130000000000,-118.15129000000000,Ioniq 5,2025,2026,with adapter
City of Los Angeles Lot 657,34.072877000000000,-118.21769000000000,Ioniq 5 N,2025,2025,with adapter
"Victorville, CA - Amargosa Road - Tesla Supercharger",34.463006000000000,-117.35421800000000,Ioniq 5 N,2026,2026,with adapter
"Baker, CA - Mojave Pointe Rd - Tesla Supercharger",35.268984000000000,-116.06668900000000,Ioniq 5 N,2025,2025,with adapter
"Las Vegas, NV - 3528 South Maryland Parkway - Tesla Supercharger",36.125754000000000,-115.13462200000000,Ioniq 5,2025,2026,with adapter
HollyWest Promenade,34.102350000000000,-118.30887000000000,Kona Electric,2019,2025,with adapter
"Las Vegas, NV - 3528 South Maryland Parkway - Tesla Supercharger",36.125754000000000,-115.13462200000000,Kona Electric,2019,2025,with adapter
"Barstow, CA",34.851349000000000,-117.08257800000000,Kona Electric,2019,2025,with adapter
City of Los Angeles Lot 628,34.074273000000000,-118.21532100000000,Ioniq 5 N,2026,2026,with adapter
WLCAC,33.936653700000000,-118.25362400000000,Ioniq 6,2026,,with adapter
DOWNEYHYUNDAI CPE250 1,33.946263000000000,-118.14534200000000,Ioniq 6,2022,2025,with adapter
DOWNEYHYUNDAI CPE250 1,33.946263000000000,-118.14534200000000,Ioniq 5 N,2026,2026,with adapter
G&M OIL CHEVRON #27,34.470993000000000,-117.35262000000000,Ioniq 6,2022,2025,with adapter
"Diamond Bar, CA - Tesla Supercharger",33.975843000000000,-117.83842800000000,Ioniq 9,2026,,native only
"Upland, CA - Arrow Rte - Tesla Supercharger",34.099154000000000,-117.70019200000000,Ioniq 5 N,2026,2026,native only
CITY_OF_VERNON 3805 SOTO-4,34.007896000000000,-118.21989600000000,Ioniq 9,2026,,native only
"West Covina, CA - Tesla Supercharger",34.070645000000000,-117.88908200000000,Ioniq 5,2025,2026,native only
The Elysian,34.067133000000000,-118.24929700000000,Kona Electric,2019,2025,native only
"Kroger Smiths 305 (Sunrise, NV)",36.173860000000000,-115.09644000000000,Ioniq 6,2022,2025,native only
"Ontario, CA - Ontario Mills Pkwy - Tesla Supercharger",34.068955000000000,-117.55628500000000,Ioniq 5,2025,2026,native only
99 Ranch Chino Hills,34.010479900000000,-117.74055430000000,Ioniq 5 N,2025,2025,native only
CITY_OF_VERNON 1850 E25TH-2,34.014493000000000,-118.23793900000000,Ioniq 6,2026,,native only
City of Los Angeles Lot 670,34.102558000000000,-118.33434900000000,Ioniq 5,2025,2026,native only
BAKER TRAVEL PLAZA,35.276756900000000,-116.05701660000000,Ioniq 5,2022,2024,native only
"Azusa, CA - Tesla Supercharger",34.136811000000000,-117.90852900000000,Ioniq 9,2026,,native only
SCPPA SCPPA CPE200T,34.118106000000000,-117.82245700000000,Kona Electric,2019,2025,native only
CITY_OF_VERNON 1850 E25TH-3,34.014481000000000,-118.23795800000000,Ioniq 5,2025,2026,native only
Las Vegas - South Nellis Boulevard - Tesla Supercharger,36.144821000000000,-115.06351000000000,Ioniq 5 N,2026,2026,native only
Little Caesars Pizza- 10714 S Western Ave,33.938580000000000,-118.30886000000000,Ioniq 5,2022,2024,native only
Veteran's Memorial Park,34.012781000000000,-118.40304000000000,Ioniq 5 N,2025,2025,native only
"Circle K - Victorville, CA",34.484505427885200,-117.33051763372900,Ioniq 5 N,2025,2025,native only
"Las Vegas, NV - South Maryland Parkway - Tesla Supercharger",36.030077000000000,-115.13584300000000,Ioniq 5 N,2026,2026,native only
"North Las Vegas, NV - Tesla Supercharger",36.239084000000000,-115.11611700000000,Ioniq 9,2026,,native only
Hsi Lai Center,33.980510000000000,-117.97344600000000,Ioniq 5 N,2025,2025,native only
North Las Vegas Rechargery Relay - W Centennial Pkwy,36.276117000000000,-115.17951200000000,Ioniq 9,2026,,native only
GF4EVA VVILLE M6 DC2,34.556316000000000,-117.28995600000000,Kona Electric,2019,2025,native only
Winterwood Pavilion,36.146180000000000,-115.06522000000000,Ioniq 6,2022,2025,native only
City of Los Angeles Lot 744,33.961488000000000,-118.29207000000000,Ioniq 5,2022,2024,native only
Sunset Studios,34.097298464012000,-118.31692890366400,Kona Electric,2019,2025,native only
City of Los Angeles Lot 702,34.100570000000000,-118.32733900000000,Ioniq 5,2022,2024,native only
1310 W Baseline Rd,34.122101000000000,-117.39687900000000,Ioniq 5,2022,2024,native only
Fairway Chevrolet,36.145332000000000,-115.10693200000000,Ioniq 6,2022,2025,native only
IN-N-OUT ATLANTIC 04,33.977378000000000,-118.18745900000000,Ioniq 5,2025,2026,native only
H&S ENERGY H&S#23 CHEVRON,34.046069000000000,-117.80259600000000,Ioniq 6,2022,2025,native only
"Huntington Park, CA - Tesla Supercharger",33.990148000000000,-118.21634500000000,Ioniq 5 N,2026,2026,native only
IN-N-OUT ATLANTIC 05,33.977354000000000,-118.18756900000000,Kona Electric,2019,2025,native only
CITY_OF_VERNON 3805 SOTO-7,34.007973000000000,-118.21989600000000,Ioniq 9,2026,,native only
SCPPA SCPPA CPE200T,34.118106000000000,-117.82245700000000,Ioniq 5 N,2025,2025,native only
CITY_OF_VERNON 1850 E25TH-3,34.014481000000000,-118.23795800000000,Ioniq 9,2026,,native only
"Sam's Club 4974 (North Las Vegas, NV)",36.241090000000000,-115.11261000000000,Kona Electric,2019,2025,native only
Sharp Capital,34.052690000000000,-118.26533000000000,Ioniq 5,2022,2024,native only
Little Caesars Pizza- 10714 S Western Ave,33.938580000000000,-118.30886000000000,Kona Electric,2019,2025,native only
ONTARIO 76 CHARGER 2,34.063302000000000,-117.61153300000000,Ioniq 5,2022,2024,native only
City of Los Angeles Lot 657,34.072877000000000,-118.21769000000000,Ioniq 6,2022,2025,native only
DOWNEYHYUNDAI CPE250 1,33.946263000000000,-118.14534200000000,Ioniq 5 N,2025,2025,native only
LA County DHS 313 Fig,34.060148000000000,-118.25074700000000,Ioniq 6,2022,2025,native only
"Target T1524 (Spring Valley, NV)",36.114810000000000,-115.31058000000000,Ioniq 5,2022,2024,native only
"Commerce, CA - E Telegraph Rd - Tesla Supercharger",33.998388000000000,-118.14614700000000,Ioniq 9,2026,,native only
Jordan Downs,33.946716000000000,-118.22994000000000,Ioniq 5 N,2025,2025,native only
California Institute of Technology - North Wilson Parking Structure,34.139958000000000,-118.12844600000000,Kona Electric,2019,2025,native only
City of Pasadena - Arroyo Parkway,34.127455808632000,-118.14781708221200,Kona Electric,2019,2025,native only
Friendly Ford Body Shop,36.189116000000000,-115.20506200000000,Kona Electric,2019,2025,native only
"Alhambra, CA - West Valley Boulevard - Tesla Supercharger",34.077346000000000,-118.13855400000000,Ioniq 9,2026,,native only
"Las Vegas, NV - 3821 West Charleston Boulevard - Tesla Supercharger",36.158707000000000,-115.19099000000000,Ioniq 5,2025,2026,native only
WinCo Foods - Pomona #57,34.027210000000000,-117.76206000000000,Ioniq 5,2022,2024,native only
L344 MB SECOND FLOOR,34.035947000000000,-118.27297300000000,Ioniq 5,2022,2024,native only
"Las Vegas, NV - West Craig Road - Tesla Supercharger",36.239055000000000,-115.24980200000000,Ioniq 5 N,2026,2026,native only
CITY_OF_VERNON 1850 E25TH-2,34.014493000000000,-118.23793900000000,Ioniq 5 N,2026,2026,native only
City of Los Angeles Lot 675,34.103853000000000,-118.29105200000000,Ioniq 6,2022,2025,native only
"Ontario, CA - Mills Circle - Tesla Supercharger",34.071708000000000,-117.55616000000000,Ioniq 6,2026,,native only
Ford Country,36.048478000000000,-115.02823000000000,Ioniq 6,2022,2025,native only
RC SPORTS EVHUB ADJ SWGR,34.102644000000000,-117.54410000000000,Ioniq 5 N,2025,2025,native only
"Baldwin Park, CA - Tesla Supercharger",34.079207000000000,-117.98884000000000,Ioniq 9,2026,,native only
"Ontario Mills (Ontario, CA)",34.074240000000000,-117.54753000000000,Kona Electric,2019,2025,native only
MINI of Monrovia,34.136472000000000,-117.98718700000000,Kona Electric,2019,2025,native only
The Elysian - Tenants Only,34.066624000000000,-118.24822700000000,Ioniq 5 N,2025,2025,native only
"Los Angeles, CA - Industrial Street - Tesla Supercharger",34.035783000000000,-118.23835900000000,Ioniq 9,2026,,native only
"Montebello Plaza (Montebello , CA)",34.031070000000000,-118.12404000000000,Ioniq 6,2022,2025,native only
FH DELIVERY 12339 FH SVC,34.134053000000000,-117.43728000000000,Ioniq 6,2022,2025,native only
"Las Vegas, NV - West Charleston Boulevard - Tesla Supercharger",36.157865000000000,-115.33380400000000,Ioniq 5 N,2026,2026,native only
Fountainebleau,36.138658700000000,-115.16036550000000,Ioniq 5,2022,2024,native only
Team Ford,36.259310000000000,-115.24797700000000,Kona Electric,2019,2025,native only
Puente Hills Nissan,33.998192000000000,-117.92814600000000,Ioniq 5 N,2025,2025,native only
MIDTOWN LA MIDTOWN DC,34.047397000000000,-118.33611300000000,Kona Electric,2019,2025,native only
WinCo Foods - Pomona #57,34.027210000000000,-117.76206000000000,Ioniq 6,2022,2025,native only
DC CORRIDOR EDDIES Y DC1,34.907504000000000,-116.83600100000000,Ioniq 6,2022,2025,native only
H&S ENERGY H&S#23 CHEVRON,34.046069000000000,-117.80259600000000,Ioniq 5,2022,2024,native only
CITY_OF_VERNON 3805 SOTO-7,34.007973000000000,-118.21989600000000,Ioniq 6,2022,2025,native only
Victoria Gardens,34.112867000000000,-117.53342300000000,Ioniq 6,2022,2025,native only
Downey Nissan,33.947674638000000,-118.15152577300000,Ioniq 6,2022,2025,native only
CITY_OF_VERNON 1850 E25TH-7,34.014426000000000,-118.23804700000000,Ioniq 6,2022,2025,native only
US Bank San Gabriel,34.103709800000000,-118.08949900000000,Ioniq 5 N,2025,2025,native only
CITY_OF_VERNON 3805 SOTO-3,34.007876000000000,-118.21990100000000,Ioniq 5,2022,2024,native only
"Inglewood, CA - West Imperial Highway - Tesla Supercharger",33.930757000000000,-118.32770400000000,Ioniq 6,2026,,native only
ONTARIO 76 CHARGER 2,34.063302000000000,-117.61153300000000,Ioniq 5 N,2025,2025,native only
Airport Marina Ford,33.976019000000000,-118.38478300000000,Ioniq 5 N,2025,2025,native only
"Westfield Century City (Los Angeles, CA)",34.057940000000000,-118.41993000000000,Ioniq 5,2022,2024,native only
"Pasadena, CA - E Glenarm St - Tesla Supercharger",34.127184000000000,-118.14776100000000,Ioniq 6,2026,,native only
City of Los Angeles Lot 657,34.072877000000000,-118.21769000000000,Ioniq 9,2026,,native only
DOWNEYHYUNDAI CPE250 1,33.946263000000000,-118.14534200000000,Kona Electric,2019,2025,native only
"Jurupa Valley, CA - Tesla Supercharger",34.012541000000000,-117.46064800000000,Ioniq 5 N,2026,2026,native only
"South Pasadena, CA - Tesla Supercharger",34.112612000000000,-118.15064600000000,Ioniq 5,2025,2026,native only
"Ultra Gas and Mart (Baker, CA)",35.262260000000000,-116.08110000000000,Ioniq 5 N,2025,2025,native only
GM Oil Site 76 Chevron San Bernardino,34.165633510226000,-117.33232266743800,Ioniq 5,2022,2024,native only
PowerStation - Rasor Rd,35.134718200000000,-116.21681310000000,Ioniq 5 N,2025,2025,native only
City of Pasadena - Del Mar Station,34.142000000000000,-118.14862600000000,Ioniq 5 N,2025,2025,native only
CITY_OF_VERNON 3805 SOTO-10,34.008061000000000,-118.22000100000000,Ioniq 9,2026,,native only
PH SUBARU PH SUBARU,33.996114000000000,-117.91713300000000,Ioniq 5 N,2025,2025,native only
Monterey Park,34.059530000000000,-118.12661000000000,Ioniq 5,2022,2024,native only
Culver - Motor Structure 1st Floor,34.015769507079150,-118.40445194626264,Ioniq 5,2022,2024,native only
Culver - Motor Structure 1st Floor,34.015769507079150,-118.40445194626264,Ioniq 6,2022,2025,native only
"Vernon, CA - Tesla Supercharger",34.008045000000000,-118.22020100000000,Ioniq 5 N,2026,2026,native only
Montclair East Shopping Center,34.088568000000000,-117.68592700000000,Ioniq 5,2022,2024,native only
Victoria Gardens,34.112867000000000,-117.53342300000000,Ioniq 5,2022,2024,native only
Claremont Star,34.107625900000000,-117.72058890000000,Kona Electric,2019,2025,native only
CITY_OF_VERNON 1850 E25TH-4,34.014472000000000,-118.23798500000000,Ioniq 5,2025,2026,native only
LA Fitness Baldwin Park,34.069344000000000,-117.97454200000000,Kona Electric,2019,2025,native only
Puente Hills Town Center,33.990370000000000,-117.92588000000000,Ioniq 5,2022,2024,native only
City of Los Angeles Lot 619,34.097765000000000,-118.35316900000000,Ioniq 5 N,2025,2025,native only
CITY_OF_VERNON 3805 SOTO-3,34.007876000000000,-118.21990100000000,Kona Electric,2019,2025,native only
KMC Norfolk,34.062387000000000,-118.20418260000000,Ioniq 6,2022,2025,native only
"Pasadena, CA - E Glenarm St - Tesla Supercharger",34.127184000000000,-118.14776100000000,Ioniq 5 N,2026,2026,native only
"Barstow, CA - 1503 East Main Street - Tesla Supercharger",34.893641000000000,-117.00244400000000,Ioniq 6,2026,,native only
"Los Angeles, CA - Venice Boulevard - Tesla Supercharger",34.027975000000000,-118.39414400000000,Ioniq 5,2025,2026,native only
JLRLV PUPLIC WEST DC,36.065812000000000,-115.23208400000000,Ioniq 5 N,2025,2025,native only
"Jurupa Valley, CA - Tesla Supercharger",34.012541000000000,-117.46064800000000,Ioniq 6,2026,,native only
Central & Walnut - Tesla Supercharger,34.026990000000000,-117.68730100000000,Ioniq 5 N,2026,2026,native only
"West Covina, CA - Tesla Supercharger",34.070645000000000,-117.88908200000000,Ioniq 9,2026,,native only
Tesla Diner - Tesla Supercharger,34.091268000000000,-118.34221500000000,Ioniq 6,2026,,native only
CITY_OF_VERNON 3805 SOTO-10,34.008061000000000,-118.22000100000000,Ioniq 6,2026,,native only
"Las Vegas, NV - 3821 West Charleston Boulevard - Tesla Supercharger",36.158707000000000,-115.19099000000000,Ioniq 6,2026,,native only
"Las Vegas, NV - 3821 West Charleston Boulevard - Tesla Supercharger",36.158707000000000,-115.19099000000000,Ioniq 9,2026,,native only
Norfolk Upper Lot,34.060000000000000,-118.20000000000000,Ioniq 5,2022,2024,native only
Sunset Studios,34.097298464012000,-118.31692890366400,Ioniq 5 N,2025,2025,native only
"Barstow, CA - Tanger Way - Tesla Supercharger",34.844499000000000,-117.08577100000000,Ioniq 5,2025,2026,native only
"Gigahub Huntington Drive, Duarte, CA",34.140216000000000,-117.95962300000000,Ioniq 5,2022,2024,native only
CITY_OF_VERNON 3805 SOTO-2,34.007973000000000,-118.22009600000000,Ioniq 6,2026,,native only
DC CORRIDOR EDDIES Y DC1,34.907504000000000,-116.83600100000000,Ioniq 5,2022,2024,native only
CITY_OF_VERNON 1850 E25TH-4,34.014472000000000,-118.23798500000000,Ioniq 5,2022,2024,native only
Ontario Mills - Skechers,34.071281000000000,-117.54922700000000,Ioniq 6,2022,2025,native only
Inglewood City Hall,33.962406000000000,-118.35363500000000,Ioniq 5,2022,2024,native only
GM Oil Site 111 FoodMart Los Angeles,34.018660888026000,-118.35493777871600,Ioniq 5,2022,2024,native only
DCF - JV DCF POMONA1,34.029579000000000,-117.75899900000000,Ioniq 5,2022,2024,native only
Ford Country,36.048478000000000,-115.02823000000000,Ioniq 5 N,2025,2025,native only
Veteran's Memorial Park,34.012781000000000,-118.40304000000000,Ioniq 6,2022,2025,native only
CITY_OF_VERNON 1850 E25TH-8,34.014405000000000,-118.23806900000000,Ioniq 6,2022,2025,native only
7-ELEVEN 20101 POMNA DC2,34.067350000000000,-117.71904000000000,Kona Electric,2019,2025,native only
6250 Hollywood Blvd DCFC,34.100840000000000,-118.32541000000000,Ioniq 5 N,2025,2025,native only
Chase Bank - 925 N Hacienda Blvd,34.036106000000000,-117.95038500000000,Ioniq 6,2022,2025,native only
"Las Vegas, NV - Arroyo Crossing Parkway - Tesla Supercharger",36.062251000000000,-115.25172100000000,Ioniq 9,2026,,native only
BWP EV CHARGE DCFC BWP LOT 2,34.178561000000000,-118.31623400000000,Kona Electric,2019,2025,native only
MINI of Monrovia,34.136472000000000,-117.98718700000000,Ioniq 5,2022,2024,native only
CITY_OF_VERNON 1850 E25TH-5,34.014458000000000,-118.23800600000000,Ioniq 5 N,2025,2025,native only
CITY_OF_VERNON 3805 SOTO-4,34.007896000000000,-118.21989600000000,Kona Electric,2019,2025,native only
PH SUBARU PH SUBARU,33.996114000000000,-117.91713300000000,Ioniq 5,2022,2024,native only
"Target 1033 (Baldwin Park, CA)",34.070710000000000,-117.97825000000000,Kona Electric,2019,2025,native only
"Las Vegas, NV - West Russell Road - Tesla Supercharger",36.086723000000000,-115.21072600000000,Ioniq 5,2025,2026,native only
6250 Hollywood Blvd DCFC,34.100840000000000,-118.32541000000000,Ioniq 6,2022,2025,native only
California Institute of Technology - California Parking Structure,34.134066000000000,-118.12636300000000,Kona Electric,2019,2025,native only
"Universal City, CA - Tesla Supercharger",34.138042000000000,-118.35927200000000,Ioniq 9,2026,,native only
CITY_OF_VERNON 1850 E25TH-10,34.014380000000000,-118.23810800000000,Ioniq 5,2025,2026,native only
"Las Vegas, NV - East Windmill Lane - Tesla Supercharger",36.042548790000000,-115.15263582000000,Ioniq 6,2026,,native only
Sunny Plaza,34.080280000000000,-118.09299100000000,Ioniq 6,2022,2025,native only
"Diamond Bar, CA - Golden Springs Drive - Tesla Supercharger",33.999023000000000,-117.84384400000000,Ioniq 6,2026,,native only
RC SPORTS EVHUB ADJ SWGR,34.102644000000000,-117.54410000000000,Kona Electric,2019,2025,native only
"Las Vegas, NV - 7400 Las Vegas Boulevard South - Tesla Supercharger",36.056640000000000,-115.17045900000000,Ioniq 6,2026,,native only
CITY_OF_VERNON 1850 E25TH-1,34.014503000000000,-118.23790700000000,Ioniq 6,2026,,native only
BWP EV CHARGE DCFC BWP LOT 1,34.178578000000000,-118.31621300000000,Ioniq 5,2022,2024,native only
DOWNEYHYUNDAI CPE250 1,33.946263000000000,-118.14534200000000,Ioniq 5,2022,2024,native only
Rialto Village,34.073740000000000,-117.37058000000000,Ioniq 5,2022,2024,native only
BWP EV CHARGE DCFC BWP LOT 2,34.178561000000000,-118.31623400000000,Ioniq 5,2022,2024,native only
Jordan Downs,33.946716000000000,-118.22994000000000,Ioniq 5,2022,2024,native only
"Alhambra, CA - West Valley Boulevard - Tesla Supercharger",34.077346000000000,-118.13855400000000,Ioniq 6,2026,,native only
"Hesperia, CA - Tesla Supercharger",34.424701000000000,-117.38573800000000,Ioniq 5 N,2026,2026,native only
JLR HENDERSON ABB 02,36.053704000000000,-115.02745100000000,Ioniq 5,2022,2024,native only
The Village at Century,33.944829000000000,-118.33068600000000,Ioniq 5 N,2025,2025,native only
IN-N-OUT ATLANTIC 04,33.977378000000000,-118.18745900000000,Ioniq 5 N,2026,2026,native only
"Vernon, CA - E 25th St - Tesla Supercharger",34.014266000000000,-118.23827100000000,Ioniq 6,2026,,native only
76 San Gabriel,34.103300000000000,-118.09950000000000,Kona Electric,2019,2025,native only
Ontario Mills - Skechers,34.071281000000000,-117.54922700000000,Kona Electric,2019,2025,native only
"City of Industry, CA - Colima Road - Tesla Supercharger",33.990892000000000,-117.92528400000000,Ioniq 5,2025,2026,native only
Airport Marina Ford,33.976019000000000,-118.38478300000000,Ioniq 6,2022,2025,native only
Norm Reeves Honda Superstore West Covina,34.070390000000000,-117.90579000000000,Kona Electric,2019,2025,native only
Covina Hills Chevrolet,34.078031000000000,-117.89101400000000,Ioniq 5,2022,2024,native only
Hilton Plaza,34.080257000000000,-118.10265600000000,Kona Electric,2019,2025,native only
"Sam's Club 4974 (North Las Vegas, NV)",36.241090000000000,-115.11261000000000,Ioniq 5 N,2025,2025,native only
"Las Vegas, NV - 7400 Las Vegas Boulevard South - Tesla Supercharger",36.056640000000000,-115.17045900000000,Ioniq 5 N,2026,2026,native only
LOVE'S 374 - CA #374 DC2,34.856808000000000,-117.09186500000000,Ioniq 5 N,2025,2025,native only
"Los Angeles, CA - Venice Boulevard - Tesla Supercharger",34.027975000000000,-118.39414400000000,Ioniq 5 N,2026,2026,native only
CITY_OF_VERNON 1850 E25TH-1,34.014503000000000,-118.23790700000000,Ioniq 5 N,2026,2026,native only
5420 Sunset - Tesla Supercharger (5420 Sunset),34.096946130000000,-118.30766880000000,Ioniq 5,2025,2026,native only
661 Imperial St,34.036128000000000,-118.23178400000000,Kona Electric,2019,2025,native only
El Centro,34.101510000000000,-118.32467000000000,Kona Electric,2019,2025,native only
"IKEA 413 Los Angeles (Covina, CA)",34.074180000000000,-117.88100000000000,Ioniq 6,2022,2025,native only
"BOA Magnolia Park CA9-151 (Burbank, CA)",34.168130000000000,-118.34380000000000,Kona Electric,2019,2025,native only
Inter Community Hospital Covina,34.089977300000000,-117.89255872601200,Ioniq 5,2022,2024,native only
Puente Hills Nissan,33.998192000000000,-117.92814600000000,Ioniq 5 N,2025,2025,with adapter
Monterey Park,34.059530000000000,-118.12661000000000,Ioniq 5,2022,2024,with adapter
"Gigahub Huntington Drive, Duarte, CA",34.140216000000000,-117.95962300000000,Ioniq 5,2022,2024,with adapter
"Vernon, CA - E 25th St - Tesla Supercharger",34.014266000000000,-118.23827100000000,Ioniq 6,2026,,with adapter
CITY_OF_VERNON 1850 E25TH-2,34.014493000000000,-118.23793900000000,Ioniq 5 N,2026,2026,with adapter
"Baldwin Park, CA - Tesla Supercharger",34.079207000000000,-117.98884000000000,Ioniq 5 N,2025,2025,with adapter
Fontana Ignite Fueling,34.121007500000000,-117.45312410000000,Ioniq 9,2026,,with adapter
"Commerce, CA - E Telegraph Rd - Tesla Supercharger",33.998388000000000,-118.14614700000000,Ioniq 9,2026,,with adapter
Jordan Downs,33.946716000000000,-118.22994000000000,Ioniq 5,2022,2024,with adapter
The Elysian - Tenants Only,34.066624000000000,-118.24822700000000,Ioniq 5 N,2025,2025,with adapter
CITY_OF_VERNON 3805 SOTO-4,34.007896000000000,-118.21989600000000,Ioniq 9,2026,,with adapter
Bristol Farms,34.077342000000000,-118.38849900000000,Ioniq 6,2026,,with adapter
Tesla Diner - Tesla Supercharger,34.091268000000000,-118.34221500000000,Ioniq 6,2026,,with adapter
CITY_OF_VERNON 1850 E25TH-5,34.014458000000000,-118.23800600000000,Ioniq 5 N,2025,2025,with adapter
Friendly Ford,36.178163000000000,-115.20558200000000,Ioniq 5,2025,2026,with adapter
Victoria Gardens,34.112867000000000,-117.53342300000000,Ioniq 6,2022,2025,with adapter
76 San Gabriel,34.103300000000000,-118.09950000000000,Ioniq 6,2026,,with adapter
"Ontario, CA - Mills Circle - Tesla Supercharger",34.071708000000000,-117.55616000000000,Ioniq 6,2026,,with adapter
SCPPA SCPPA CPE200T,34.118106000000000,-117.82245700000000,Kona Electric,2019,2025,with adapter
"BoA Gateway CA8-113 (Glendale, CA)",34.126080000000000,-118.25597000000000,Ioniq 5 N,2026,2026,with adapter
"South Gate, CA - Tesla Supercharger",33.948775000000000,-118.16424000000000,Ioniq 5,2022,2024,with adapter
"Target T2179 (Diamond Bar, CA)",34.004360000000000,-117.82223000000000,Ioniq 5 N,2025,2025,with adapter
Las Vegas - South Nellis Boulevard - Tesla Supercharger,36.144821000000000,-115.06351000000000,Ioniq 5 N,2026,2026,with adapter
US Bank San Gabriel,34.103709800000000,-118.08949900000000,Ioniq 5 N,2025,2025,with adapter
Ontario Mills - Skechers,34.071281000000000,-117.54922700000000,Kona Electric,2019,2025,with adapter
Honda DTLA,34.010828320642500,-118.28703020000000,Ioniq 5,2025,2026,with adapter
Madison Parking Lot,34.015769507079150,-118.40447340393226,Ioniq 9,2026,,with adapter
"City of Industry, CA - Colima Road - Tesla Supercharger",33.990892000000000,-117.92528400000000,Ioniq 5 N,2025,2025,with adapter
ONTARIO 76 CHARGER 2,34.063302000000000,-117.61153300000000,Ioniq 5,2022,2024,with adapter
LOVE'S 374 - CA #374 DC2,34.856808000000000,-117.09186500000000,Ioniq 5 N,2025,2025,with adapter
Sunny Plaza,34.080280000000000,-118.09299100000000,Ioniq 6,2022,2025,with adapter
City of Los Angeles Lot 657,34.072877000000000,-118.21769000000000,Ioniq 6,2022,2025,with adapter
City of Los Angeles Lot 657,34.072877000000000,-118.21769000000000,Ioniq 9,2026,,with adapter
"Inglewood, CA - Tesla Supercharger",33.944904000000000,-118.33438400000000,Kona Electric,2019,2025,with adapter
DOWNEYHYUNDAI CPE250 1,33.946263000000000,-118.14534200000000,Ioniq 5 N,2025,2025,with adapter
LA County DHS 313 Fig,34.060148000000000,-118.25074700000000,Ioniq 6,2022,2025,with adapter
"Los Angeles, CA - Venice Boulevard - Tesla Supercharger",34.027975000000000,-118.39414400000000,Ioniq 5 N,2026,2026,with adapter
Culver - Motor Structure 1st Floor,34.015769507079150,-118.40445194626264,Ioniq 5,2022,2024,with adapter
H&S ENERGY H&S#23 CHEVRON,34.046069000000000,-117.80259600000000,Ioniq 5,2022,2024,with adapter
The Village at Century,33.944829000000000,-118.33068600000000,Ioniq 5 N,2025,2025,with adapter
SCAQMD Offices,34.001519000000000,-117.83051900000000,Ioniq 9,2026,,with adapter
IN-N-OUT ATLANTIC 04,33.977378000000000,-118.18745900000000,Ioniq 5,2025,2026,with adapter
IN-N-OUT ATLANTIC 04,33.977378000000000,-118.18745900000000,Ioniq 5 N,2026,2026,with adapter
WattEV - Vernon (Bandini Blvd),34.003200000000000,-118.18745000000000,Ioniq 6,2026,,with adapter
"BOA Magnolia Park CA9-151 (Burbank, CA)",34.168130000000000,-118.34380000000000,Ioniq 9,2026,,with adapter
"Baldwin Park, CA - Tesla Supercharger",34.079207000000000,-117.98884000000000,Ioniq 9,2026,,with adapter
"Las Vegas, NV - South Maryland Parkway - Tesla Supercharger",36.030077000000000,-115.13584300000000,Ioniq 5 N,2025,2025,with adapter
Hsi Lai Center,33.980510000000000,-117.97344600000000,Ioniq 5 N,2025,2025,with adapter
North Las Vegas Rechargery Relay - W Centennial Pkwy,36.276117000000000,-115.17951200000000,Ioniq 9,2026,,with adapter
"Las Vegas, NV - West Charleston Boulevard - Tesla Supercharger",36.157865000000000,-115.33380400000000,Ioniq 5,2022,2024,with adapter
CITY_OF_VERNON 3805 SOTO-4,34.007896000000000,-118.21989600000000,Kona Electric,2019,2025,with adapter
Central & Walnut - Tesla Supercharger,34.026990000000000,-117.68730100000000,Ioniq 5 N,2026,2026,with adapter
"Upland, CA - Arrow Rte - Tesla Supercharger",34.099154000000000,-117.70019200000000,Ioniq 5 N,2026,2026,with adapter
PH SUBARU PH SUBARU,33.996114000000000,-117.91713300000000,Ioniq 5,2022,2024,with adapter
Claremont Star,34.107625900000000,-117.72058890000000,Kona Electric,2019,2025,with adapter
"Target 1033 (Baldwin Park, CA)",34.070710000000000,-117.97825000000000,Kona Electric,2019,2025,with adapter
Downey Nissan,33.947674638000000,-118.15152577300000,Ioniq 6,2022,2025,with adapter
"Ontario, CA - Mills Circle - Tesla Supercharger",34.071708000000000,-117.55616000000000,Ioniq 5,2022,2024,with adapter
"Inglewood, CA - West Imperial Highway - Tesla Supercharger",33.930757000000000,-118.32770400000000,Ioniq 5,2022,2024,with adapter
820 Mound Ave,34.116707000000000,-118.15159800000000,Ioniq 6,2026,,with adapter
"Walmart 1879 (Barstow, CA)",34.883720000000000,-116.99251000000000,Ioniq 5,2025,2026,with adapter
"Las Vegas, NV - 7400 Las Vegas Boulevard South - Tesla Supercharger",36.056640000000000,-115.17045900000000,Ioniq 6,2026,,with adapter
CITY_OF_VERNON 1850 E25TH-10,34.014380000000000,-118.23810800000000,Ioniq 5,2025,2026,with adapter
RC SPORTS EVHUB ADJ SWGR,34.102644000000000,-117.54410000000000,Ioniq 5 N,2025,2025,with adapter
"City of Industry, CA - Gale Avenue - Tesla Supercharger",33.994491000000000,-117.89956900000000,Ioniq 5 N,2025,2025,with adapter
6250 Hollywood Blvd DCFC,34.100840000000000,-118.32541000000000,Ioniq 5 N,2025,2025,with adapter
"Sam's Club 4974 (North Las Vegas, NV)",36.241090000000000,-115.11261000000000,Kona Electric,2019,2025,with adapter
CITY_OF_VERNON 3805 SOTO-7,34.007973000000000,-118.21989600000000,Ioniq 9,2026,,with adapter
"Pasadena, CA - E Glenarm St - Tesla Supercharger",34.127184000000000,-118.14776100000000,Ioniq 6,2026,,with adapter
LA Fitness Baldwin Park,34.069344000000000,-117.97454200000000,Ioniq 5,2025,2026,with adapter
CITY_OF_VERNON 1850 E25TH-3,34.014481000000000,-118.23795800000000,Ioniq 5,2025,2026,with adapter
1820 Industrial,34.035224000000000,-118.23392000000000,Ioniq 9,2026,,with adapter
6250 Hollywood Blvd DCFC,34.100840000000000,-118.32541000000000,Ioniq 6,2022,2025,with adapter
Norm Reeves Honda Superstore West Covina,34.070390000000000,-117.90579000000000,Kona Electric,2019,2025,with adapter
B&D PROP MGMT 2645 ST ROSE,36.014271000000000,-115.10318500000000,Ioniq 5 N,2026,2026,with adapter
"Sam's Club 4974 (North Las Vegas, NV)",36.241090000000000,-115.11261000000000,Ioniq 5 N,2025,2025,with adapter
CITY_OF_VERNON 3805 SOTO-7,34.007973000000000,-118.21989600000000,Ioniq 6,2022,2025,with adapter
"West Covina, CA - E Eastland Center Drive - Tesla Supercharger",34.073884000000000,-117.88975400000000,Ioniq 5 N,2025,2025,with adapter
"North Las Vegas, NV - East Lake Mead South Boulevard - Tesla Supercharger",36.195978000000000,-115.13200700000000,Ioniq 5 N,2025,2025,with adapter
City of Pasadena - Robinson Park,34.164516574203800,-118.15178871863500,Ioniq 9,2026,,with adapter
"The Shops at Jurupa Valley (Jurupa Valley, CA)",34.011350000000000,-117.46173000000000,Ioniq 5,2025,2026,with adapter
"Las Vegas, NV - 3821 West Charleston Boulevard - Tesla Supercharger",36.158707000000000,-115.19099000000000,Ioniq 5,2025,2026,with adapter
The Elysian,34.067133000000000,-118.24929700000000,Kona Electric,2019,2025,with adapter
"Ontario, CA - Ontario Mills Pkwy - Tesla Supercharger",34.068955000000000,-117.55628500000000,Ioniq 5,2025,2026,with adapter
3530 West Century Blvd,33.944524100000000,-118.33324560000000,Ioniq 9,2026,,with adapter
Sunset Studios,34.097298464012000,-118.31692890366400,Ioniq 5 N,2025,2025,with adapter
Montclair East Shopping Center,34.088568000000000,-117.68592700000000,Ioniq 9,2026,,with adapter
"Gigahub Huntington Drive, Duarte, CA",34.140216000000000,-117.95962300000000,Ioniq 6,2026,,with adapter
"Huntington Park, CA - Tesla Supercharger",33.990148000000000,-118.21634500000000,Ioniq 6,2022,2025,with adapter
"Azusa, CA - Tesla Supercharger",34.136811000000000,-117.90852900000000,Kona Electric,2019,2025,with adapter
Fairway Chevrolet,36.145332000000000,-115.10693200000000,Ioniq 6,2022,2025,with adapter
"Las Vegas, NV - South Maryland Parkway - Tesla Supercharger",36.030077000000000,-115.13584300000000,Ioniq 5 N,2026,2026,with adapter
California Institute of Technology - North Wilson Parking Structure,34.139958000000000,-118.12844600000000,Ioniq 6,2026,,with adapter
GM Oil Site 76 Chevron San Bernardino,34.165633510226000,-117.33232266743800,Ioniq 5,2022,2024,with adapter
PowerStation - Rasor Rd,35.134718200000000,-116.21681310000000,Ioniq 5 N,2025,2025,with adapter
FH DELIVERY 12339 FH SVC,34.134053000000000,-117.43728000000000,Ioniq 6,2022,2025,with adapter
Friendly Ford,36.178163000000000,-115.20558200000000,Ioniq 5 N,2026,2026,with adapter
Thailand Plaza,34.101990000000000,-118.30639000000000,Ioniq 5 N,2026,2026,with adapter
Downey Nissan,33.947674638000000,-118.15152577300000,Ioniq 6,2026,,with adapter
GM Oil Site 111 FoodMart Los Angeles,34.018660888026000,-118.35493777871600,Ioniq 5,2022,2024,with adapter
CITY_OF_VERNON 1850 E25TH-4,34.014472000000000,-118.23798500000000,Ioniq 5,2022,2024,with adapter
"South Gate, CA - Tesla Supercharger",33.948775000000000,-118.16424000000000,Ioniq 6,2022,2025,with adapter
"Inglewood, CA - West Imperial Highway - Tesla Supercharger",33.930757000000000,-118.32770400000000,Ioniq 6,2026,,with adapter
LA Fitness Baldwin Park,34.069344000000000,-117.97454200000000,Kona Electric,2019,2025,with adapter
Little Caesars Pizza- 10714 S Western Ave,33.938580000000000,-118.30886000000000,Ioniq 5,2022,2024,with adapter
"Las Vegas, NV - 7400 Las Vegas Boulevard South - Tesla Supercharger",36.056640000000000,-115.17045900000000,Ioniq 5,2022,2024,with adapter
Chase Bank - 925 N Hacienda Blvd,34.036106000000000,-117.95038500000000,Ioniq 6,2022,2025,with adapter
CITY_OF_VERNON 1850 E25TH-7,34.014426000000000,-118.23804700000000,Ioniq 6,2022,2025,with adapter
LADWP - John Ferraro Building,34.059133000000000,-118.24858900000000,Ioniq 5 N,2026,2026,with adapter
CITY_OF_VERNON 3805 SOTO-3,34.007876000000000,-118.21990100000000,Kona Electric,2019,2025,with adapter
RC SPORTS EVHUB MIDDLE,34.102745000000000,-117.54397000000000,Ioniq 5 N,2026,2026,with adapter
"Forum Shops at Caesars Palace (Las Vegas, NV)",36.119740000000000,-115.17691000000000,Ioniq 5,2025,2026,with adapter
Veteran's Memorial Park,34.012781000000000,-118.40304000000000,Ioniq 5 N,2025,2025,with adapter
7-ELEVEN 20101 POMNA DC2,34.067350000000000,-117.71904000000000,Kona Electric,2019,2025,with adapter
KMC Norfolk,34.062387000000000,-118.20418260000000,Ioniq 5 N,2026,2026,with adapter
"Circle K - Victorville, CA",34.484505427885200,-117.33051763372900,Ioniq 5 N,2025,2025,with adapter
"Target T1524 (Spring Valley, NV)",36.114810000000000,-115.31058000000000,Ioniq 6,2026,,with adapter
DOWNEYHYUNDAI CPE250 1,33.946263000000000,-118.14534200000000,Kona Electric,2019,2025,with adapter
"La Verne, CA - Tesla Supercharger",34.121427000000000,-117.78710200000000,Ioniq 5,2022,2024,with adapter
JLRLV PUPLIC WEST DC,36.065812000000000,-115.23208400000000,Ioniq 5 N,2025,2025,with adapter
City of South Pasadena,34.116310000000000,-118.15215000000000,Ioniq 5,2025,2026,with adapter
"Hesperia, CA - Tesla Supercharger",34.424701000000000,-117.38573800000000,Ioniq 5 N,2026,2026,with adapter
660 Mateo Parking Lot,34.035930000000000,-118.23231000000000,Ioniq 5 N,2026,2026,with adapter
FH DELIVERY 121A4 FH SVC,34.133796000000000,-117.43710300000000,Ioniq 6,2026,,with adapter
MIDTOWN LA MIDTOWN DC,34.047397000000000,-118.33611300000000,Kona Electric,2019,2025,with adapter
99 Ranch Chino Hills,34.010479900000000,-117.74055430000000,Ioniq 5 N,2025,2025,with adapter
"Bell, CA - Gage Ave - Tesla Supercharger",33.977777000000000,-118.18876900000000,Kona Electric,2019,2025,with adapter
"Barstow, CA - Tanger Way - Tesla Supercharger",34.844499000000000,-117.08577100000000,Ioniq 5,2025,2026,with adapter
H&S ENERGY H&S#23 CHEVRON,34.046069000000000,-117.80259600000000,Ioniq 5 N,2026,2026,with adapter
"Huntington Park, CA - Tesla Supercharger",33.990148000000000,-118.21634500000000,Ioniq 5 N,2026,2026,with adapter
CITY_OF_VERNON 3805 SOTO-2,34.007973000000000,-118.22009600000000,Ioniq 6,2026,,with adapter
Montclair East Shopping Center,34.088568000000000,-117.68592700000000,Ioniq 5,2022,2024,with adapter
DC CORRIDOR EDDIES Y DC1,34.907504000000000,-116.83600100000000,Ioniq 6,2022,2025,with adapter
"Walmart 5154 (Rosemead, CA)",34.050900000000000,-118.08359000000000,Ioniq 6,2026,,with adapter
Emser International,34.063430000000000,-118.36870000000000,Ioniq 9,2026,,with adapter
"BOA Magnolia Park CA9-151 (Burbank, CA)",34.168130000000000,-118.34380000000000,Kona Electric,2019,2025,with adapter
BWP EV CHARGE DCFC BWP LOT 2,34.178561000000000,-118.31623400000000,Kona Electric,2019,2025,with adapter
"South Pasadena, CA - Tesla Supercharger",34.112612000000000,-118.15064600000000,Ioniq 5,2025,2026,with adapter
"IKEA 413 Los Angeles (Covina, CA)",34.074180000000000,-117.88100000000000,Ioniq 6,2022,2025,with adapter
"Covina, CA - S Barranca Ave - Tesla Supercharger",34.073767000000000,-117.88090200000000,Ioniq 6,2022,2025,with adapter
Las Vegas,35.999436000000000,-115.17175500000000,Ioniq 5,2025,2026,with adapter
Friendly Ford Body Shop,36.189116000000000,-115.20506200000000,Ioniq 5 N,2026,2026,with adapter
"Alhambra, CA - West Valley Boulevard - Tesla Supercharger",34.077346000000000,-118.13855400000000,Ioniq 9,2026,,with adapter
"Glendale, CA - N Glendale Ave - Tesla Supercharger",34.149535700000000,-118.24781960000000,Ioniq 5 N,2025,2025,with adapter
Winterwood Pavilion,36.146180000000000,-115.06522000000000,Ioniq 6,2022,2025,with adapter
L344 3RD FLOOR MBZ,34.035409000000000,-118.27229600000000,Ioniq 9,2026,,with adapter
Team Ford,36.259310000000000,-115.24797700000000,Kona Electric,2019,2025,with adapter
CITY_OF_VERNON 3805 SOTO-10,34.008061000000000,-118.22000100000000,Ioniq 6,2026,,with adapter
"Las Vegas, NV - South Town Center Drive - Tesla Supercharger",36.145430000000000,-115.32712100000000,Ioniq 5 N,2025,2025,with adapter
Victoria Gardens,34.112867000000000,-117.53342300000000,Ioniq 5,2022,2024,with adapter
Downey Nissan,33.947674638000000,-118.15152577300000,Ioniq 5 N,2026,2026,with adapter
DCF - JV DCF POMONA1,34.029579000000000,-117.75899900000000,Ioniq 5 N,2026,2026,with adapter
Little Caesars Pizza- 10714 S Western Ave,33.938580000000000,-118.30886000000000,Kona Electric,2019,2025,with adapter
RC SPORTS EVHUB ADJ SWGR,34.102644000000000,-117.54410000000000,Ioniq 6,2026,,with adapter
1820 Industrial,34.035224000000000,-118.23392000000000,Ioniq 6,2026,,with adapter
ONTARIO 76 CHARGER 2,34.063302000000000,-117.61153300000000,Ioniq 5 N,2025,2025,with adapter
"Pasadena, CA - E Glenarm St - Tesla Supercharger",34.127184000000000,-118.14776100000000,Ioniq 5 N,2026,2026,with adapter
LOVE'S 374 - CA #374 DC2,34.856808000000000,-117.09186500000000,Ioniq 5,2025,2026,with adapter
Airport Marina Ford,33.976019000000000,-118.38478300000000,Ioniq 5 N,2026,2026,with adapter
LADWP - John Ferraro Building,34.059133000000000,-118.24858900000000,Ioniq 6,2026,,with adapter
Site 2,36.283102000000000,-115.02908300000000,Ioniq 5,2025,2026,with adapter
"Diamond Bar, CA - Golden Springs Drive - Tesla Supercharger",33.999023000000000,-117.84384400000000,Ioniq 6,2022,2025,with adapter
IN-N-OUT ATLANTIC 05,33.977354000000000,-118.18756900000000,Kona Electric,2019,2025,with adapter
"Universal City, CA - Tesla Supercharger",34.138042000000000,-118.35927200000000,Ioniq 9,2026,,with adapter
"Alhambra, CA - Tesla Supercharger",34.087063000000000,-118.15119600000000,Kona Electric,2019,2025,with adapter
Veteran's Memorial Park,34.012781000000000,-118.40304000000000,Ioniq 6,2022,2025,with adapter
"Barstow, CA - 1503 East Main Street - Tesla Supercharger",34.893641000000000,-117.00244400000000,Ioniq 6,2026,,with adapter
"Barstow, CA - 1503 East Main Street - Tesla Supercharger",34.893641000000000,-117.00244400000000,Ioniq 5 N,2025,2025,with adapter
Veteran's Memorial Park,34.012781000000000,-118.40304000000000,Ioniq 5,2025,2026,with adapter
HollyWest Promenade,34.102350000000000,-118.30887000000000,Ioniq 9,2026,,with adapter
GF4EVA VVILLE M6 DC1,34.556277000000000,-117.28995100000000,Ioniq 5,2025,2026,with adapter
"Los Angeles, CA - Venice Boulevard - Tesla Supercharger",34.027975000000000,-118.39414400000000,Ioniq 5 N,2025,2025,with adapter
"Las Vegas, NV - Arroyo Crossing Parkway - Tesla Supercharger",36.062251000000000,-115.25172100000000,Ioniq 5,2022,2024,with adapter
H&S ENERGY H&S#20 CHEVRON,34.034767000000000,-118.09062900000000,Ioniq 5 N,2026,2026,with adapter
"Los Angeles, CA - Venice Boulevard - Tesla Supercharger",34.027975000000000,-118.39414400000000,Ioniq 5,2025,2026,with adapter
"Target T1524 (Spring Valley, NV)",36.114810000000000,-115.31058000000000,Ioniq 5,2022,2024,with adapter
5420 Sunset - Tesla Supercharger (5420 Sunset),34.096946130000000,-118.30766880000000,Ioniq 5,2025,2026,with adapter
"Las Vegas, NV - 3821 West Charleston Boulevard - Tesla Supercharger",36.158707000000000,-115.19099000000000,Ioniq 6,2026,,with adapter
Culver - Motor Structure 1st Floor,34.015769507079150,-118.40445194626264,Ioniq 6,2022,2025,with adapter
L344 MB SECOND FLOOR,34.035947000000000,-118.27297300000000,Ioniq 5,2022,2024,with adapter
Sunset Studios,34.097298464012000,-118.31692890366400,Kona Electric,2019,2025,with adapter
"Las Vegas, NV - West Craig Road - Tesla Supercharger",36.239055000000000,-115.24980200000000,Ioniq 5 N,2026,2026,with adapter
DC CORRIDOR EDDIES Y DC1,34.907504000000000,-116.83600100000000,Ioniq 5,2022,2024,with adapter
SCAQMD Offices,34.001519000000000,-117.83051900000000,Ioniq 6,2026,,with adapter
"Ontario, CA - N Haven Ave - Tesla Supercharger",34.076981000000000,-117.57431100000000,Kona Electric,2019,2025,with adapter
BWP EV CHARGE DCFC BWP LOT 2,34.178561000000000,-118.31623400000000,Ioniq 5,2022,2024,with adapter
El Centro,34.101510000000000,-118.32467000000000,Kona Electric,2019,2025,with adapter
Jordan Downs,33.946716000000000,-118.22994000000000,Ioniq 5 N,2025,2025,with adapter
MINI of Monrovia,34.136472000000000,-117.98718700000000,Ioniq 5,2022,2024,with adapter
City of Pasadena - Arroyo Parkway,34.127455808632000,-118.14781708221200,Kona Electric,2019,2025,with adapter
Friendly Ford Body Shop,36.189116000000000,-115.20506200000000,Kona Electric,2019,2025,with adapter
"Montebello Plaza (Montebello , CA)",34.031070000000000,-118.12404000000000,Ioniq 6,2022,2025,with adapter
PH SUBARU PH SUBARU,33.996114000000000,-117.91713300000000,Ioniq 5 N,2025,2025,with adapter
Bristol Farms,34.077342000000000,-118.38849900000000,Ioniq 5 N,2026,2026,with adapter
GF4EVA VVILLE M6 DC2,34.556316000000000,-117.28995600000000,Kona Electric,2019,2025,with adapter
Cadillac of Las Vegas,36.143709000000000,-115.21176200000000,Ioniq 6,2026,,with adapter
KMC Norfolk,34.062387000000000,-118.20418260000000,Ioniq 6,2022,2025,with adapter
Solair Wilshire,34.061876900000000,-118.30862790000000,Ioniq 5,2025,2026,with adapter
CITY_OF_VERNON 1850 E25TH-8,34.014405000000000,-118.23806900000000,Ioniq 6,2022,2025,with adapter
Ford Country,36.048478000000000,-115.02823000000000,Ioniq 6,2022,2025,with adapter
Sharp Capital,34.052690000000000,-118.26533000000000,Ioniq 5,2022,2024,with adapter
FINDLAY AUTO ABB STATION1,36.143714000000000,-115.21425600000000,Ioniq 9,2026,,with adapter
RANCHOCUCAMONGA DCFC CITY HALL,34.103720000000000,-117.57447700000000,Ioniq 5 N,2026,2026,with adapter
LADWP LA Kretz Innovation Campus,34.040460000000000,-118.23502000000000,Ioniq 5,2025,2026,with adapter
US Bank San Gabriel,34.103709800000000,-118.08949900000000,Ioniq 5 N,2026,2026,with adapter
Hilton Plaza,34.080257000000000,-118.10265600000000,Kona Electric,2019,2025,with adapter
"Westfield Century City (Los Angeles, CA)",34.057940000000000,-118.41993000000000,Ioniq 5,2022,2024,with adapter
HollyWest Promenade,34.102350000000000,-118.30887000000000,Ioniq 6,2026,,with adapter
CITY_OF_VERNON 1850 E25TH-1,34.014503000000000,-118.23790700000000,Ioniq 6,2026,,with adapter
JLR HENDERSON ABB 02,36.053704000000000,-115.02745100000000,Ioniq 5,2022,2024,with adapter
"Vernon, CA - Tesla Supercharger",34.008045000000000,-118.22020100000000,Ioniq 5 N,2026,2026,with adapter
Culver City Senior Center,34.014540000000000,-118.40405000000000,Ioniq 5,2025,2026,with adapter
"Gigahub Huntington Drive, Duarte, CA",34.140216000000000,-117.95962300000000,Ioniq 9,2026,,with adapter
City of Los Angeles Lot 702,34.100570000000000,-118.32733900000000,Ioniq 5,2022,2024,with adapter
"Walmart 5154 (Rosemead, CA)",34.050900000000000,-118.08359000000000,Ioniq 5,2025,2026,with adapter
1310 W Baseline Rd,34.122101000000000,-117.39687900000000,Ioniq 5 N,2026,2026,with adapter
SCAQMD Offices,34.001519000000000,-117.83051900000000,Ioniq 5,2025,2026,with adapter
"Jurupa Valley, CA - Tesla Supercharger",34.012541000000000,-117.46064800000000,Ioniq 6,2026,,with adapter
"Los Angeles, CA - Industrial Street - Tesla Supercharger",34.035783000000000,-118.23835900000000,Ioniq 9,2026,,with adapter
DC CORRIDOR EDDIES Y DC2,34.907482000000000,-116.83597400000000,Ioniq 5 N,2026,2026,with adapter
"Ontario Mills (Ontario, CA)",34.074240000000000,-117.54753000000000,Ioniq 5,2025,2026,with adapter
MINI of Monrovia,34.136472000000000,-117.98718700000000,Kona Electric,2019,2025,with adapter
"Ontario Mills (Ontario, CA)",34.074240000000000,-117.54753000000000,Kona Electric,2019,2025,with adapter
LADWP - John Ferraro Building,34.059133000000000,-118.24858900000000,Ioniq 5 N,2026,2026,with adapter
The Elysian - Tenants Only,34.066624000000000,-118.24822700000000,Ioniq 6,2026,,with adapter
"Ultra Gas and Mart (Baker, CA)",35.262260000000000,-116.08110000000000,Ioniq 5 N,2025,2025,with adapter
LADWP - John Ferraro Building,34.059133000000000,-118.24858900000000,Ioniq 9,2026,,with adapter
Fountainebleau,36.138658700000000,-115.16036550000000,Ioniq 5,2022,2024,with adapter
"West Covina, CA - Tesla Supercharger",34.070645000000000,-117.88908200000000,Ioniq 5,2025,2026,with adapter
JLR HENDERSON ABB 01,36.053452000000000,-115.02825800000000,Ioniq 6,2026,,with adapter
City of Los Angeles Lot 744,33.961488000000000,-118.29207000000000,Ioniq 5,2022,2024,with adapter
"Las Vegas, NV - East Windmill Lane - Tesla Supercharger",36.042548790000000,-115.15263582000000,Kona Electric,2019,2025,with adapter
"Walmart 1879 (Barstow, CA)",34.883720000000000,-116.99251000000000,Ioniq 5 N,2026,2026,with adapter
"Costco Chino Hills (Chino Hills, CA)",34.015310000000000,-117.74286000000000,Ioniq 5 N,2026,2026,with adapter
Ontario Mills - Skechers,34.071281000000000,-117.54922700000000,Ioniq 6,2022,2025,with adapter
DCF - JV DCF POMONA1,34.029579000000000,-117.75899900000000,Ioniq 5,2025,2026,with adapter
Diamond Hills Plaza,33.975996600000000,-117.83810960000000,Ioniq 5 N,2026,2026,with adapter
CITY_OF_VERNON 1850 E25TH-3,34.014481000000000,-118.23795800000000,Ioniq 9,2026,,with adapter
"City of Industry, CA - Colima Road - Tesla Supercharger",33.990892000000000,-117.92528400000000,Ioniq 5,2025,2026,with adapter
LOVE'S 374 - CA #374 DC2,34.856808000000000,-117.09186500000000,Ioniq 9,2026,,with adapter
Sunny Plaza,34.080280000000000,-118.09299100000000,Ioniq 5 N,2026,2026,with adapter
"Baker, CA - Mojave Pointe Rd - Tesla Supercharger",35.268984000000000,-116.06668900000000,Kona Electric,2019,2025,with adapter
"Las Vegas, NV - Arroyo Crossing Parkway - Tesla Supercharger",36.062251000000000,-115.25172100000000,Ioniq 9,2026,,with adapter
City of Los Angeles Lot 628,34.074273000000000,-118.21532100000000,Ioniq 6,2026,,with adapter
"Las Vegas, NV - 3821 West Charleston Boulevard - Tesla Supercharger",36.158707000000000,-115.19099000000000,Ioniq 9,2026,,with adapter
The Elysian,34.067133000000000,-118.24929700000000,Ioniq 5 N,2026,2026,with adapter
"Ralphs 32 (Los Angeles, CA)",34.068540000000000,-118.29112000000000,Ioniq 9,2026,,with adapter
"Barstow, CA - Tanger Way - Tesla Supercharger",34.844499000000000,-117.08577100000000,Ioniq 6,2022,2025,with adapter
City of Los Angeles Lot 670,34.102558000000000,-118.33434900000000,Ioniq 5,2025,2026,with adapter
H&S ENERGY H&S#23 CHEVRON,34.046069000000000,-117.80259600000000,Ioniq 6,2022,2025,with adapter
"Azusa, CA - Tesla Supercharger",34.136811000000000,-117.90852900000000,Ioniq 9,2026,,with adapter
RC SPORTS EVHUB ADA 1,34.102955000000000,-117.54406000000000,Ioniq 9,2026,,with adapter
CITY_OF_VERNON 1850 E25TH-2,34.014493000000000,-118.23793900000000,Ioniq 6,2026,,with adapter
Rialto Village,34.073740000000000,-117.37058000000000,Ioniq 5,2022,2024,with adapter
661 Imperial St,34.036128000000000,-118.23178400000000,Kona Electric,2019,2025,with adapter
"Jurupa Valley, CA - Tesla Supercharger",34.012541000000000,-117.46064800000000,Ioniq 5 N,2026,2026,with adapter
"North Las Vegas, NV - Tesla Supercharger",36.239084000000000,-115.11611700000000,Ioniq 9,2026,,with adapter
MINI of Monrovia,34.136472000000000,-117.98718700000000,Ioniq 6,2026,,with adapter
Hilton Los Angeles/San Gabriel,34.080799000000000,-118.10248700000000,Ioniq 5 N,2026,2026,with adapter
California Institute of Technology - North Wilson Parking Structure,34.139958000000000,-118.12844600000000,Kona Electric,2019,2025,with adapter
City of Pasadena - Del Mar Station,34.142000000000000,-118.14862600000000,Ioniq 5 N,2025,2025,with adapter
"Las Vegas, NV - West Charleston Boulevard - Tesla Supercharger",36.157865000000000,-115.33380400000000,Ioniq 5 N,2026,2026,with adapter
CITY_OF_VERNON 3805 SOTO-10,34.008061000000000,-118.22000100000000,Ioniq 9,2026,,with adapter
"Las Vegas, NV - South Town Center Drive - Tesla Supercharger",36.145430000000000,-115.32712100000000,Ioniq 6,2022,2025,with adapter
"Alhambra, CA - West Valley Boulevard - Tesla Supercharger",34.077346000000000,-118.13855400000000,Ioniq 6,2026,,with adapter
"West Covina, CA - Tesla Supercharger",34.070645000000000,-117.88908200000000,Ioniq 9,2026,,with adapter
IN-N-OUT ATLANTIC 02,33.977739000000000,-118.18719800000000,Ioniq 5 N,2025,2025,with adapter
"Dunhill - Shoppes at Chino Hills (Chino Hills, CA)",34.000247300000000,-117.72841960000000,Ioniq 9,2026,,with adapter
76 San Gabriel,34.103300000000000,-118.09950000000000,Kona Electric,2019,2025,with adapter
CITY_OF_VERNON 1850 E25TH-4,34.014472000000000,-118.23798500000000,Ioniq 5,2025,2026,with adapter
SCPPA SCPPA CPE200T,34.118106000000000,-117.82245700000000,Ioniq 5 N,2025,2025,with adapter
"Las Vegas South Premium Outlets (Las Vegas, NV)",36.056570000000000,-115.16854000000000,Ioniq 9,2026,,with adapter
Queen of the Valley Hospital - DC Fast,34.063410270693500,-117.94577555662200,Ioniq 6,2026,,with adapter
Airport Marina Ford,33.976019000000000,-118.38478300000000,Ioniq 6,2022,2025,with adapter
Puente Hills Town Center,33.990370000000000,-117.92588000000000,Ioniq 5,2022,2024,with adapter
"Las Vegas, NV - East Windmill Lane - Tesla Supercharger",36.042548790000000,-115.15263582000000,Ioniq 6,2026,,with adapter
"Walmart 3180 (South Gate, CA)",33.954180000000000,-118.18774000000000,Ioniq 9,2026,,with adapter
KH Structure,34.062704800000000,-118.20349060000000,Ioniq 5 N,2026,2026,with adapter
DCF - JV DCF POMONA1,34.029579000000000,-117.75899900000000,Ioniq 5,2022,2024,with adapter
RC SPORTS EVHUB ADJ SWGR,34.102644000000000,-117.54410000000000,Kona Electric,2019,2025,with adapter
Ford Country,36.048478000000000,-115.02823000000000,Ioniq 5 N,2025,2025,with adapter
Madison Parking Lot,34.015769507079150,-118.40447340393226,Ioniq 5,2025,2026,with adapter
LOVE'S 374 - CA #374 DC2,34.856808000000000,-117.09186500000000,Ioniq 5 N,2026,2026,with adapter
"Las Vegas, NV - 7400 Las Vegas Boulevard South - Tesla Supercharger",36.056640000000000,-115.17045900000000,Kona Electric,2019,2025,with adapter
Inglewood City Hall,33.962406000000000,-118.35363500000000,Ioniq 5,2022,2024,with adapter
WinCo Foods - Pomona #57,34.027210000000000,-117.76206000000000,Ioniq 6,2022,2025,with adapter
"Las Vegas, NV - Grand Central Parkway - Tesla Supercharger",36.166039000000000,-115.15917000000000,Ioniq 5,2022,2024,with adapter
Norfolk Upper Lot,34.060000000000000,-118.20000000000000,Ioniq 5,2022,2024,with adapter
"Kroger Smiths 305 (Sunrise, NV)",36.173860000000000,-115.09644000000000,Ioniq 6,2022,2025,with adapter
WinCo Foods - Pomona #57,34.027210000000000,-117.76206000000000,Ioniq 5,2022,2024,with adapter
1310 W Baseline Rd,34.122101000000000,-117.39687900000000,Ioniq 5,2022,2024,with adapter
"West Covina, CA - 1414 S Azusa Ave - Tesla Supercharger",34.047677000000000,-117.90707500000000,Ioniq 6,2022,2025,with adapter
BAKER TRAVEL PLAZA,35.276756900000000,-116.05701660000000,Ioniq 5,2022,2024,with adapter
Inter Community Hospital Covina,34.089977300000000,-117.89255872601200,Ioniq 5,2022,2024,with adapter
"Covina, CA - S Barranca Ave - Tesla Supercharger",34.073767000000000,-117.88090200000000,Ioniq 5 N,2025,2025,with adapter
"Diamond Bar, CA - Tesla Supercharger",33.975843000000000,-117.83842800000000,Ioniq 9,2026,,with adapter
Fountainebleau,36.138658700000000,-115.16036550000000,Ioniq 5 N,2026,2026,with adapter
Team Ford,36.259310000000000,-115.24797700000000,Ioniq 9,2026,,with adapter
L516 DC01,34.034420000000000,-118.27100300000000,Ioniq 9,2026,,with adapter
AMPM ARCO BEAR VALLEY 1,34.470115000000000,-117.31284400000000,Ioniq 9,2026,,with adapter
GF4EVA VVILLE M6 DC2,34.556316000000000,-117.28995600000000,Ioniq 5 N,2026,2026,with adapter
AMPM ARCO BEAR VALLEY 2,34.470448000000000,-117.31275100000000,Ioniq 5 N,2026,2026,with adapter
"Las Vegas, NV - West Russell Road - Tesla Supercharger",36.086723000000000,-115.21072600000000,Ioniq 5,2025,2026,with adapter
City of Los Angeles Lot 675,34.103853000000000,-118.29105200000000,Ioniq 6,2022,2025,with adapter
City of Los Angeles Lot 619,34.097765000000000,-118.35316900000000,Ioniq 5 N,2025,2025,with adapter
CITY_OF_VERNON 3805 SOTO-3,34.007876000000000,-118.21990100000000,Ioniq 5,2022,2024,with adapter
6250 Hollywood Blvd DCFC,34.100840000000000,-118.32541000000000,Ioniq 5 N,2026,2026,with adapter
Airport Marina Ford,33.976019000000000,-118.38478300000000,Ioniq 5 N,2025,2025,with adapter
"Las Vegas, NV - 7400 Las Vegas Boulevard South - Tesla Supercharger",36.056640000000000,-115.17045900000000,Ioniq 5 N,2026,2026,with adapter
"Diamond Bar, CA - Golden Springs Drive - Tesla Supercharger",33.999023000000000,-117.84384400000000,Ioniq 6,2026,,with adapter
Caltrans - Valley Wells Rest Area - Northbound,35.434023000000000,-115.69926700000000,Ioniq 5 N,2026,2026,with adapter
California Institute of Technology - California Parking Structure,34.134066000000000,-118.12636300000000,Kona Electric,2019,2025,with adapter
Covina Hills Chevrolet,34.078031000000000,-117.89101400000000,Ioniq 5,2022,2024,with adapter
BWP EV CHARGE DCFC BWP LOT 1,34.178578000000000,-118.31621300000000,Ioniq 5,2022,2024,with adapter
"Las Vegas, NV - 3528 South Maryland Parkway - Tesla Supercharger",36.125754000000000,-115.13462200000000,Ioniq 5,2022,2024,with adapter
CITY_OF_VERNON 1850 E25TH-1,34.014503000000000,-118.23790700000000,Ioniq 5 N,2026,2026,with adapter
DOWNEYHYUNDAI CPE250 1,33.946263000000000,-118.14534200000000,Ioniq 5,2022,2024,with adapter
L516 DC01,34.034420000000000,-118.27100300000000,Ioniq 6,2022,2025,native only
FH DELIVERY 12339 FH SVC,34.134053000000000,-117.43728000000000,Ioniq 5 N,2025,2025,native only
CITY_OF_VERNON 3805 SOTO-6,34.007957000000000,-118.21989500000000,Ioniq 6,2026,,native only
"Upland, CA - Arrow Rte - Tesla Supercharger",34.099154000000000,-117.70019200000000,Ioniq 9,2026,,native only
Cadillac of Las Vegas,36.143709000000000,-115.21176200000000,Kona Electric,2019,2025,native only
IN-N-OUT ATLANTIC 03,33.977693000000000,-118.18720000000000,Ioniq 9,2026,,native only
"Las Vegas, NV - East Sahara Avenue - Tesla Supercharger",36.145396000000000,-115.10297800000000,Ioniq 5,2025,2026,native only
CITY_OF_VERNON 3805 SOTO-9,34.008059000000000,-118.21997600000000,Ioniq 6,2026,,native only
"Gigahub Huntington Drive, Duarte, CA",34.140216000000000,-117.95962300000000,Kona Electric,2019,2025,native only
US Bank Jurupa Valley,34.012078600000000,-117.48206780000000,Kona Electric,2019,2025,native only
CITY_OF_VERNON 1850 E25TH-2,34.014493000000000,-118.23793900000000,Kona Electric,2019,2025,native only
H&S ENERGY H&S#23 CHEVRON,34.046069000000000,-117.80259600000000,Ioniq 5 N,2025,2025,native only
Culver City Senior Center,34.014540000000000,-118.40405000000000,Kona Electric,2019,2025,native only
"Target 1033 (Baldwin Park, CA)",34.070710000000000,-117.97825000000000,Ioniq 5 N,2025,2025,native only
"Dunhill - Shoppes at Chino Hills (Chino Hills, CA)",34.000247300000000,-117.72841960000000,Ioniq 5 N,2025,2025,native only
AMPM ARCO BEAR VALLEY 2,34.470448000000000,-117.31275100000000,Kona Electric,2019,2025,native only
City of Los Angeles Lot 675,34.103853000000000,-118.29105200000000,Ioniq 5,2025,2026,native only
Overland Structure 1st Floor,34.015755000000000,-118.40349300000000,Ioniq 5,2022,2024,native only
City of Pasadena - Robinson Park,34.164516574203800,-118.15178871863500,Kona Electric,2019,2025,native only
IN-N-OUT ATLANTIC 05,33.977354000000000,-118.18756900000000,Ioniq 6,2026,,native only
"Pavilions 2229 (Los Angeles, CA)",34.083640000000000,-118.32747000000000,Ioniq 6,2022,2025,native only
City of Los Angeles Lot 619,34.097765000000000,-118.35316900000000,Ioniq 5 N,2026,2026,native only
RC SPORTS EVHUB MIDDLE,34.102745000000000,-117.54397000000000,Ioniq 6,2022,2025,native only
"Las Vegas, NV - Cambridge St - Tesla Supercharger",36.128731000000000,-115.14374000000000,Ioniq 5,2025,2026,native only
7-ELEVEN 20101 POMNA DC1,34.067274000000000,-117.71905700000000,Ioniq 5 N,2026,2026,native only
G&M OIL G&M #76,34.165551000000000,-117.33235100000000,Ioniq 5 N,2025,2025,native only
"Baldwin Park, CA - Tesla Supercharger",34.079207000000000,-117.98884000000000,Ioniq 5,2025,2026,native only
Fontana Ignite Fueling,34.121007500000000,-117.45312410000000,Ioniq 6,2022,2025,native only
The Elysian - Tenants Only,34.066624000000000,-118.24822700000000,Kona Electric,2019,2025,native only
515 Flower - Level A,34.051648300000000,-118.25688330000000,Ioniq 5 N,2025,2025,native only
North Las Vegas Rechargery Relay - W Centennial Pkwy,36.276117000000000,-115.17951200000000,Ioniq 5 N,2026,2026,native only
LADWP - John Ferraro Building,34.059133000000000,-118.24858900000000,Ioniq 5 N,2025,2025,native only
"Ultra Gas and Mart (Baker, CA)",35.262260000000000,-116.08110000000000,Ioniq 5,2022,2024,native only
L516 DC01,34.034420000000000,-118.27100300000000,Kona Electric,2019,2025,native only
"Ralphs 32 (Los Angeles, CA)",34.068540000000000,-118.29112000000000,Kona Electric,2019,2025,native only
Culver - Motor Structure 1st Floor,34.015769507079150,-118.40445194626264,Ioniq 5 N,2025,2025,native only
"Barstow, CA - Tanger Way - Tesla Supercharger",34.844499000000000,-117.08577100000000,Ioniq 6,2026,,native only
Montclair East Shopping Center,34.088568000000000,-117.68592700000000,Ioniq 6,2022,2025,native only
RC SPORTS EVHUB ADA 1,34.102955000000000,-117.54406000000000,Ioniq 6,2022,2025,native only
DC CORRIDOR EDDIES Y DC1,34.907504000000000,-116.83600100000000,Kona Electric,2019,2025,native only
SCAQMD Offices,34.001519000000000,-117.83051900000000,Ioniq 5,2022,2024,native only
LADWP - Crenshaw,34.012230000000000,-118.33432300000000,Kona Electric,2019,2025,native only
Metro Nissan of Montclair,34.082222000000000,-117.69490300000000,Ioniq 5 N,2025,2025,native only
KH Structure,34.062704800000000,-118.20349060000000,Ioniq 6,2022,2025,native only
City of Los Angeles Lot 675,34.103853000000000,-118.29105200000000,Ioniq 5,2022,2024,native only
"Target T2179 (Diamond Bar, CA)",34.004360000000000,-117.82223000000000,Ioniq 6,2026,,native only
Las Vegas - South Nellis Boulevard - Tesla Supercharger,36.144821000000000,-115.06351000000000,Ioniq 6,2026,,native only
LADWP - John Ferraro Building,34.059133000000000,-118.24858900000000,Kona Electric,2019,2025,native only
"Las Vegas, NV - South Fort Apache Road - Tesla Supercharger",36.093958000000000,-115.29710800000000,Ioniq 5 N,2026,2026,native only
GM Oil Site 111 FoodMart Los Angeles,34.018660888026000,-118.35493777871600,Ioniq 5 N,2025,2025,native only
RANCHOCUCAMONGA DCFC CITY HALL,34.103720000000000,-117.57447700000000,Ioniq 6,2022,2025,native only
"Rancho Cucamonga, CA – Foothill Boulevard - Tesla Supercharger",34.106565000000000,-117.52688900000000,Ioniq 9,2026,,native only
CITY_OF_VERNON 1850 E25TH-10,34.014380000000000,-118.23810800000000,Ioniq 5 N,2026,2026,native only
CITY_OF_VERNON 3805 SOTO-3,34.007876000000000,-118.21990100000000,Ioniq 5 N,2026,2026,native only
"San Gabriel, CA - Tesla Supercharger",34.077496000000000,-118.10012800000000,Ioniq 9,2026,,native only
RANCHOCUCAMONGA DCFC CITY HALL,34.103720000000000,-117.57447700000000,Kona Electric,2019,2025,native only
DCF - JV DCF POMONA1,34.029579000000000,-117.75899900000000,Ioniq 6,2022,2025,native only
Gaudin Ford,36.064736000000000,-115.23674100000000,Ioniq 5,2022,2024,native only
3029 S Robertson Blvd,34.032567400000000,-118.39053970000000,Ioniq 5 N,2025,2025,native only
3029 S Robertson Blvd,34.032567400000000,-118.39053970000000,Kona Electric,2019,2025,native only
ONTARIO HYUNDAI VEHICLE DISPLY1,34.049976000000000,-117.54789800000000,Ioniq 5 N,2025,2025,native only
City of Los Angeles Lot 745,34.101781000000000,-118.33989400000000,Ioniq 5,2025,2026,native only
CITY_OF_VERNON 3805 SOTO-6,34.007957000000000,-118.21989500000000,Ioniq 5 N,2025,2025,native only
Cadillac of Las Vegas,36.143709000000000,-115.21176200000000,Ioniq 6,2022,2025,native only
JLR HENDERSON ABB 02,36.053704000000000,-115.02745100000000,Ioniq 5 N,2025,2025,native only
"Bell, CA - Gage Ave - Tesla Supercharger",33.977777000000000,-118.18876900000000,Ioniq 6,2026,,native only
City of Los Angeles Lot 702,34.100570000000000,-118.32733900000000,Kona Electric,2019,2025,native only
BAKER TRAVEL PLAZA,35.276756900000000,-116.05701660000000,Ioniq 6,2022,2025,native only
CITY_OF_VERNON 3805 SOTO-2,34.007973000000000,-118.22009600000000,Kona Electric,2019,2025,native only
"West Covina, CA - 1414 S Azusa Ave - Tesla Supercharger",34.047677000000000,-117.90707500000000,Ioniq 5,2025,2026,native only
FINDLAY AUTO ABB STATION2,36.143749000000000,-115.21425500000000,Ioniq 5,2022,2024,native only
6250 Hollywood Blvd DCFC,34.100840000000000,-118.32541000000000,Kona Electric,2019,2025,native only
L446 1,36.273183000000000,-115.26523900000000,Ioniq 5,2022,2024,native only
BMW of Monrovia,34.137556000000000,-117.98705400000000,Ioniq 5,2022,2024,native only
"Diamond Bar, CA - Golden Springs Drive - Tesla Supercharger",33.999023000000000,-117.84384400000000,Ioniq 9,2026,,native only
7-ELEVEN 20101 POMNA DC2,34.067350000000000,-117.71904000000000,Ioniq 5,2022,2024,native only
Caltrans - Valley Wells Rest Area - Northbound,35.434023000000000,-115.69926700000000,Ioniq 6,2022,2025,native only
Madison Parking Lot,34.015769507079150,-118.40447340393226,Ioniq 5 N,2025,2025,native only
Caltrans - Valley Wells Rest Area - Southbound,35.435299000000000,-115.70199000000000,Ioniq 5,2022,2024,native only
JLRLV PUPLIC WEST DC,36.065812000000000,-115.23208400000000,Kona Electric,2019,2025,native only
Hsi Lai Center,33.980510000000000,-117.97344600000000,Kona Electric,2019,2025,native only
City of Los Angeles Lot 639,34.108426000000000,-118.19387300000000,Kona Electric,2019,2025,native only
"Shopcore One Colorado (Pasadena, CA)",34.146620000000000,-118.14963000000000,Ioniq 6,2022,2025,native only
CITY_OF_VERNON 3805 SOTO-4,34.007896000000000,-118.21989600000000,Ioniq 5,2022,2024,native only
IN-N-OUT ATLANTIC 04,33.977378000000000,-118.18745900000000,Ioniq 9,2026,,native only
Thailand Plaza,34.101990000000000,-118.30639000000000,Ioniq 6,2022,2025,native only
Overland Structure 1st Floor,34.015755000000000,-118.40349300000000,Ioniq 5 N,2025,2025,native only
"Las Vegas South Premium Outlets (Las Vegas, NV)",36.056570000000000,-115.16854000000000,Kona Electric,2019,2025,native only
"San Gabriel, CA - Tesla Supercharger",34.077496000000000,-118.10012800000000,Ioniq 5,2025,2026,native only
CITY_OF_VERNON 1850 E25TH-8,34.014405000000000,-118.23806900000000,Ioniq 5,2022,2024,native only
Sharp Capital,34.052690000000000,-118.26533000000000,Kona Electric,2019,2025,native only
DC OB DC 3,34.846389000000000,-117.08386400000000,Ioniq 5 N,2025,2025,native only
"BoA Gateway CA8-113 (Glendale, CA)",34.126080000000000,-118.25597000000000,Kona Electric,2019,2025,native only
"Westfield Century City (Los Angeles, CA)",34.057940000000000,-118.41993000000000,Ioniq 5 N,2025,2025,native only
"Montebello, CA - N Wilcox Ave - Tesla Supercharger",34.031001000000000,-118.12593500000000,Ioniq 6,2026,,native only
RC SPORTS EVHUB ADJ SWGR,34.102644000000000,-117.54410000000000,Ioniq 5,2022,2024,native only
Fontana Ignite Fueling,34.121007500000000,-117.45312410000000,Ioniq 5 N,2025,2025,native only
Las Vegas,35.999436000000000,-115.17175500000000,Ioniq 5 N,2025,2025,native only
L516 DC01,34.034420000000000,-118.27100300000000,Ioniq 5 N,2025,2025,native only
"Diamond Bar, CA - Tesla Supercharger",33.975843000000000,-117.83842800000000,Ioniq 6,2026,,native only
CITY_OF_VERNON 3805 SOTO-6,34.007957000000000,-118.21989500000000,Ioniq 5,2025,2026,native only
CITY_OF_VERNON 1850 E25TH-5,34.014458000000000,-118.23800600000000,Kona Electric,2019,2025,native only
City of South Pasadena,34.116310000000000,-118.15215000000000,Kona Electric,2019,2025,native only
FH DELIVERY 123FC FH SVC,34.133956000000000,-117.43697400000000,Kona Electric,2019,2025,native only
3530 West Century Blvd,33.944524100000000,-118.33324560000000,Ioniq 6,2022,2025,native only
CITY_OF_VERNON 3805 SOTO-9,34.008059000000000,-118.21997600000000,Ioniq 9,2026,,native only
Covina Town Square,34.105800000000000,-117.90569000000000,Ioniq 6,2022,2025,native only
CITY_OF_VERNON 1850 E25TH-2,34.014493000000000,-118.23793900000000,Ioniq 5,2025,2026,native only
"Azusa, CA - Tesla Supercharger",34.136811000000000,-117.90852900000000,Ioniq 6,2026,,native only
"Ralphs 060 (Glendale, CA)",34.142440000000000,-118.23379000000000,Kona Electric,2019,2025,native only
LA Fitness Baldwin Park,34.069344000000000,-117.97454200000000,Ioniq 6,2022,2025,native only
CITY_OF_VERNON 1850 E25TH-4,34.014472000000000,-118.23798500000000,Ioniq 5 N,2026,2026,native only
Caltrans - Valley Wells Rest Area - Northbound,35.434023000000000,-115.69926700000000,Kona Electric,2019,2025,native only
LADWP - John Ferraro Building,34.059133000000000,-118.24858900000000,Ioniq 6,2022,2025,native only
Airport Marina Ford,33.976019000000000,-118.38478300000000,Kona Electric,2019,2025,native only
"West Covina, CA - E Eastland Center Drive - Tesla Supercharger",34.073884000000000,-117.88975400000000,Ioniq 5,2025,2026,native only
3029 S Robertson Blvd,34.032567400000000,-118.39053970000000,Ioniq 5,2022,2024,native only
"BOA Crenshaw Imperial CA8-191 (Inglewood, CA)",33.929310000000000,-118.32674000000000,Ioniq 5,2022,2024,native only
Veteran's Memorial Park,34.012781000000000,-118.40304000000000,Kona Electric,2019,2025,native only
"North Las Vegas, NV - Tesla Supercharger",36.239084000000000,-115.11611700000000,Ioniq 5,2025,2026,native only
Bristol Farms,34.077342000000000,-118.38849900000000,Ioniq 5,2022,2024,native only
JLR HENDERSON ABB 01,36.053452000000000,-115.02825800000000,Ioniq 5,2022,2024,native only
AMPM ARCO BEAR VALLEY 1,34.470115000000000,-117.31284400000000,Ioniq 5,2022,2024,native only
AMPM ARCO BEAR VALLEY 1,34.470115000000000,-117.31284400000000,Kona Electric,2019,2025,native only
JLR HENDERSON ABB 02,36.053704000000000,-115.02745100000000,Ioniq 6,2022,2025,native only
99 Ranch Chino Hills,34.010479900000000,-117.74055430000000,Ioniq 6,2022,2025,native only
IN-N-OUT ATLANTIC 03,33.977693000000000,-118.18720000000000,Ioniq 6,2026,,native only
99 Ranch Chino Hills,34.010479900000000,-117.74055430000000,Ioniq 9,2026,,native only
FH DELIVERY 123FC FH SVC,34.133956000000000,-117.43697400000000,Ioniq 6,2022,2025,native only
Montclair East Shopping Center,34.088568000000000,-117.68592700000000,Kona Electric,2019,2025,native only
Foothill Presbyterian Hospital - DC,34.132921700000000,-117.87035030000000,Kona Electric,2019,2025,native only
RC SPORTS EVHUB ADA 1,34.102955000000000,-117.54406000000000,Ioniq 5,2022,2024,native only
Covina Town Square,34.105800000000000,-117.90569000000000,Ioniq 9,2026,,native only
RC SPORTS EVHUB NEAR BLG,34.102389000000000,-117.54488900000000,Ioniq 6,2022,2025,native only
"Universal City, CA - Tesla Supercharger",34.138042000000000,-118.35927200000000,Ioniq 6,2026,,native only
"Forum Shops at Caesars Palace (Las Vegas, NV)",36.119740000000000,-115.17691000000000,Kona Electric,2019,2025,native only
City of Los Angeles Lot 619,34.097765000000000,-118.35316900000000,Ioniq 5,2022,2024,native only
L446 1,36.273183000000000,-115.26523900000000,Kona Electric,2019,2025,native only
"Las Vegas South Premium Outlets (Las Vegas, NV)",36.056570000000000,-115.16854000000000,Ioniq 5,2022,2024,native only
IN-N-OUT ATLANTIC 05,33.977354000000000,-118.18756900000000,Ioniq 5,2025,2026,native only
"City of Industry, CA - Gale Avenue - Tesla Supercharger",33.994491000000000,-117.89956900000000,Ioniq 5 N,2026,2026,native only
"San Gabriel, CA - Tesla Supercharger",34.077496000000000,-118.10012800000000,Ioniq 5 N,2026,2026,native only
Park Towers at Hughes Center,36.115304500000000,-115.15677400000000,Ioniq 6,2022,2025,native only
Chase Bank - 925 N Hacienda Blvd,34.036106000000000,-117.95038500000000,Ioniq 5,2022,2024,native only
7-ELEVEN 20101 POMNA DC1,34.067274000000000,-117.71905700000000,Ioniq 5,2025,2026,native only
IN-N-OUT ATLANTIC 05,33.977354000000000,-118.18756900000000,Ioniq 5,2022,2024,native only
"Las Vegas, NV - 3528 South Maryland Parkway - Tesla Supercharger",36.125754000000000,-115.13462200000000,Ioniq 9,2026,,native only
Barlow Respiratory Hospital,34.074594000000000,-118.24769900000000,Ioniq 5 N,2025,2025,native only
BWP EV CHARGE DCFC BWP LOT 1,34.178578000000000,-118.31621300000000,Ioniq 5 N,2025,2025,native only
HollyWest Promenade,34.102350000000000,-118.30887000000000,Ioniq 5 N,2025,2025,native only
LA County DHS 313 Fig,34.060148000000000,-118.25074700000000,Kona Electric,2019,2025,native only
Las Vegas NV - West Tropical Parkway - Tesla Supercharger,36.271567000000000,-115.26548900000000,Ioniq 5 N,2026,2026,native only
Diamond Creek Village Shopping Center,33.998580000000000,-117.84349000000000,Ioniq 6,2022,2025,native only
North Las Vegas Rechargery Relay - W Centennial Pkwy,36.276117000000000,-115.17951200000000,Ioniq 5,2025,2026,native only
"Shopcore One Colorado (Pasadena, CA)",34.146620000000000,-118.14963000000000,Ioniq 5,2022,2024,native only
JLR HENDERSON ABB 01,36.053452000000000,-115.02825800000000,Ioniq 6,2022,2025,native only
Winterwood Pavilion,36.146180000000000,-115.06522000000000,Ioniq 5 N,2025,2025,native only
CITY_OF_VERNON 3805 SOTO-4,34.007896000000000,-118.21989600000000,Ioniq 5 N,2026,2026,native only
"Las Vegas, NV - Grand Central Parkway - Tesla Supercharger",36.166039000000000,-115.15917000000000,Ioniq 6,2026,,native only
Emser International,34.063430000000000,-118.36870000000000,Kona Electric,2019,2025,native only
"Ralphs 060 (Glendale, CA)",34.142440000000000,-118.23379000000000,Ioniq 5,2022,2024,native only
"Ralphs 060 (Glendale, CA)",34.142440000000000,-118.23379000000000,Ioniq 6,2022,2025,native only
Metro Nissan of Montclair,34.082222000000000,-117.69490300000000,Ioniq 6,2022,2025,native only
RANCHOCUCAMONGA DCFC CITY HALL,34.103720000000000,-117.57447700000000,Ioniq 5 N,2025,2025,native only
CSULA Parking Structure B,34.065661000000000,-118.17018900000000,Kona Electric,2019,2025,native only
Vons #2261 3rd St.,34.070012400000000,-118.29028300000000,Ioniq 5,2022,2024,native only
"Westfield Culver City (Culver City, CA)",33.986880000000000,-118.39429000000000,Ioniq 5,2022,2024,native only
B&D PROP MGMT 2645 ST ROSE,36.014271000000000,-115.10318500000000,Ioniq 5 N,2025,2025,native only
"Las Vegas, NV - East Windmill Lane - Tesla Supercharger",36.042548790000000,-115.15263582000000,Ioniq 5,2025,2026,native only
"Las Vegas, NV - East Windmill Lane - Tesla Supercharger",36.042548790000000,-115.15263582000000,Ioniq 5 N,2026,2026,native only
CITY_OF_VERNON 1850 E25TH-6,34.014444000000000,-118.23802600000000,Ioniq 9,2026,,native only
Honda DTLA,34.010828320642500,-118.28703020000000,Ioniq 5,2022,2024,native only
Queen of the Valley Hospital - DC Fast,34.063410270693500,-117.94577555662200,Ioniq 5 N,2025,2025,native only
Motel 6 Chino,34.031418000000000,-117.69093210000000,Ioniq 5 N,2025,2025,native only
CITY_OF_VERNON 1850 E25TH-8,34.014405000000000,-118.23806900000000,Ioniq 9,2026,,native only
HollyWest Promenade,34.102350000000000,-118.30887000000000,Ioniq 6,2022,2025,native only
5420 Sunset - Tesla Supercharger (5420 Sunset),34.096946130000000,-118.30766880000000,Ioniq 5 N,2025,2025,native only
G&M OIL G&M #111,34.018667000000000,-118.35496100000000,Ioniq 6,2022,2025,native only
"Inglewood, CA - Tesla Supercharger",33.944904000000000,-118.33438400000000,Ioniq 5 N,2026,2026,native only
City of Los Angeles Lot 745,34.101781000000000,-118.33989400000000,Ioniq 6,2022,2025,native only
Las Vegas NV - West Tropical Parkway - Tesla Supercharger,36.271567000000000,-115.26548900000000,Ioniq 9,2026,,native only
LA County ISD Walt Disney Parking Garage P3,34.055505000000000,-118.24885200000000,Kona Electric,2019,2025,native only
Friendly Ford Body Shop,36.189116000000000,-115.20506200000000,Ioniq 6,2022,2025,native only
CITY_OF_VERNON 1850 E25TH-5,34.014458000000000,-118.23800600000000,Ioniq 6,2026,,native only
"Las Vegas, NV - East Twain Avenue - Tesla Supercharger",36.121869000000000,-115.14503000000000,Ioniq 5,2025,2026,native only
"Las Vegas, NV - West Charleston Boulevard - Tesla Supercharger",36.157865000000000,-115.33380400000000,Ioniq 5,2025,2026,native only
660 Mateo Parking Lot,34.035930000000000,-118.23231000000000,Ioniq 6,2022,2025,native only
WinCo Foods - Pomona #57,34.027210000000000,-117.76206000000000,Ioniq 5,2025,2026,native only
Fairway Chevrolet,36.145332000000000,-115.10693200000000,Ioniq 5,2022,2024,native only
RC SPORTS EVHUB NEAR BLG,34.102389000000000,-117.54488900000000,Kona Electric,2019,2025,native only
CITY_OF_VERNON 1850 E25TH-9,34.014385000000000,-118.23808800000000,Ioniq 5 N,2025,2025,native only
City of Los Angeles Lot 619,34.097765000000000,-118.35316900000000,Kona Electric,2019,2025,native only
Sunny Plaza,34.080280000000000,-118.09299100000000,Ioniq 5 N,2025,2025,native only
"Las Vegas, NV - 7400 Las Vegas Boulevard South - Tesla Supercharger",36.056640000000000,-115.17045900000000,Ioniq 9,2026,,native only
CSULA Parking Structure E,34.070532000000000,-118.16780200000000,Ioniq 5 N,2026,2026,native only
"South Gate, CA - Tesla Supercharger",33.948775000000000,-118.16424000000000,Ioniq 5 N,2026,2026,native only
CSULA Parking Structure E,34.070532000000000,-118.16780200000000,Kona Electric,2019,2025,native only
7-ELEVEN 20101 POMNA DC2,34.067350000000000,-117.71904000000000,Ioniq 6,2026,,native only
City of Los Angeles Lot 657,34.072877000000000,-118.21769000000000,Kona Electric,2019,2025,native only
LOVE'S 374 - CA #374 DC1,34.856826000000000,-117.09190800000000,Ioniq 5,2022,2024,native only
Chevrolet of Puente Hills,33.997758000000000,-117.92869900000000,Ioniq 5 N,2025,2025,native only
515 Flower - Level A,34.051648300000000,-118.25688330000000,Ioniq 5,2022,2024,native only
FH DELIVERY 123FC FH SVC,34.133956000000000,-117.43697400000000,Ioniq 6,2022,2025,with adapter
"Las Vegas, NV - East Sahara Avenue - Tesla Supercharger",36.145396000000000,-115.10297800000000,Ioniq 5,2025,2026,with adapter
Montclair East Shopping Center,34.088568000000000,-117.68592700000000,Ioniq 6,2022,2025,with adapter
The Village at Century,33.944829000000000,-118.33068600000000,Ioniq 5,2025,2026,with adapter
City of Los Angeles Lot 702,34.100570000000000,-118.32733900000000,Kona Electric,2019,2025,with adapter
"Hacienda Heights, CA - Tesla Supercharger",34.010078000000000,-117.96116900000000,Ioniq 5,2022,2024,with adapter
Fairway Chevrolet,36.145332000000000,-115.10693200000000,Ioniq 5,2022,2024,with adapter
CITY_OF_VERNON 1850 E25TH-2,34.014493000000000,-118.23793900000000,Kona Electric,2019,2025,with adapter
"Huntington Park, CA - Tesla Supercharger",33.990148000000000,-118.21634500000000,Ioniq 5,2022,2024,with adapter
US Bank Jurupa Valley,34.012078600000000,-117.48206780000000,Ioniq 6,2026,,with adapter
US Bank Jurupa Valley,34.012078600000000,-117.48206780000000,Kona Electric,2019,2025,with adapter
The Elysian - Tenants Only,34.066624000000000,-118.24822700000000,Ioniq 5 N,2026,2026,with adapter
JLR HENDERSON ABB 01,36.053452000000000,-115.02825800000000,Ioniq 5,2022,2024,with adapter
Friendly Ford,36.178163000000000,-115.20558200000000,Ioniq 9,2026,,with adapter
JLR HENDERSON ABB 01,36.053452000000000,-115.02825800000000,Ioniq 6,2022,2025,with adapter
Cadillac of Las Vegas,36.143709000000000,-115.21176200000000,Ioniq 6,2022,2025,with adapter
RC SPORTS EVHUB NEAR BLG,34.102389000000000,-117.54488900000000,Ioniq 5 N,2026,2026,with adapter
LADWP - Crenshaw,34.012230000000000,-118.33432300000000,Kona Electric,2019,2025,with adapter
RC SPORTS EVHUB NEAR BLG,34.102389000000000,-117.54488900000000,Ioniq 9,2026,,with adapter
"Rancho Cucamonga, CA – Foothill Boulevard - Tesla Supercharger",34.106565000000000,-117.52688900000000,Ioniq 9,2026,,with adapter
City of Los Angeles Lot 619,34.097765000000000,-118.35316900000000,Ioniq 5,2022,2024,with adapter
LA Fitness Baldwin Park,34.069344000000000,-117.97454200000000,Ioniq 6,2022,2025,with adapter
Vons #2261 3rd St.,34.070012400000000,-118.29028300000000,Ioniq 5,2022,2024,with adapter
CITY_OF_VERNON 1850 E25TH-9,34.014385000000000,-118.23808800000000,Ioniq 5 N,2025,2025,with adapter
LADWP LA Kretz Innovation Campus,34.040460000000000,-118.23502000000000,Ioniq 9,2026,,with adapter
Las Vegas - South Nellis Boulevard - Tesla Supercharger,36.144821000000000,-115.06351000000000,Ioniq 6,2022,2025,with adapter
"City of Industry, CA - Gale Avenue - Tesla Supercharger",33.994491000000000,-117.89956900000000,Ioniq 5 N,2026,2026,with adapter
"Diamond Bar, CA - Golden Springs Drive - Tesla Supercharger",33.999023000000000,-117.84384400000000,Ioniq 9,2026,,with adapter
Sunny Plaza,34.080280000000000,-118.09299100000000,Ioniq 9,2026,,with adapter
"Las Vegas, NV - 7400 Las Vegas Boulevard South - Tesla Supercharger",36.056640000000000,-115.17045900000000,Ioniq 9,2026,,with adapter
CSULA Parking Structure E,34.070532000000000,-118.16780200000000,Ioniq 5 N,2026,2026,with adapter
"BOA CA9-164 (South Pasadena, CA)",34.115130000000000,-118.15129000000000,Ioniq 5 N,2026,2026,with adapter
"City of Industry, CA - Colima Road - Tesla Supercharger",33.990892000000000,-117.92528400000000,Kona Electric,2019,2025,with adapter
G&M OIL G&M #76,34.165551000000000,-117.33235100000000,Ioniq 6,2026,,with adapter
ONTARIO HYUNDAI VEHICLE DISPLY1,34.049976000000000,-117.54789800000000,Ioniq 6,2026,,with adapter
BWP EV CHARGE DCFC BWP LOT 1,34.178578000000000,-118.31621300000000,Ioniq 9,2026,,with adapter
G&M OIL G&M #111,34.018667000000000,-118.35496100000000,Ioniq 9,2026,,with adapter
LOVE'S 374 - CA #374 DC1,34.856826000000000,-117.09190800000000,Ioniq 5,2022,2024,with adapter
Culver - Motor Structure 1st Floor,34.015769507079150,-118.40445194626264,Ioniq 5 N,2025,2025,with adapter
"Gigahub Huntington Drive, Duarte, CA",34.140216000000000,-117.95962300000000,Kona Electric,2019,2025,with adapter
City of Los Angeles Lot 702,34.100570000000000,-118.32733900000000,Ioniq 5,2025,2026,with adapter
US Bank Jurupa Valley,34.012078600000000,-117.48206780000000,Ioniq 5,2025,2026,with adapter
"Azusa, CA - Tesla Supercharger",34.136811000000000,-117.90852900000000,Ioniq 6,2026,,with adapter
Foothill Presbyterian Hospital - DC,34.132921700000000,-117.87035030000000,Kona Electric,2019,2025,with adapter
"Baldwin Park, CA - Tesla Supercharger",34.079207000000000,-117.98884000000000,Ioniq 5,2025,2026,with adapter
City of Pasadena - Arroyo Parkway,34.127455808632000,-118.14781708221200,Ioniq 5,2025,2026,with adapter
California Institute of Technology - North Wilson Parking Structure,34.139958000000000,-118.12844600000000,Ioniq 9,2026,,with adapter
515 Flower - Level A,34.051648300000000,-118.25688330000000,Ioniq 5,2022,2024,with adapter
North Las Vegas Rechargery Relay - W Centennial Pkwy,36.276117000000000,-115.17951200000000,Ioniq 5,2025,2026,with adapter
GM Oil Site 76 Chevron San Bernardino,34.165633510226000,-117.33232266743800,Ioniq 5 N,2026,2026,with adapter
AMPM ARCO BEAR VALLEY 1,34.470115000000000,-117.31284400000000,Kona Electric,2019,2025,with adapter
CITY_OF_VERNON 3805 SOTO-4,34.007896000000000,-118.21989600000000,Ioniq 5 N,2026,2026,with adapter
CITY_OF_VERNON 1850 E25TH-5,34.014458000000000,-118.23800600000000,Kona Electric,2019,2025,with adapter
FH DELIVERY 12339 FH SVC,34.134053000000000,-117.43728000000000,Ioniq 5 N,2025,2025,with adapter
"Shopcore One Colorado (Pasadena, CA)",34.146620000000000,-118.14963000000000,Ioniq 5,2022,2024,with adapter
PH SUBARU PH SUBARU,33.996114000000000,-117.91713300000000,Ioniq 6,2026,,with adapter
"Las Vegas, NV - East Twain Avenue - Tesla Supercharger",36.121869000000000,-115.14503000000000,Kona Electric,2019,2025,with adapter
"Las Vegas, NV - West Russell Road - Tesla Supercharger",36.086723000000000,-115.21072600000000,Ioniq 6,2022,2025,with adapter
CITY_OF_VERNON 1850 E25TH-4,34.014472000000000,-118.23798500000000,Ioniq 5 N,2026,2026,with adapter
City of Pasadena - Shopper's Lane,34.138606025541100,-118.13112326151200,Ioniq 9,2026,,with adapter
"Inglewood, CA - West Imperial Highway - Tesla Supercharger",33.930757000000000,-118.32770400000000,Kona Electric,2019,2025,with adapter
CITY_OF_VERNON 1850 E25TH-8,34.014405000000000,-118.23806900000000,Ioniq 9,2026,,with adapter
"BOA Crenshaw Imperial CA8-191 (Inglewood, CA)",33.929310000000000,-118.32674000000000,Ioniq 5 N,2026,2026,with adapter
"South Gate, CA - Tesla Supercharger",33.948775000000000,-118.16424000000000,Ioniq 5 N,2026,2026,with adapter
FINDLAY AUTO ABB STATION2,36.143749000000000,-115.21425500000000,Ioniq 5,2022,2024,with adapter
CITY_OF_VERNON 3805 SOTO-3,34.007876000000000,-118.21990100000000,Ioniq 5 N,2026,2026,with adapter
RC SPORTS EVHUB MIDDLE,34.102745000000000,-117.54397000000000,Ioniq 6,2022,2025,with adapter
"Westfield Century City (Los Angeles, CA)",34.057940000000000,-118.41993000000000,Ioniq 5,2025,2026,with adapter
SCPPA SCPPA CPE200T,34.118106000000000,-117.82245700000000,Ioniq 6,2026,,with adapter
Norm Reeves Honda Superstore West Covina,34.070390000000000,-117.90579000000000,Ioniq 6,2026,,with adapter
B&D PROP MGMT 2645 ST ROSE,36.014271000000000,-115.10318500000000,Ioniq 5 N,2025,2025,with adapter
Madison Parking Lot,34.015769507079150,-118.40447340393226,Ioniq 5 N,2025,2025,with adapter
7-ELEVEN 20101 POMNA DC1,34.067274000000000,-117.71905700000000,Ioniq 5,2025,2026,with adapter
"Universal City, CA - Tesla Supercharger",34.138042000000000,-118.35927200000000,Ioniq 6,2026,,with adapter
DC OB DC 3,34.846389000000000,-117.08386400000000,Ioniq 5 N,2025,2025,with adapter
Veteran's Memorial Park,34.012781000000000,-118.40304000000000,Kona Electric,2019,2025,with adapter
"Inglewood, CA - Tesla Supercharger",33.944904000000000,-118.33438400000000,Ioniq 6,2022,2025,with adapter
City of Los Angeles Lot 745,34.101781000000000,-118.33989400000000,Ioniq 6,2022,2025,with adapter
MIDTOWN LA MIDTOWN DC,34.047397000000000,-118.33611300000000,Ioniq 9,2026,,with adapter
JLR HENDERSON ABB 02,36.053704000000000,-115.02745100000000,Ioniq 9,2026,,with adapter
"Bell, CA - Gage Ave - Tesla Supercharger",33.977777000000000,-118.18876900000000,Ioniq 5,2022,2024,with adapter
"Barstow, CA - Tanger Way - Tesla Supercharger",34.844499000000000,-117.08577100000000,Ioniq 5,2022,2024,with adapter
"Barstow, CA - Tanger Way - Tesla Supercharger",34.844499000000000,-117.08577100000000,Ioniq 6,2026,,with adapter
Culver City Senior Center,34.014540000000000,-118.40405000000000,Kona Electric,2019,2025,with adapter
DC CORRIDOR EDDIES Y DC1,34.907504000000000,-116.83600100000000,Kona Electric,2019,2025,with adapter
LADWP - John Ferraro Building,34.059133000000000,-118.24858900000000,Ioniq 5 N,2025,2025,with adapter
"Ontario Mills (Ontario, CA)",34.074240000000000,-117.54753000000000,Ioniq 9,2026,,with adapter
Fontana Ignite Fueling,34.121007500000000,-117.45312410000000,Ioniq 5 N,2025,2025,with adapter
"Ultra Gas and Mart (Baker, CA)",35.262260000000000,-116.08110000000000,Ioniq 9,2026,,with adapter
515 Flower - Level A,34.051648300000000,-118.25688330000000,Ioniq 9,2026,,with adapter
"Diamond Bar, CA - Tesla Supercharger",33.975843000000000,-117.83842800000000,Ioniq 6,2026,,with adapter
"Montebello Plaza (Montebello , CA)",34.031070000000000,-118.12404000000000,Ioniq 5,2025,2026,with adapter
IN-N-OUT ATLANTIC 02,33.977739000000000,-118.18719800000000,Kona Electric,2019,2025,with adapter
FH DELIVERY 12339 FH SVC,34.134053000000000,-117.43728000000000,Ioniq 5 N,2026,2026,with adapter
"Montebello Plaza (Montebello , CA)",34.031070000000000,-118.12404000000000,Ioniq 5 N,2026,2026,with adapter
GF4EVA VVILLE M6 DC2,34.556316000000000,-117.28995600000000,Ioniq 5,2025,2026,with adapter
"Target 1033 (Baldwin Park, CA)",34.070710000000000,-117.97825000000000,Ioniq 5,2025,2026,with adapter
"Dunhill - Shoppes at Chino Hills (Chino Hills, CA)",34.000247300000000,-117.72841960000000,Ioniq 5 N,2025,2025,with adapter
City of Los Angeles Lot 675,34.103853000000000,-118.29105200000000,Ioniq 5,2022,2024,with adapter
Thailand Plaza,34.101990000000000,-118.30639000000000,Ioniq 6,2022,2025,with adapter
AMPM ARCO BEAR VALLEY 2,34.470448000000000,-117.31275100000000,Kona Electric,2019,2025,with adapter
L446 1,36.273183000000000,-115.26523900000000,Ioniq 5,2022,2024,with adapter
Airport Marina Ford,33.976019000000000,-118.38478300000000,Ioniq 9,2026,,with adapter
RC SPORTS EVHUB NEAR BLG,34.102389000000000,-117.54488900000000,Kona Electric,2019,2025,with adapter
"Las Vegas South Premium Outlets (Las Vegas, NV)",36.056570000000000,-115.16854000000000,Ioniq 5,2022,2024,with adapter
DCF - JV DCF POMONA1,34.029579000000000,-117.75899900000000,Ioniq 6,2022,2025,with adapter
Motel 6 Chino,34.031418000000000,-117.69093210000000,Ioniq 5 N,2025,2025,with adapter
Motel 6 Chino,34.031418000000000,-117.69093210000000,Ioniq 5 N,2026,2026,with adapter
City of Los Angeles Lot 619,34.097765000000000,-118.35316900000000,Ioniq 5 N,2026,2026,with adapter
"BOA Crenshaw Imperial CA8-191 (Inglewood, CA)",33.929310000000000,-118.32674000000000,Ioniq 5,2022,2024,with adapter
"Westfield Culver City (Culver City, CA)",33.986880000000000,-118.39429000000000,Ioniq 5,2022,2024,with adapter
Chase Bank - 925 N Hacienda Blvd,34.036106000000000,-117.95038500000000,Ioniq 5,2022,2024,with adapter
IN-N-OUT ATLANTIC 05,33.977354000000000,-118.18756900000000,Ioniq 5,2022,2024,with adapter
Caltrans - Valley Wells Rest Area - Northbound,35.434023000000000,-115.69926700000000,Ioniq 6,2022,2025,with adapter
"Las Vegas, NV - South Fort Apache Road - Tesla Supercharger",36.093958000000000,-115.29710800000000,Ioniq 5 N,2026,2026,with adapter
"Alhambra, CA - Tesla Supercharger",34.087063000000000,-118.15119600000000,Ioniq 5 N,2025,2025,with adapter
CITY_OF_VERNON 1850 E25TH-10,34.014380000000000,-118.23810800000000,Ioniq 5 N,2026,2026,with adapter
Plaza Continental - Tesla Supercharger,34.068715000000000,-117.57421800000000,Ioniq 5 N,2025,2025,with adapter
"Las Vegas, NV - 3528 South Maryland Parkway - Tesla Supercharger",36.125754000000000,-115.13462200000000,Ioniq 9,2026,,with adapter
Cardenas Market Hesperia,34.423802000000000,-117.32503600000000,Ioniq 6,2026,,with adapter
5420 Sunset - Tesla Supercharger (5420 Sunset),34.096946130000000,-118.30766880000000,Ioniq 5 N,2025,2025,with adapter
City of South Pasadena,34.116310000000000,-118.15215000000000,Kona Electric,2019,2025,with adapter
JLR HENDERSON ABB 02,36.053704000000000,-115.02745100000000,Ioniq 6,2022,2025,with adapter
WinCo Foods - Pomona #57,34.027210000000000,-117.76206000000000,Ioniq 5,2025,2026,with adapter
3530 West Century Blvd,33.944524100000000,-118.33324560000000,Ioniq 6,2022,2025,with adapter
"Ontario, CA - Ontario Mills Pkwy - Tesla Supercharger",34.068955000000000,-117.55628500000000,Ioniq 5 N,2025,2025,with adapter
JLR HENDERSON ABB 02,36.053704000000000,-115.02745100000000,Ioniq 5 N,2025,2025,with adapter
"Las Vegas, NV - West Craig Road - Tesla Supercharger",36.239055000000000,-115.24980200000000,Ioniq 6,2022,2025,with adapter
Emser International,34.063430000000000,-118.36870000000000,Ioniq 5 N,2026,2026,with adapter
BAKER TRAVEL PLAZA,35.276756900000000,-116.05701660000000,Ioniq 6,2022,2025,with adapter
Covina Town Square,34.105800000000000,-117.90569000000000,Ioniq 6,2022,2025,with adapter
"Baldwin Park, CA - Tesla Supercharger",34.079207000000000,-117.98884000000000,Ioniq 5,2022,2024,with adapter
"Baldwin Park, CA - Tesla Supercharger",34.079207000000000,-117.98884000000000,Kona Electric,2019,2025,with adapter
The Elysian - Tenants Only,34.066624000000000,-118.24822700000000,Kona Electric,2019,2025,with adapter
"Las Vegas, NV - South Maryland Parkway - Tesla Supercharger",36.030077000000000,-115.13584300000000,Ioniq 6,2022,2025,with adapter
Hilton Los Angeles/San Gabriel,34.080799000000000,-118.10248700000000,Ioniq 6,2026,,with adapter
North Las Vegas Rechargery Relay - W Centennial Pkwy,36.276117000000000,-115.17951200000000,Ioniq 5 N,2026,2026,with adapter
CITY_OF_VERNON 1850 E25TH-5,34.014458000000000,-118.23800600000000,Ioniq 6,2026,,with adapter
CITY_OF_VERNON 3805 SOTO-6,34.007957000000000,-118.21989500000000,Ioniq 6,2026,,with adapter
CITY_OF_VERNON 3805 SOTO-6,34.007957000000000,-118.21989500000000,Ioniq 5 N,2025,2025,with adapter
Team Ford,36.259310000000000,-115.24797700000000,Ioniq 5,2025,2026,with adapter
L516 DC01,34.034420000000000,-118.27100300000000,Ioniq 6,2022,2025,with adapter
"Target 1033 (Baldwin Park, CA)",34.070710000000000,-117.97825000000000,Ioniq 5 N,2025,2025,with adapter
"Ralphs 060 (Glendale, CA)",34.142440000000000,-118.23379000000000,Kona Electric,2019,2025,with adapter
"Pavilions 2229 (Los Angeles, CA)",34.083640000000000,-118.32747000000000,Ioniq 9,2026,,with adapter
"Hesperia, CA - Main Street - Tesla Supercharger",34.426362000000000,-117.35465000000000,Ioniq 6,2022,2025,with adapter
City of Los Angeles Lot 619,34.097765000000000,-118.35316900000000,Kona Electric,2019,2025,with adapter
FINDLAY AUTO ABB STATION2,36.143749000000000,-115.21425500000000,Ioniq 9,2026,,with adapter
RANCHOCUCAMONGA DCFC CITY HALL,34.103720000000000,-117.57447700000000,Ioniq 6,2022,2025,with adapter
City of Pasadena - Robinson Park,34.164516574203800,-118.15178871863500,Kona Electric,2019,2025,with adapter
7-ELEVEN 20101 POMNA DC1,34.067274000000000,-117.71905700000000,Ioniq 5 N,2026,2026,with adapter
"Forum Shops at Caesars Palace (Las Vegas, NV)",36.119740000000000,-115.17691000000000,Kona Electric,2019,2025,with adapter
Inglewood City Hall,33.962406000000000,-118.35363500000000,Ioniq 6,2026,,with adapter
"Las Vegas, NV - South Fort Apache Road - Tesla Supercharger",36.093958000000000,-115.29710800000000,Kona Electric,2019,2025,with adapter
Airport Marina Ford,33.976019000000000,-118.38478300000000,Ioniq 5,2025,2026,with adapter
FINDLAY AUTO ABB STATION2,36.143749000000000,-115.21425500000000,Ioniq 6,2026,,with adapter
"Target T2179 (Diamond Bar, CA)",34.004360000000000,-117.82223000000000,Ioniq 6,2026,,with adapter
RC SPORTS EVHUB ADJ SWGR,34.102644000000000,-117.54410000000000,Ioniq 5,2022,2024,with adapter
"Las Vegas, NV - Cambridge St - Tesla Supercharger",36.128731000000000,-115.14374000000000,Kona Electric,2019,2025,with adapter
3029 S Robertson Blvd,34.032567400000000,-118.39053970000000,Kona Electric,2019,2025,with adapter
RC SPORTS EVHUB MIDDLE,34.102745000000000,-117.54397000000000,Ioniq 5,2025,2026,with adapter
"San Gabriel, CA - Tesla Supercharger",34.077496000000000,-118.10012800000000,Ioniq 5,2025,2026,with adapter
Sharp Capital,34.052690000000000,-118.26533000000000,Ioniq 6,2026,,with adapter
KH Structure,34.062704800000000,-118.20349060000000,Ioniq 6,2022,2025,with adapter
"Pomona, CA - Tesla Supercharger",34.026968000000000,-117.76228800000000,Ioniq 6,2022,2025,with adapter
"Victorville, CA - Amargosa Road - Tesla Supercharger",34.463006000000000,-117.35421800000000,Ioniq 5,2022,2024,with adapter
Plaza Continental - Tesla Supercharger,34.068715000000000,-117.57421800000000,Kona Electric,2019,2025,with adapter
City of Los Angeles Lot 657,34.072877000000000,-118.21769000000000,Kona Electric,2019,2025,with adapter
LOVE'S 374 - CA #374 DC1,34.856826000000000,-117.09190800000000,Ioniq 5 N,2026,2026,with adapter
City of Los Angeles Lot 745,34.101781000000000,-118.33989400000000,Ioniq 5,2025,2026,with adapter
660 Mateo Parking Lot,34.035930000000000,-118.23231000000000,Ioniq 6,2022,2025,with adapter
IN-N-OUT ATLANTIC 03,33.977693000000000,-118.18720000000000,Ioniq 9,2026,,with adapter
"Gigahub Huntington Drive, Duarte, CA",34.140216000000000,-117.95962300000000,Ioniq 5 N,2026,2026,with adapter
Montclair East Shopping Center,34.088568000000000,-117.68592700000000,Kona Electric,2019,2025,with adapter
"West Covina, CA - 1414 S Azusa Ave - Tesla Supercharger",34.047677000000000,-117.90707500000000,Ioniq 5,2025,2026,with adapter
Covina Town Square,34.105800000000000,-117.90569000000000,Ioniq 9,2026,,with adapter
CITY_OF_VERNON 3805 SOTO-2,34.007973000000000,-118.22009600000000,Kona Electric,2019,2025,with adapter
1310 W Baseline Rd,34.122101000000000,-117.39687900000000,Ioniq 9,2026,,with adapter
"BOA Magnolia Park CA9-151 (Burbank, CA)",34.168130000000000,-118.34380000000000,Ioniq 6,2026,,with adapter
Jordan Downs,33.946716000000000,-118.22994000000000,Ioniq 5,2025,2026,with adapter
Fontana Ignite Fueling,34.121007500000000,-117.45312410000000,Ioniq 6,2026,,with adapter
"Walmart 4340 (Hesperia, CA)",34.424540000000000,-117.37148000000000,Ioniq 9,2026,,with adapter
515 Flower - Level A,34.051648300000000,-118.25688330000000,Ioniq 5 N,2025,2025,with adapter
Hsi Lai Center,33.980510000000000,-117.97344600000000,Ioniq 5 N,2026,2026,with adapter
"Commerce, CA - E Telegraph Rd - Tesla Supercharger",33.998388000000000,-118.14614700000000,Ioniq 5 N,2025,2025,with adapter
Friendly Ford Body Shop,36.189116000000000,-115.20506200000000,Ioniq 6,2026,,with adapter
"BOA LA Chinatown CA9-167 (Los Angeles, CA)",34.063310000000000,-118.23718000000000,Ioniq 5,2025,2026,with adapter
CITY_OF_VERNON 3805 SOTO-6,34.007957000000000,-118.21989500000000,Ioniq 5,2025,2026,with adapter
L516 DC01,34.034420000000000,-118.27100300000000,Ioniq 5 N,2025,2025,with adapter
"Las Vegas, NV - South Decatur Boulevard - Tesla Supercharger",36.171532000000000,-115.20723300000000,Ioniq 5,2022,2024,with adapter
Bristol Farms,34.077342000000000,-118.38849900000000,Ioniq 5,2022,2024,with adapter
Winterwood Pavilion,36.146180000000000,-115.06522000000000,Ioniq 5 N,2025,2025,with adapter
AMPM ARCO BEAR VALLEY 1,34.470115000000000,-117.31284400000000,Ioniq 5,2022,2024,with adapter
76 San Gabriel,34.103300000000000,-118.09950000000000,Ioniq 5 N,2026,2026,with adapter
GM Oil Site 111 FoodMart Los Angeles,34.018660888026000,-118.35493777871600,Ioniq 5 N,2025,2025,with adapter
City of Pasadena - Shopper's Lane,34.138606025541100,-118.13112326151200,Ioniq 6,2026,,with adapter
Overland Structure 1st Floor,34.015755000000000,-118.40349300000000,Ioniq 5,2022,2024,with adapter
Airport Marina Ford,33.976019000000000,-118.38478300000000,Kona Electric,2019,2025,with adapter
RC SPORTS EVHUB NEAR BLG,34.102389000000000,-117.54488900000000,Ioniq 6,2022,2025,with adapter
BMW of Monrovia,34.137556000000000,-117.98705400000000,Ioniq 5,2022,2024,with adapter
"BOA CA9-164 (South Pasadena, CA)",34.115130000000000,-118.15129000000000,Ioniq 9,2026,,with adapter
City of Pasadena - Robinson Park,34.164516574203800,-118.15178871863500,Ioniq 6,2026,,with adapter
"West Covina, CA - E Eastland Center Drive - Tesla Supercharger",34.073884000000000,-117.88975400000000,Ioniq 5,2025,2026,with adapter
7-ELEVEN 20101 POMNA DC2,34.067350000000000,-117.71904000000000,Ioniq 5,2022,2024,with adapter
Honda DTLA,34.010828320642500,-118.28703020000000,Ioniq 5,2022,2024,with adapter
LADWP - John Ferraro Building,34.059133000000000,-118.24858900000000,Ioniq 6,2022,2025,with adapter
"BoA Gateway CA8-113 (Glendale, CA)",34.126080000000000,-118.25597000000000,Kona Electric,2019,2025,with adapter
Metro Nissan of Montclair,34.082222000000000,-117.69490300000000,Ioniq 6,2022,2025,with adapter
RANCHOCUCAMONGA DCFC CITY HALL,34.103720000000000,-117.57447700000000,Kona Electric,2019,2025,with adapter
US Bank San Gabriel,34.103709800000000,-118.08949900000000,Ioniq 9,2026,,with adapter
Gaudin Ford,36.064736000000000,-115.23674100000000,Ioniq 5,2022,2024,with adapter
Trader Joe's,34.024883000000000,-118.39244800000000,Ioniq 5 N,2026,2026,with adapter
G&M OIL G&M #76,34.165551000000000,-117.33235100000000,Ioniq 5 N,2025,2025,with adapter
LOVE'S 374 - CA #374 DC1,34.856826000000000,-117.09190800000000,Ioniq 9,2026,,with adapter
BWP EV CHARGE DCFC BWP LOT 1,34.178578000000000,-118.31621300000000,Ioniq 5 N,2025,2025,with adapter
City of Los Angeles Lot 628,34.074273000000000,-118.21532100000000,Ioniq 5,2025,2026,with adapter
H&S ENERGY H&S#20 CHEVRON,34.034767000000000,-118.09062900000000,Ioniq 5,2025,2026,with adapter
"Inglewood, CA - Tesla Supercharger",33.944904000000000,-118.33438400000000,Ioniq 5 N,2026,2026,with adapter
"Walmart 2838 (Henderson, NV)",36.062080000000000,-115.03353000000000,Ioniq 5 N,2026,2026,with adapter
76 Gas Station San Gabriel,34.103147800000000,-118.09930910000000,Ioniq 5,2025,2026,with adapter
99 Ranch Chino Hills,34.010479900000000,-117.74055430000000,Ioniq 9,2026,,with adapter
CITY_OF_VERNON 3805 SOTO-9,34.008059000000000,-118.21997600000000,Ioniq 6,2026,,with adapter
H&S ENERGY H&S#23 CHEVRON,34.046069000000000,-117.80259600000000,Ioniq 5 N,2025,2025,with adapter
Emser International,34.063430000000000,-118.36870000000000,Kona Electric,2019,2025,with adapter
IN-N-OUT ATLANTIC 04,33.977378000000000,-118.18745900000000,Ioniq 9,2026,,with adapter
RC SPORTS EVHUB ADA 1,34.102955000000000,-117.54406000000000,Ioniq 6,2022,2025,with adapter
CITY_OF_VERNON 1850 E25TH-2,34.014493000000000,-118.23793900000000,Ioniq 5,2025,2026,with adapter
"Azusa, CA - Tesla Supercharger",34.136811000000000,-117.90852900000000,Ioniq 5,2022,2024,with adapter
Las Vegas NV - West Tropical Parkway - Tesla Supercharger,36.271567000000000,-115.26548900000000,Ioniq 9,2026,,with adapter
Las Vegas NV - West Tropical Parkway - Tesla Supercharger,36.271567000000000,-115.26548900000000,Ioniq 5 N,2026,2026,with adapter
Diamond Creek Village Shopping Center,33.998580000000000,-117.84349000000000,Ioniq 6,2022,2025,with adapter
Fontana Ignite Fueling,34.121007500000000,-117.45312410000000,Ioniq 6,2022,2025,with adapter
"IKEA 413 Los Angeles (Covina, CA)",34.074180000000000,-117.88100000000000,Ioniq 5 N,2026,2026,with adapter
City of Pasadena - Arroyo Parkway,34.127455808632000,-118.14781708221200,Ioniq 9,2026,,with adapter
"Ultra Gas and Mart (Baker, CA)",35.262260000000000,-116.08110000000000,Ioniq 5,2022,2024,with adapter
City of Pasadena - Marengo Garage,34.144703000000000,-118.14695700000000,Ioniq 9,2026,,with adapter
Friendly Ford Body Shop,36.189116000000000,-115.20506200000000,Ioniq 6,2022,2025,with adapter
CITY_OF_VERNON 3805 SOTO-4,34.007896000000000,-118.21989600000000,Ioniq 5,2022,2024,with adapter
"Alhambra, CA - West Valley Boulevard - Tesla Supercharger",34.077346000000000,-118.13855400000000,Ioniq 6,2022,2025,with adapter
"Las Vegas, NV - East Twain Avenue - Tesla Supercharger",36.121869000000000,-115.14503000000000,Ioniq 5,2025,2026,with adapter
Cadillac of Las Vegas,36.143709000000000,-115.21176200000000,Kona Electric,2019,2025,with adapter
L516 DC01,34.034420000000000,-118.27100300000000,Kona Electric,2019,2025,with adapter
Victoria Gardens,34.112867000000000,-117.53342300000000,Ioniq 6,2026,,with adapter
"Ralphs 060 (Glendale, CA)",34.142440000000000,-118.23379000000000,Ioniq 5,2022,2024,with adapter
"Pavilions 2229 (Los Angeles, CA)",34.083640000000000,-118.32747000000000,Ioniq 6,2022,2025,with adapter
L446 1,36.273183000000000,-115.26523900000000,Kona Electric,2019,2025,with adapter
RC SPORTS EVHUB NEAR BLG,34.102389000000000,-117.54488900000000,Ioniq 5,2025,2026,with adapter
CITY_OF_VERNON 1850 E25TH-8,34.014405000000000,-118.23806900000000,Ioniq 5,2022,2024,with adapter
"Las Vegas, NV - East Windmill Lane - Tesla Supercharger",36.042548790000000,-115.15263582000000,Ioniq 5,2025,2026,with adapter
"Las Vegas, NV - East Windmill Lane - Tesla Supercharger",36.042548790000000,-115.15263582000000,Ioniq 5 N,2026,2026,with adapter
"Las Vegas, NV - 7400 Las Vegas Boulevard South - Tesla Supercharger",36.056640000000000,-115.17045900000000,Ioniq 5 N,2025,2025,with adapter
Metro Nissan of Montclair,34.082222000000000,-117.69490300000000,Ioniq 5 N,2025,2025,with adapter
City of Pasadena - Robinson Park,34.164516574203800,-118.15178871863500,Ioniq 5 N,2026,2026,with adapter
Las Vegas - South Nellis Boulevard - Tesla Supercharger,36.144821000000000,-115.06351000000000,Ioniq 6,2026,,with adapter
IN-N-OUT ATLANTIC 05,33.977354000000000,-118.18756900000000,Ioniq 5,2025,2026,with adapter
CSULA Parking Structure B,34.065661000000000,-118.17018900000000,Kona Electric,2019,2025,with adapter
RANCHOCUCAMONGA DCFC CITY HALL,34.103720000000000,-117.57447700000000,Ioniq 5 N,2025,2025,with adapter
"Target T2179 (Diamond Bar, CA)",34.004360000000000,-117.82223000000000,Ioniq 6,2022,2025,with adapter
Chase Bank - 925 N Hacienda Blvd,34.036106000000000,-117.95038500000000,Ioniq 6,2026,,with adapter
"Westfield Century City (Los Angeles, CA)",34.057940000000000,-118.41993000000000,Ioniq 5 N,2025,2025,with adapter
Caltrans - Valley Wells Rest Area - Northbound,35.434023000000000,-115.69926700000000,Kona Electric,2019,2025,with adapter
7-ELEVEN 20101 POMNA DC2,34.067350000000000,-117.71904000000000,Ioniq 6,2026,,with adapter
G&M OIL G&M #76,34.165551000000000,-117.33235100000000,Ioniq 5 N,2026,2026,with adapter
HollyWest Promenade,34.102350000000000,-118.30887000000000,Ioniq 6,2022,2025,with adapter
Barlow Respiratory Hospital,34.074594000000000,-118.24769900000000,Ioniq 5 N,2025,2025,with adapter
G&M OIL CHEVRON #27,34.470993000000000,-117.35262000000000,Ioniq 5,2025,2026,with adapter
G&M OIL G&M #111,34.018667000000000,-118.35496100000000,Ioniq 6,2022,2025,with adapter
DOWNEYHYUNDAI CPE250 1,33.946263000000000,-118.14534200000000,Ioniq 6,2026,,with adapter
Cardenas Market Hesperia,34.423802000000000,-117.32503600000000,Ioniq 5 N,2026,2026,with adapter
3530 West Century Blvd,33.944524100000000,-118.33324560000000,Ioniq 5 N,2026,2026,with adapter
IN-N-OUT ATLANTIC 03,33.977693000000000,-118.18720000000000,Ioniq 6,2026,,with adapter
"Ralphs 32 (Los Angeles, CA)",34.068540000000000,-118.29112000000000,Ioniq 5 N,2026,2026,with adapter
FH DELIVERY 121A4 FH SVC,34.133796000000000,-117.43710300000000,Ioniq 5 N,2026,2026,with adapter
"Bell, CA - Gage Ave - Tesla Supercharger",33.977777000000000,-118.18876900000000,Ioniq 6,2026,,with adapter
"Hacienda Heights, CA - Tesla Supercharger",34.010078000000000,-117.96116900000000,Ioniq 5 N,2025,2025,with adapter
MINI of Monrovia,34.136472000000000,-117.98718700000000,Ioniq 5 N,2026,2026,with adapter
Chevrolet of Puente Hills,33.997758000000000,-117.92869900000000,Ioniq 5 N,2025,2025,with adapter
"Ultra Gas and Mart (Baker, CA)",35.262260000000000,-116.08110000000000,Ioniq 6,2026,,with adapter
Hsi Lai Center,33.980510000000000,-117.97344600000000,Ioniq 5,2025,2026,with adapter
LA County ISD Walt Disney Parking Garage P3,34.055505000000000,-118.24885200000000,Kona Electric,2019,2025,with adapter
Hsi Lai Center,33.980510000000000,-117.97344600000000,Kona Electric,2019,2025,with adapter
City of Los Angeles Lot 639,34.108426000000000,-118.19387300000000,Kona Electric,2019,2025,with adapter
GM Oil Site 76 Chevron San Bernardino,34.165633510226000,-117.33232266743800,Ioniq 5,2025,2026,with adapter
"Las Vegas, NV - West Charleston Boulevard - Tesla Supercharger",36.157865000000000,-115.33380400000000,Ioniq 5,2025,2026,with adapter
"Las Vegas, NV - West Charleston Boulevard - Tesla Supercharger",36.157865000000000,-115.33380400000000,Kona Electric,2019,2025,with adapter
"Shopcore One Colorado (Pasadena, CA)",34.146620000000000,-118.14963000000000,Ioniq 6,2022,2025,with adapter
"Upland, CA - Arrow Rte - Tesla Supercharger",34.099154000000000,-117.70019200000000,Ioniq 9,2026,,with adapter
Downey Nissan,33.947674638000000,-118.15152577300000,Ioniq 9,2026,,with adapter
City of Los Angeles Lot 675,34.103853000000000,-118.29105200000000,Ioniq 5,2025,2026,with adapter
Overland Structure 1st Floor,34.015755000000000,-118.40349300000000,Ioniq 5 N,2025,2025,with adapter
Barstow - Coral Charge,34.891277870000000,-117.00371410000000,Ioniq 6,2026,,with adapter
"Pomona, CA - Rio Rancho Road - Tesla Supercharger",34.028502000000000,-117.76035400000000,Kona Electric,2019,2025,with adapter
"Las Vegas South Premium Outlets (Las Vegas, NV)",36.056570000000000,-115.16854000000000,Kona Electric,2019,2025,with adapter
Queen of the Valley Hospital - DC Fast,34.063410270693500,-117.94577555662200,Ioniq 5 N,2025,2025,with adapter
"Walmart 3180 (South Gate, CA)",33.954180000000000,-118.18774000000000,Ioniq 5,2025,2026,with adapter
B&D PROP MGMT 2645 ST ROSE,36.014271000000000,-115.10318500000000,Ioniq 6,2026,,with adapter
Gaudin Ford,36.064736000000000,-115.23674100000000,Ioniq 6,2026,,with adapter
"San Gabriel, CA - Tesla Supercharger",34.077496000000000,-118.10012800000000,Ioniq 9,2026,,with adapter
"San Gabriel, CA - Tesla Supercharger",34.077496000000000,-118.10012800000000,Ioniq 5 N,2026,2026,with adapter
Motel 6 Chino,34.031418000000000,-117.69093210000000,Ioniq 5,2025,2026,with adapter
LADWP - John Ferraro Building,34.059133000000000,-118.24858900000000,Kona Electric,2019,2025,with adapter
6250 Hollywood Blvd DCFC,34.100840000000000,-118.32541000000000,Kona Electric,2019,2025,with adapter
"Westfield Century City (Los Angeles, CA)",34.057940000000000,-118.41993000000000,Ioniq 5 N,2026,2026,with adapter
Sharp Capital,34.052690000000000,-118.26533000000000,Kona Electric,2019,2025,with adapter
Inglewood City Hall,33.962406000000000,-118.35363500000000,Ioniq 9,2026,,with adapter
Inglewood City Hall,33.962406000000000,-118.35363500000000,Ioniq 5 N,2026,2026,with adapter
Caltrans - Valley Wells Rest Area - Southbound,35.435299000000000,-115.70199000000000,Ioniq 5,2022,2024,with adapter
"Montebello, CA - N Wilcox Ave - Tesla Supercharger",34.031001000000000,-118.12593500000000,Kona Electric,2019,2025,with adapter
"Westfield Century City (Los Angeles, CA)",34.057940000000000,-118.41993000000000,Ioniq 6,2026,,with adapter
"Victorville, CA - Amargosa Road - Tesla Supercharger",34.463006000000000,-117.35421800000000,Ioniq 6,2022,2025,with adapter
ONTARIO HYUNDAI VEHICLE DISPLY1,34.049976000000000,-117.54789800000000,Ioniq 5 N,2025,2025,with adapter
HollyWest Promenade,34.102350000000000,-118.30887000000000,Ioniq 5 N,2025,2025,with adapter
"Barstow, CA",34.851349000000000,-117.08257800000000,Ioniq 9,2026,,with adapter
"Ralphs 32 (Los Angeles, CA)",34.068540000000000,-118.29112000000000,Kona Electric,2019,2025,with adapter
"Las Vegas, NV - Grand Central Parkway - Tesla Supercharger",36.166039000000000,-115.15917000000000,Ioniq 6,2026,,with adapter
FH DELIVERY 123FC FH SVC,34.133956000000000,-117.43697400000000,Kona Electric,2019,2025,with adapter
99 Ranch Chino Hills,34.010479900000000,-117.74055430000000,Ioniq 6,2022,2025,with adapter
CITY_OF_VERNON 3805 SOTO-9,34.008059000000000,-118.21997600000000,Ioniq 9,2026,,with adapter
"Gigahub Huntington Drive, Duarte, CA",34.140216000000000,-117.95962300000000,Ioniq 5,2025,2026,with adapter
8000 Sunset Blvd,34.097482500000000,-118.36446270000000,Ioniq 9,2026,,with adapter
Mountain Vista Plaza,34.137466600000000,-117.98216400000000,Ioniq 5 N,2026,2026,with adapter
SCAQMD Offices,34.001519000000000,-117.83051900000000,Ioniq 5,2022,2024,with adapter
RC SPORTS EVHUB ADA 1,34.102955000000000,-117.54406000000000,Ioniq 5,2022,2024,with adapter
"North Las Vegas, NV - Tesla Supercharger",36.239084000000000,-115.11611700000000,Ioniq 5,2025,2026,with adapter
Las Vegas,35.999436000000000,-115.17175500000000,Ioniq 5 N,2025,2025,with adapter
PowerStation - Rasor Rd,35.134718200000000,-116.21681310000000,Ioniq 5 N,2026,2026,with adapter
City of Pasadena - Del Mar Station,34.142000000000000,-118.14862600000000,Ioniq 5,2025,2026,with adapter
Team Ford,36.259310000000000,-115.24797700000000,Ioniq 5 N,2026,2026,with adapter
"Ralphs 060 (Glendale, CA)",34.142440000000000,-118.23379000000000,Ioniq 6,2022,2025,with adapter
CITY_OF_VERNON 1850 E25TH-6,34.014444000000000,-118.23802600000000,Ioniq 9,2026,,with adapter
BMW of Monrovia,34.137556000000000,-117.98705400000000,Ioniq 5,2025,2026,with adapter
Las Vegas - South Nellis Boulevard - Tesla Supercharger,36.144821000000000,-115.06351000000000,Ioniq 5 N,2025,2025,with adapter
Park Towers at Hughes Center,36.115304500000000,-115.15677400000000,Ioniq 6,2022,2025,with adapter
3029 S Robertson Blvd,34.032567400000000,-118.39053970000000,Ioniq 5,2022,2024,with adapter
CSULA Parking Structure E,34.070532000000000,-118.16780200000000,Kona Electric,2019,2025,with adapter
"Las Vegas, NV - Cambridge St - Tesla Supercharger",36.128731000000000,-115.14374000000000,Ioniq 5,2025,2026,with adapter
1820 Industrial,34.035224000000000,-118.23392000000000,Ioniq 5,2025,2026,with adapter
Ontario Mills - Skechers,34.071281000000000,-117.54922700000000,Ioniq 5 N,2026,2026,with adapter
3029 S Robertson Blvd,34.032567400000000,-118.39053970000000,Ioniq 5 N,2025,2025,with adapter
IN-N-OUT ATLANTIC 05,33.977354000000000,-118.18756900000000,Ioniq 6,2026,,with adapter
Caltrans - Clyde V. Kane Rest Area - Southbound,35.034153000000000,-116.47144700000000,Ioniq 9,2026,,with adapter
Sunny Plaza,34.080280000000000,-118.09299100000000,Ioniq 5 N,2025,2025,with adapter
"Montebello, CA - N Wilcox Ave - Tesla Supercharger",34.031001000000000,-118.12593500000000,Ioniq 6,2026,,with adapter
G&M OIL G&M #111,34.018667000000000,-118.35496100000000,Ioniq 5 N,2026,2026,with adapter
Barlow Respiratory Hospital,34.074594000000000,-118.24769900000000,Ioniq 9,2026,,with adapter
JLRLV PUPLIC WEST DC,36.065812000000000,-115.23208400000000,Kona Electric,2019,2025,with adapter
LA County DHS 313 Fig,34.060148000000000,-118.25074700000000,Kona Electric,2019,2025,with adapter
"Montebello Plaza (Montebello , CA)",34.031070000000000,-118.12404000000000,Ioniq 5,2022,2024,native only
Puente Hills Nissan,33.998192000000000,-117.92814600000000,Ioniq 5,2022,2024,native only
"Hesperia, CA - Tesla Supercharger",34.424701000000000,-117.38573800000000,Ioniq 9,2026,,native only
"Las Vegas, NV",36.066487600000000,-115.17950700000000,Ioniq 6,2026,,native only
99 Ranch Chino Hills,34.010479900000000,-117.74055430000000,Kona Electric,2019,2025,native only
"Gigahub Huntington Drive, Duarte, CA",34.140216000000000,-117.95962300000000,Ioniq 6,2022,2025,native only
"West Covina, CA - 1414 S Azusa Ave - Tesla Supercharger",34.047677000000000,-117.90707500000000,Ioniq 6,2026,,native only
Culver City Senior Center,34.014540000000000,-118.40405000000000,Ioniq 6,2022,2025,native only
"Huntington Park, CA - Tesla Supercharger",33.990148000000000,-118.21634500000000,Ioniq 9,2026,,native only
City of Los Angeles Lot 675,34.103853000000000,-118.29105200000000,Ioniq 5 N,2026,2026,native only
CITY_OF_VERNON 1850 E25TH-7,34.014426000000000,-118.23804700000000,Ioniq 5,2025,2026,native only
76 San Gabriel,34.103300000000000,-118.09950000000000,Ioniq 5,2022,2024,native only
"Pomona, CA - Rio Rancho Road - Tesla Supercharger",34.028502000000000,-117.76035400000000,Ioniq 6,2026,,native only
"Target T0767 (San Dimas, CA)",34.103250000000000,-117.82342000000000,Ioniq 6,2022,2025,native only
1820 Industrial,34.035224000000000,-118.23392000000000,Kona Electric,2019,2025,native only
California Institute of Technology - California Parking Structure,34.134066000000000,-118.12636300000000,Ioniq 5 N,2026,2026,native only
Trader Joe's,34.024883000000000,-118.39244800000000,Ioniq 5,2022,2024,native only
Covina Hills Chevrolet,34.078031000000000,-117.89101400000000,Ioniq 6,2022,2025,native only
IN-N-OUT ATLANTIC 05,33.977354000000000,-118.18756900000000,Ioniq 9,2026,,native only
"Diamond Bar, CA - Golden Springs Drive - Tesla Supercharger",33.999023000000000,-117.84384400000000,Ioniq 5 N,2026,2026,native only
"Victorville, CA - Amargosa Road - Tesla Supercharger",34.463006000000000,-117.35421800000000,Ioniq 6,2026,,native only
WLCAC,33.936653700000000,-118.25362400000000,Ioniq 5 N,2026,2026,native only
"Los Angeles, CA - Venice Boulevard - Tesla Supercharger",34.027975000000000,-118.39414400000000,Ioniq 9,2026,,native only
"Las Vegas, NV - 3528 South Maryland Parkway - Tesla Supercharger",36.125754000000000,-115.13462200000000,Ioniq 6,2026,,native only
US Bank 3355 Glendale,34.119663300000000,-118.25953740000000,Ioniq 6,2022,2025,native only
"Walmart 4340 (Hesperia, CA)",34.424540000000000,-117.37148000000000,Ioniq 6,2022,2025,native only
Fontana Ignite Fueling,34.121007500000000,-117.45312410000000,Ioniq 5,2022,2024,native only
MINI of Monrovia,34.136472000000000,-117.98718700000000,Ioniq 5 N,2025,2025,native only
"Covina, CA - S Barranca Ave - Tesla Supercharger",34.073767000000000,-117.88090200000000,Ioniq 5,2025,2026,native only
IN-N-OUT ATLANTIC 02,33.977739000000000,-118.18719800000000,Ioniq 6,2026,,native only
"Las Vegas, NV - East Twain Avenue - Tesla Supercharger",36.121869000000000,-115.14503000000000,Ioniq 6,2026,,native only
"Hesperia, CA - Tesla Supercharger",34.424701000000000,-117.38573800000000,Ioniq 6,2026,,native only
"Walmart 2886 (Pico Rivera, CA)",33.986450000000000,-118.10495000000000,Ioniq 6,2022,2025,native only
L344 MB SECOND FLOOR,34.035947000000000,-118.27297300000000,Ioniq 6,2022,2025,native only
ONTARIO HYUNDAI VEHICLE DISPLY2,34.050028000000000,-117.54805700000000,Ioniq 6,2022,2025,native only
8000 Sunset Blvd,34.097482500000000,-118.36446270000000,Ioniq 5,2022,2024,native only
"Hesperia, CA - Main Street - Tesla Supercharger",34.426362000000000,-117.35465000000000,Ioniq 9,2026,,native only
"Pomona, CA - Rio Rancho Road - Tesla Supercharger",34.028502000000000,-117.76035400000000,Ioniq 5,2025,2026,native only
CITY_OF_VERNON 3805 SOTO-7,34.007973000000000,-118.21989600000000,Ioniq 6,2026,,native only
"Las Vegas, NV - South Fort Apache Road - Tesla Supercharger",36.093958000000000,-115.29710800000000,Ioniq 9,2026,,native only
"Walmart 1879 (Barstow, CA)",34.883720000000000,-116.99251000000000,Kona Electric,2019,2025,native only
"Inglewood, CA - West Imperial Highway - Tesla Supercharger",33.930757000000000,-118.32770400000000,Ioniq 5 N,2026,2026,native only
"San Gabriel, CA - Tesla Supercharger",34.077496000000000,-118.10012800000000,Ioniq 6,2026,,native only
San Dimas Plaza Shopping Center,34.107530000000000,-117.82649000000000,Ioniq 5,2022,2024,native only
CITY_OF_VERNON 1850 E25TH-8,34.014405000000000,-118.23806900000000,Ioniq 5 N,2026,2026,native only
Queen of the Valley Hospital - DC Fast,34.063410270693500,-117.94577555662200,Ioniq 5,2022,2024,native only
Norm Reeves Honda Superstore West Covina,34.070390000000000,-117.90579000000000,Ioniq 5 N,2025,2025,native only
Chase Bank - 925 N Hacienda Blvd,34.036106000000000,-117.95038500000000,Ioniq 5 N,2025,2025,native only
G&M OIL G&M #76,34.165551000000000,-117.33235100000000,Kona Electric,2019,2025,native only
"Inglewood, CA - Tesla Supercharger",33.944904000000000,-118.33438400000000,Ioniq 6,2026,,native only
Plaza Continental - Tesla Supercharger,34.068715000000000,-117.57421800000000,Ioniq 5,2025,2026,native only
City of Los Angeles Lot 745,34.101781000000000,-118.33989400000000,Ioniq 6,2026,,native only
"Las Vegas, NV - Arroyo Crossing Parkway - Tesla Supercharger",36.062251000000000,-115.25172100000000,Ioniq 6,2026,,native only
City of Pasadena - Marengo Garage,34.144703000000000,-118.14695700000000,Ioniq 5,2022,2024,native only
LA County ISD Walt Disney Parking Garage P3,34.055505000000000,-118.24885200000000,Ioniq 5 N,2025,2025,native only
Central & Walnut - Tesla Supercharger,34.026990000000000,-117.68730100000000,Ioniq 6,2026,,native only
"Las Vegas, NV - East Twain Avenue - Tesla Supercharger",36.121869000000000,-115.14503000000000,Ioniq 9,2026,,native only
City of South Pasadena,34.116310000000000,-118.15215000000000,Ioniq 5,2022,2024,native only
Foothill Presbyterian Hospital - DC,34.132921700000000,-117.87035030000000,Ioniq 5 N,2025,2025,native only
Covina Town Square,34.105800000000000,-117.90569000000000,Ioniq 5 N,2025,2025,native only
Victoria Gardens,34.112867000000000,-117.53342300000000,Kona Electric,2019,2025,native only
US Bank San Gabriel,34.103709800000000,-118.08949900000000,Ioniq 5,2022,2024,native only
"Forum Shops at Caesars Palace (Las Vegas, NV)",36.119740000000000,-115.17691000000000,Ioniq 5,2022,2024,native only
"Walmart 3180 (South Gate, CA)",33.954180000000000,-118.18774000000000,Ioniq 5,2022,2024,native only
"BOA CA9-164 (South Pasadena, CA)",34.115130000000000,-118.15129000000000,Ioniq 5 N,2025,2025,native only
Caltrans - Clyde V. Kane Rest Area - Southbound,35.034153000000000,-116.47144700000000,Ioniq 5 N,2025,2025,native only
Caltrans - Valley Wells Rest Area - Southbound,35.435299000000000,-115.70199000000000,Ioniq 6,2022,2025,native only
"Westfield Century City (Los Angeles, CA)",34.057940000000000,-118.41993000000000,Ioniq 6,2022,2025,native only
CITY_OF_VERNON 1850 E25TH-3,34.014481000000000,-118.23795800000000,Ioniq 5 N,2025,2025,native only
CSULA Parking Structure B,34.065661000000000,-118.17018900000000,Ioniq 5 N,2025,2025,native only
Park Towers at Hughes Center,36.115304500000000,-115.15677400000000,Kona Electric,2019,2025,native only
"Barstow, CA",34.851349000000000,-117.08257800000000,Ioniq 5 N,2025,2025,native only
CITY_OF_VERNON 1850 E25TH-1,34.014503000000000,-118.23790700000000,Kona Electric,2019,2025,native only
H&S ENERGY H&S#20 CHEVRON,34.034767000000000,-118.09062900000000,Ioniq 5,2022,2024,native only
LA County DHS 313 Fig,34.060148000000000,-118.25074700000000,Ioniq 5,2022,2024,native only
Inter Community Hospital Covina,34.089977300000000,-117.89255872601200,Ioniq 5 N,2025,2025,native only
"IKEA 413 Los Angeles (Covina, CA)",34.074180000000000,-117.88100000000000,Kona Electric,2019,2025,native only
Fountainebleau,36.138658700000000,-115.16036550000000,Kona Electric,2019,2025,native only
"Las Vegas, NV - South Decatur Boulevard - Tesla Supercharger",36.171532000000000,-115.20723300000000,Ioniq 9,2026,,native only
"Kroger Smiths 305 (Sunrise, NV)",36.173860000000000,-115.09644000000000,Ioniq 5,2022,2024,native only
3530 West Century Blvd,33.944524100000000,-118.33324560000000,Ioniq 5,2022,2024,native only
"Las Vegas, NV",36.066487600000000,-115.17950700000000,Kona Electric,2019,2025,native only
WattEV - Vernon (Bandini Blvd),34.003200000000000,-118.18745000000000,Ioniq 6,2022,2025,native only
CITY_OF_VERNON 3805 SOTO-2,34.007973000000000,-118.22009600000000,Ioniq 5 N,2025,2025,native only
SCAQMD Offices,34.001519000000000,-117.83051900000000,Ioniq 6,2022,2025,native only
H&S ENERGY H&S#23 CHEVRON,34.046069000000000,-117.80259600000000,Kona Electric,2019,2025,native only
"Ontario, CA - Mills Circle - Tesla Supercharger",34.071708000000000,-117.55616000000000,Ioniq 5,2025,2026,native only
"Dunhill - Shoppes at Chino Hills (Chino Hills, CA)",34.000247300000000,-117.72841960000000,Kona Electric,2019,2025,native only
CITY_OF_VERNON 1850 E25TH-4,34.014472000000000,-118.23798500000000,Ioniq 6,2026,,native only
CSULA Parking Structure B,34.065661000000000,-118.17018900000000,Ioniq 5 N,2026,2026,native only
CITY_OF_VERNON 1850 E25TH-9,34.014385000000000,-118.23808800000000,Ioniq 6,2022,2025,native only
LA Fitness Baldwin Park,34.069344000000000,-117.97454200000000,Ioniq 5 N,2025,2025,native only
"Kroger Smiths 354 (Whitney, NV)",36.116670000000000,-115.09163000000000,Kona Electric,2019,2025,native only
LADWP LA Kretz Innovation Campus,34.040460000000000,-118.23502000000000,Kona Electric,2019,2025,native only
"Pasadena, CA - E Glenarm St - Tesla Supercharger",34.127184000000000,-118.14776100000000,Ioniq 9,2026,,native only
5420 Sunset - Tesla Supercharger (5420 Sunset),34.096946130000000,-118.30766880000000,Ioniq 5 N,2026,2026,native only
G&M OIL G&M #111,34.018667000000000,-118.35496100000000,Ioniq 5 N,2025,2025,native only
515 Flower - Level A,34.051648300000000,-118.25688330000000,Kona Electric,2019,2025,native only
Central & Walnut - Tesla Supercharger,34.026990000000000,-117.68730100000000,Kona Electric,2019,2025,native only
Maine Avenue Marketplace,34.090066000000000,-117.96083110000000,Ioniq 6,2022,2025,native only
Norfolk Upper Lot,34.060000000000000,-118.20000000000000,Kona Electric,2019,2025,native only
"Las Vegas, NV",36.066487600000000,-115.17950700000000,Ioniq 5 N,2026,2026,native only
"Las Vegas, NV - Grand Central Parkway - Tesla Supercharger",36.166039000000000,-115.15917000000000,Ioniq 5 N,2026,2026,native only
City of Los Angeles Lot 670,34.102558000000000,-118.33434900000000,Ioniq 5,2022,2024,native only
"Hacienda Heights, CA - Tesla Supercharger",34.010078000000000,-117.96116900000000,Ioniq 5,2025,2026,native only
7Charge - Covina 22548,34.086890000000000,-117.92584000000000,Ioniq 5,2025,2026,native only
"Vernon, CA - E 25th St - Tesla Supercharger",34.014266000000000,-118.23827100000000,Ioniq 5 N,2026,2026,native only
City National Plaza,34.052093700000000,-118.25523390000000,Ioniq 5,2022,2024,native only
Caltrans - Clyde V. Kane Rest Area - Northbound,35.031900000000000,-116.46912800000000,Kona Electric,2019,2025,native only
CITY_OF_VERNON 1850 E25TH-4,34.014472000000000,-118.23798500000000,Ioniq 6,2022,2025,native only
CITY_OF_VERNON 3805 SOTO-7,34.007973000000000,-118.21989600000000,Ioniq 5,2022,2024,native only
CITY_OF_VERNON 1850 E25TH-3,34.014481000000000,-118.23795800000000,Ioniq 6,2022,2025,native only
Sharp Capital,34.052690000000000,-118.26533000000000,Ioniq 5 N,2025,2025,native only
"North Las Vegas, NV - East Lake Mead South Boulevard - Tesla Supercharger",36.195978000000000,-115.13200700000000,Ioniq 5 N,2026,2026,native only
WinCo Las Vegas #113,36.270447000000000,-115.20889200000000,Ioniq 6,2022,2025,native only
CITY_OF_VERNON 1850 E25TH-1,34.014503000000000,-118.23790700000000,Ioniq 9,2026,,native only
Rialto Village,34.073740000000000,-117.37058000000000,Kona Electric,2019,2025,native only
"Los Angeles, CA - Industrial Street - Tesla Supercharger",34.035783000000000,-118.23835900000000,Ioniq 5,2025,2026,native only
Hsi Lai Center,33.980510000000000,-117.97344600000000,Ioniq 6,2022,2025,native only
California Institute of Technology - North Wilson Parking Structure,34.139958000000000,-118.12844600000000,Ioniq 6,2022,2025,native only
"BOA LA Chinatown CA9-167 (Los Angeles, CA)",34.063310000000000,-118.23718000000000,Ioniq 6,2022,2025,native only
CITY_OF_VERNON 3805 SOTO-6,34.007957000000000,-118.21989500000000,Ioniq 6,2022,2025,native only
"Las Vegas, NV - South Town Center Drive - Tesla Supercharger",36.145430000000000,-115.32712100000000,Ioniq 5 N,2026,2026,native only
AMPM ARCO BEAR VALLEY 1,34.470115000000000,-117.31284400000000,Ioniq 5 N,2025,2025,native only
ONTARIO HYUNDAI VEHICLE DISPLY2,34.050028000000000,-117.54805700000000,Kona Electric,2019,2025,native only
"Vernon, CA - Tesla Supercharger",34.008045000000000,-118.22020100000000,Ioniq 5,2025,2026,native only
L344 MB SECOND FLOOR,34.035947000000000,-118.27297300000000,Ioniq 5 N,2025,2025,native only
"Ontario, CA - N Haven Ave - Tesla Supercharger",34.076981000000000,-117.57431100000000,Ioniq 9,2026,,native only
"Azusa, CA - Tesla Supercharger",34.136811000000000,-117.90852900000000,Ioniq 5,2025,2026,native only
"Hesperia, CA - Main Street - Tesla Supercharger",34.426362000000000,-117.35465000000000,Ioniq 5,2025,2026,native only
"BOA CA9-164 (South Pasadena, CA)",34.115130000000000,-118.15129000000000,Ioniq 6,2022,2025,native only
B&D PROP MGMT 2645 ST ROSE,36.014271000000000,-115.10318500000000,Ioniq 6,2022,2025,native only
CITY_OF_VERNON 1850 E25TH-10,34.014380000000000,-118.23810800000000,Ioniq 5 N,2025,2025,native only
1820 Industrial,34.035224000000000,-118.23392000000000,Ioniq 6,2022,2025,native only
"Pomona, CA - Tesla Supercharger",34.026968000000000,-117.76228800000000,Ioniq 9,2026,,native only
"City of Industry, CA - Gale Avenue - Tesla Supercharger",33.994491000000000,-117.89956900000000,Ioniq 9,2026,,native only
Norm Reeves Honda Superstore West Covina,34.070390000000000,-117.90579000000000,Ioniq 6,2022,2025,native only
B&D PROP MGMT 2625 ST ROSE,36.014373000000000,-115.10303200000000,Ioniq 6,2022,2025,native only
Chevrolet of Puente Hills,33.997758000000000,-117.92869900000000,Ioniq 5,2022,2024,native only
Bristol Farms,34.077342000000000,-118.38849900000000,Kona Electric,2019,2025,native only
Friendly Ford,36.178163000000000,-115.20558200000000,Ioniq 5,2022,2024,native only
Maine Avenue Marketplace,34.090066000000000,-117.96083110000000,Ioniq 5 N,2025,2025,native only
JLR HENDERSON ABB 01,36.053452000000000,-115.02825800000000,Kona Electric,2019,2025,native only
Monterey Park,34.059530000000000,-118.12661000000000,Ioniq 5 N,2025,2025,native only
"Las Vegas, NV",36.066487600000000,-115.17950700000000,Ioniq 5,2022,2024,native only
Emser International,34.063430000000000,-118.36870000000000,Ioniq 5 N,2025,2025,native only
CITY_OF_VERNON 1850 E25TH-6,34.014444000000000,-118.23802600000000,Ioniq 6,2026,,native only
Caltrans - Clyde V. Kane Rest Area - Southbound,35.034153000000000,-116.47144700000000,Kona Electric,2019,2025,native only
820 Mound Ave,34.116707000000000,-118.15159800000000,Ioniq 5,2022,2024,native only
"Walmart 1879 (Barstow, CA)",34.883720000000000,-116.99251000000000,Ioniq 6,2022,2025,native only
KMC Norfolk,34.062387000000000,-118.20418260000000,Ioniq 5 N,2025,2025,native only
RC SPORTS EVHUB MIDDLE,34.102745000000000,-117.54397000000000,Ioniq 5 N,2025,2025,native only
"BoA Gateway CA8-113 (Glendale, CA)",34.126080000000000,-118.25597000000000,Ioniq 6,2022,2025,native only
7-ELEVEN 20101 POMNA DC1,34.067274000000000,-117.71905700000000,Ioniq 9,2026,,native only
"Circle K - Victorville, CA",34.484505427885200,-117.33051763372900,Ioniq 6,2022,2025,native only
City of Los Angeles Lot 639,34.108426000000000,-118.19387300000000,Ioniq 6,2022,2025,native only
Central & Walnut - Tesla Supercharger,34.026990000000000,-117.68730100000000,Ioniq 9,2026,,native only
JLR HENDERSON ABB 01,36.053452000000000,-115.02825800000000,Ioniq 5 N,2025,2025,native only
CITY_OF_VERNON 3805 SOTO-6,34.007957000000000,-118.21989500000000,Kona Electric,2019,2025,native only
L344 3RD FLOOR MBZ,34.035409000000000,-118.27229600000000,Ioniq 6,2022,2025,native only
AMPM ARCO BEAR VALLEY 1,34.470115000000000,-117.31284400000000,Ioniq 6,2022,2025,native only
"Dunhill - Shoppes at Chino Hills (Chino Hills, CA)",34.000247300000000,-117.72841960000000,Ioniq 6,2022,2025,native only
City of Pasadena - Shopper's Lane,34.138606025541100,-118.13112326151200,Kona Electric,2019,2025,native only
Las Vegas - South Nellis Boulevard - Tesla Supercharger,36.144821000000000,-115.06351000000000,Ioniq 9,2026,,native only
FINDLAY AUTO ABB STATION1,36.143714000000000,-115.21425600000000,Ioniq 5,2022,2024,native only
Honda DTLA,34.010828320642500,-118.28703020000000,Ioniq 6,2022,2025,native only
Motel 6 Chino,34.031418000000000,-117.69093210000000,Ioniq 6,2022,2025,native only
"Kroger Smiths 354 (Whitney, NV)",36.116670000000000,-115.09163000000000,Ioniq 6,2022,2025,native only
Gaudin Ford,36.064736000000000,-115.23674100000000,Ioniq 5 N,2025,2025,native only
Trader Joe's,34.024883000000000,-118.39244800000000,Ioniq 6,2022,2025,native only
"Alhambra, CA - Tesla Supercharger",34.087063000000000,-118.15119600000000,Ioniq 9,2026,,native only
CSULA Parking Structure E,34.070532000000000,-118.16780200000000,Ioniq 5,2022,2024,native only
LADWP LA Kretz Innovation Campus,34.040460000000000,-118.23502000000000,Ioniq 5 N,2025,2025,native only
"Las Vegas, NV - Cambridge St - Tesla Supercharger",36.128731000000000,-115.14374000000000,Ioniq 6,2026,,native only
Hilton Plaza,34.080257000000000,-118.10265600000000,Ioniq 5,2022,2024,native only
City of Los Angeles Lot 657,34.072877000000000,-118.21769000000000,Ioniq 6,2026,,native only
LA County DHS 313 Fig,34.060148000000000,-118.25074700000000,Ioniq 5 N,2025,2025,native only
MIDTOWN LA MIDTOWN DC,34.047397000000000,-118.33611300000000,Ioniq 5 N,2026,2026,with adapter
3530 West Century Blvd,33.944524100000000,-118.33324560000000,Ioniq 6,2026,,with adapter
"Ralphs 32 (Los Angeles, CA)",34.068540000000000,-118.29112000000000,Ioniq 5,2025,2026,with adapter
Culver City Senior Center,34.014540000000000,-118.40405000000000,Ioniq 5 N,2026,2026,with adapter
Fairway Chevrolet,36.145332000000000,-115.10693200000000,Ioniq 6,2026,,with adapter
City National Plaza,34.052093700000000,-118.25523390000000,Ioniq 5,2022,2024,with adapter
WattEV - Vernon (Bandini Blvd),34.003200000000000,-118.18745000000000,Ioniq 6,2022,2025,with adapter
Rialto Village,34.073740000000000,-117.37058000000000,Ioniq 6,2026,,with adapter
MINI of Monrovia,34.136472000000000,-117.98718700000000,Ioniq 5 N,2025,2025,with adapter
"Los Angeles, CA - Industrial Street - Tesla Supercharger",34.035783000000000,-118.23835900000000,Ioniq 5,2025,2026,with adapter
California Institute of Technology - North Wilson Parking Structure,34.139958000000000,-118.12844600000000,Ioniq 6,2022,2025,with adapter
California Institute of Technology - North Wilson Parking Structure,34.139958000000000,-118.12844600000000,Ioniq 5 N,2026,2026,with adapter
Fountainebleau,36.138658700000000,-115.16036550000000,Kona Electric,2019,2025,with adapter
"Montebello Plaza (Montebello , CA)",34.031070000000000,-118.12404000000000,Ioniq 5,2022,2024,with adapter
"Upland, CA - Arrow Rte - Tesla Supercharger",34.099154000000000,-117.70019200000000,Ioniq 6,2022,2025,with adapter
Maine Avenue Marketplace,34.090066000000000,-117.96083110000000,Ioniq 6,2022,2025,with adapter
Friendly Ford,36.178163000000000,-115.20558200000000,Ioniq 5,2022,2024,with adapter
Caltrans - Clyde V. Kane Rest Area - Northbound,35.031900000000000,-116.46912800000000,Kona Electric,2019,2025,with adapter
LADWP - Crenshaw,34.012230000000000,-118.33432300000000,Ioniq 5 N,2026,2026,with adapter
Downey Nissan,33.947674638000000,-118.15152577300000,Ioniq 5,2025,2026,with adapter
City of Los Angeles Lot 675,34.103853000000000,-118.29105200000000,Ioniq 5 N,2026,2026,with adapter
"Hesperia, CA - Main Street - Tesla Supercharger",34.426362000000000,-117.35465000000000,Ioniq 5 N,2025,2025,with adapter
Park Towers at Hughes Center,36.115304500000000,-115.15677400000000,Ioniq 5 N,2026,2026,with adapter
"Kroger Smiths 354 (Whitney, NV)",36.116670000000000,-115.09163000000000,Ioniq 9,2026,,with adapter
IN-N-OUT ATLANTIC 05,33.977354000000000,-118.18756900000000,Ioniq 9,2026,,with adapter
"Universal City, CA - Tesla Supercharger",34.138042000000000,-118.35927200000000,Ioniq 5,2022,2024,with adapter
"Forum Shops at Caesars Palace (Las Vegas, NV)",36.119740000000000,-115.17691000000000,Ioniq 5,2022,2024,with adapter
"Montebello, CA - N Wilcox Ave - Tesla Supercharger",34.031001000000000,-118.12593500000000,Ioniq 5,2022,2024,with adapter
76 San Gabriel,34.103300000000000,-118.09950000000000,Ioniq 5,2022,2024,with adapter
US Bank San Gabriel,34.103709800000000,-118.08949900000000,Ioniq 5,2025,2026,with adapter
B&D PROP MGMT 2645 ST ROSE,36.014271000000000,-115.10318500000000,Ioniq 6,2022,2025,with adapter
Ford Country,36.048478000000000,-115.02823000000000,Ioniq 5,2025,2026,with adapter
CITY_OF_VERNON 3805 SOTO-7,34.007973000000000,-118.21989600000000,Ioniq 6,2026,,with adapter
Caltrans - Clyde V. Kane Rest Area - Southbound,35.034153000000000,-116.47144700000000,Ioniq 6,2026,,with adapter
Onyx Towers,34.062740000000000,-118.36189000000000,Ioniq 6,2026,,with adapter
"Las Vegas, NV - South Fort Apache Road - Tesla Supercharger",36.093958000000000,-115.29710800000000,Ioniq 9,2026,,with adapter
City of Los Angeles Lot 657,34.072877000000000,-118.21769000000000,Ioniq 6,2026,,with adapter
HollyWest Promenade,34.102350000000000,-118.30887000000000,Ioniq 5,2025,2026,with adapter
H&S ENERGY H&S#20 CHEVRON,34.034767000000000,-118.09062900000000,Ioniq 5,2022,2024,with adapter
US Bank 3355 Glendale,34.119663300000000,-118.25953740000000,Ioniq 5,2025,2026,with adapter
"Inglewood, CA - Tesla Supercharger",33.944904000000000,-118.33438400000000,Ioniq 6,2026,,with adapter
"Los Angeles, CA - Venice Boulevard - Tesla Supercharger",34.027975000000000,-118.39414400000000,Ioniq 9,2026,,with adapter
City of Los Angeles Lot 745,34.101781000000000,-118.33989400000000,Ioniq 6,2026,,with adapter
"Las Vegas, NV - 3821 West Charleston Boulevard - Tesla Supercharger",36.158707000000000,-115.19099000000000,Ioniq 5,2022,2024,with adapter
"Las Vegas, NV",36.066487600000000,-115.17950700000000,Ioniq 5,2022,2024,with adapter
"Las Vegas, NV - West Craig Road - Tesla Supercharger",36.239055000000000,-115.24980200000000,Ioniq 5 N,2025,2025,with adapter
"West Covina, CA - 1414 S Azusa Ave - Tesla Supercharger",34.047677000000000,-117.90707500000000,Ioniq 6,2026,,with adapter
"Hacienda Heights, CA - Tesla Supercharger",34.010078000000000,-117.96116900000000,Ioniq 5,2025,2026,with adapter
"Los Angeles, CA - Industrial Street - Tesla Supercharger",34.035783000000000,-118.23835900000000,Ioniq 5,2022,2024,with adapter
The Elysian - Tenants Only,34.066624000000000,-118.24822700000000,Ioniq 9,2026,,with adapter
City of Los Angeles Lot 639,34.108426000000000,-118.19387300000000,Ioniq 6,2022,2025,with adapter
City of Los Angeles Lot 639,34.108426000000000,-118.19387300000000,Ioniq 6,2026,,with adapter
L344 3RD FLOOR MBZ,34.035409000000000,-118.27229600000000,Ioniq 6,2022,2025,with adapter
PowerStation - Rasor Rd,35.134718200000000,-116.21681310000000,Ioniq 5,2025,2026,with adapter
"Las Vegas, NV - South Town Center Drive - Tesla Supercharger",36.145430000000000,-115.32712100000000,Ioniq 5 N,2026,2026,with adapter
"Las Vegas, NV - South Decatur Boulevard - Tesla Supercharger",36.171532000000000,-115.20723300000000,Ioniq 6,2022,2025,with adapter
Claremont Star,34.107625900000000,-117.72058890000000,Ioniq 5 N,2026,2026,with adapter
"Las Vegas, NV - West Russell Road - Tesla Supercharger",36.086723000000000,-115.21072600000000,Ioniq 5 N,2025,2025,with adapter
San Dimas Plaza Shopping Center,34.107530000000000,-117.82649000000000,Ioniq 5,2022,2024,with adapter
CITY_OF_VERNON 1850 E25TH-4,34.014472000000000,-118.23798500000000,Ioniq 6,2026,,with adapter
820 Mound Ave,34.116707000000000,-118.15159800000000,Ioniq 5 N,2026,2026,with adapter
Motel 6 Chino,34.031418000000000,-117.69093210000000,Ioniq 6,2022,2025,with adapter
FINDLAY AUTO ABB STATION1,36.143714000000000,-115.21425600000000,Ioniq 6,2026,,with adapter
RANCHOCUCAMONGA DCFC CITY HALL,34.103720000000000,-117.57447700000000,Ioniq 6,2026,,with adapter
CITY_OF_VERNON 1850 E25TH-10,34.014380000000000,-118.23810800000000,Ioniq 5 N,2025,2025,with adapter
Park Towers at Hughes Center,36.115304500000000,-115.15677400000000,Ioniq 5,2025,2026,with adapter
Park Towers at Hughes Center,36.115304500000000,-115.15677400000000,Kona Electric,2019,2025,with adapter
WinCo Las Vegas #113,36.270447000000000,-115.20889200000000,Ioniq 6,2022,2025,with adapter
LA Fitness Baldwin Park,34.069344000000000,-117.97454200000000,Ioniq 5 N,2025,2025,with adapter
CITY_OF_VERNON 1850 E25TH-8,34.014405000000000,-118.23806900000000,Ioniq 5 N,2026,2026,with adapter
Metro Nissan of Montclair,34.082222000000000,-117.69490300000000,Ioniq 5,2025,2026,with adapter
1820 Industrial,34.035224000000000,-118.23392000000000,Kona Electric,2019,2025,with adapter
Trader Joe's,34.024883000000000,-118.39244800000000,Ioniq 6,2022,2025,with adapter
Sharp Capital,34.052690000000000,-118.26533000000000,Ioniq 5 N,2025,2025,with adapter
"San Gabriel, CA - Tesla Supercharger",34.077496000000000,-118.10012800000000,Ioniq 6,2026,,with adapter
"Barstow, CA",34.851349000000000,-117.08257800000000,Ioniq 5 N,2025,2025,with adapter
Puente Hills Nissan,33.998192000000000,-117.92814600000000,Ioniq 5,2022,2024,with adapter
"Hesperia, CA - Tesla Supercharger",34.424701000000000,-117.38573800000000,Ioniq 6,2026,,with adapter
"Vernon, CA - Tesla Supercharger",34.008045000000000,-118.22020100000000,Ioniq 6,2022,2025,with adapter
ONTARIO HYUNDAI VEHICLE DISPLY2,34.050028000000000,-117.54805700000000,Ioniq 9,2026,,with adapter
3530 West Century Blvd,33.944524100000000,-118.33324560000000,Ioniq 5,2022,2024,with adapter
Culver City Senior Center,34.014540000000000,-118.40405000000000,Ioniq 6,2026,,with adapter
Fairway Chevrolet,36.145332000000000,-115.10693200000000,Ioniq 9,2026,,with adapter
City National Plaza,34.052093700000000,-118.25523390000000,Ioniq 6,2026,,with adapter
Emser International,34.063430000000000,-118.36870000000000,Ioniq 5 N,2025,2025,with adapter
1310 W Baseline Rd,34.122101000000000,-117.39687900000000,Ioniq 6,2026,,with adapter
"Las Vegas, NV - South Maryland Parkway - Tesla Supercharger",36.030077000000000,-115.13584300000000,Kona Electric,2019,2025,with adapter
Jordan Downs,33.946716000000000,-118.22994000000000,Ioniq 6,2026,,with adapter
LA County ISD Walt Disney Parking Garage P3,34.055505000000000,-118.24885200000000,Ioniq 5 N,2025,2025,with adapter
Diamond Creek Village Shopping Center,33.998580000000000,-117.84349000000000,Ioniq 5,2025,2026,with adapter
Inter Community Hospital Covina,34.089977300000000,-117.89255872601200,Ioniq 5 N,2025,2025,with adapter
515 Flower - Level A,34.051648300000000,-118.25688330000000,Kona Electric,2019,2025,with adapter
"BOA LA Chinatown CA9-167 (Los Angeles, CA)",34.063310000000000,-118.23718000000000,Ioniq 6,2022,2025,with adapter
CITY_OF_VERNON 3805 SOTO-6,34.007957000000000,-118.21989500000000,Kona Electric,2019,2025,with adapter
JLR HENDERSON ABB 01,36.053452000000000,-115.02825800000000,Kona Electric,2019,2025,with adapter
"Dunhill - Shoppes at Chino Hills (Chino Hills, CA)",34.000247300000000,-117.72841960000000,Ioniq 6,2022,2025,with adapter
"Dunhill - Shoppes at Chino Hills (Chino Hills, CA)",34.000247300000000,-117.72841960000000,Kona Electric,2019,2025,with adapter
"Ontario, CA - Mills Circle - Tesla Supercharger",34.071708000000000,-117.55616000000000,Ioniq 5,2025,2026,with adapter
Vons #2261 3rd St.,34.070012400000000,-118.29028300000000,Ioniq 9,2026,,with adapter
"Hesperia, CA - Main Street - Tesla Supercharger",34.426362000000000,-117.35465000000000,Ioniq 9,2026,,with adapter
"BoA Gateway CA8-113 (Glendale, CA)",34.126080000000000,-118.25597000000000,Ioniq 5,2025,2026,with adapter
"BOA CA9-164 (South Pasadena, CA)",34.115130000000000,-118.15129000000000,Ioniq 5 N,2025,2025,with adapter
Las Vegas - South Nellis Boulevard - Tesla Supercharger,36.144821000000000,-115.06351000000000,Ioniq 9,2026,,with adapter
"City of Industry, CA - Gale Avenue - Tesla Supercharger",33.994491000000000,-117.89956900000000,Ioniq 9,2026,,with adapter
RC SPORTS EVHUB MIDDLE,34.102745000000000,-117.54397000000000,Ioniq 5 N,2025,2025,with adapter
CSULA Parking Structure B,34.065661000000000,-118.17018900000000,Ioniq 5 N,2026,2026,with adapter
CITY_OF_VERNON 1850 E25TH-3,34.014481000000000,-118.23795800000000,Ioniq 6,2022,2025,with adapter
"Las Vegas, NV - Cambridge St - Tesla Supercharger",36.128731000000000,-115.14374000000000,Ioniq 5,2022,2024,with adapter
6250 Hollywood Blvd DCFC,34.100840000000000,-118.32541000000000,Ioniq 5,2025,2026,with adapter
US Bank San Gabriel,34.103709800000000,-118.08949900000000,Ioniq 5,2022,2024,with adapter
"Diamond Bar, CA - Golden Springs Drive - Tesla Supercharger",33.999023000000000,-117.84384400000000,Ioniq 5 N,2026,2026,with adapter
CITY_OF_VERNON 3805 SOTO-7,34.007973000000000,-118.21989600000000,Ioniq 5,2022,2024,with adapter
"Forum Shops at Caesars Palace (Las Vegas, NV)",36.119740000000000,-115.17691000000000,Ioniq 9,2026,,with adapter
"North Las Vegas, NV - East Lake Mead South Boulevard - Tesla Supercharger",36.195978000000000,-115.13200700000000,Ioniq 5,2022,2024,with adapter
Site 2,36.283102000000000,-115.02908300000000,Ioniq 5 N,2026,2026,with adapter
Plaza Continental - Tesla Supercharger,34.068715000000000,-117.57421800000000,Ioniq 5,2025,2026,with adapter
US Bank 3355 Glendale,34.119663300000000,-118.25953740000000,Ioniq 6,2022,2025,with adapter
ONTARIO HYUNDAI VEHICLE DISPLY1,34.049976000000000,-117.54789800000000,Ioniq 5 N,2026,2026,with adapter
LA County DHS 313 Fig,34.060148000000000,-118.25074700000000,Ioniq 5,2022,2024,with adapter
"Victorville, CA - Amargosa Road - Tesla Supercharger",34.463006000000000,-117.35421800000000,Kona Electric,2019,2025,with adapter
5420 Sunset - Tesla Supercharger (5420 Sunset),34.096946130000000,-118.30766880000000,Ioniq 5 N,2026,2026,with adapter
Culver - Motor Structure 1st Floor,34.015769507079150,-118.40445194626264,Ioniq 5,2025,2026,with adapter
Culver - Motor Structure 1st Floor,34.015769507079150,-118.40445194626264,Ioniq 9,2026,,with adapter
"Las Vegas, NV - Grand Central Parkway - Tesla Supercharger",36.166039000000000,-115.15917000000000,Ioniq 5 N,2026,2026,with adapter
FH DELIVERY 123FC FH SVC,34.133956000000000,-117.43697400000000,Ioniq 5 N,2026,2026,with adapter
"Kroger Smiths 305 (Sunrise, NV)",36.173860000000000,-115.09644000000000,Ioniq 9,2026,,with adapter
"Walmart 2886 (Pico Rivera, CA)",33.986450000000000,-118.10495000000000,Ioniq 5,2025,2026,with adapter
"Vernon, CA - Tesla Supercharger",34.008045000000000,-118.22020100000000,Ioniq 5,2025,2026,with adapter
FH DELIVERY 121A4 FH SVC,34.133796000000000,-117.43710300000000,Ioniq 5,2025,2026,with adapter
"Las Vegas, NV - East Sahara Avenue - Tesla Supercharger",36.145396000000000,-115.10297800000000,Ioniq 5 N,2025,2025,with adapter
H&S ENERGY H&S#23 CHEVRON,34.046069000000000,-117.80259600000000,Kona Electric,2019,2025,with adapter
"Vernon, CA - E 25th St - Tesla Supercharger",34.014266000000000,-118.23827100000000,Ioniq 5 N,2026,2026,with adapter
SCAQMD Offices,34.001519000000000,-117.83051900000000,Ioniq 6,2022,2025,with adapter
El Centro,34.101510000000000,-118.32467000000000,Ioniq 9,2026,,with adapter
Chevrolet of Puente Hills,33.997758000000000,-117.92869900000000,Ioniq 5,2022,2024,with adapter
"Walmart 4340 (Hesperia, CA)",34.424540000000000,-117.37148000000000,Ioniq 6,2022,2025,with adapter
Las Vegas,35.999436000000000,-115.17175500000000,Ioniq 9,2026,,with adapter
"IKEA 413 Los Angeles (Covina, CA)",34.074180000000000,-117.88100000000000,Ioniq 5,2025,2026,with adapter
City of Pasadena - Marengo Garage,34.144703000000000,-118.14695700000000,Ioniq 5,2022,2024,with adapter
CITY_OF_VERNON 3805 SOTO-6,34.007957000000000,-118.21989500000000,Ioniq 6,2022,2025,with adapter
"Shopcore One Colorado (Pasadena, CA)",34.146620000000000,-118.14963000000000,Ioniq 5 N,2026,2026,with adapter
AMPM ARCO BEAR VALLEY 2,34.470448000000000,-117.31275100000000,Ioniq 9,2026,,with adapter
"Pomona, CA - Rio Rancho Road - Tesla Supercharger",34.028502000000000,-117.76035400000000,Ioniq 6,2022,2025,with adapter
Resort World Las Vegas,36.135200000000000,-115.16760000000000,Ioniq 6,2026,,with adapter
CITY_OF_VERNON 1850 E25TH-7,34.014426000000000,-118.23804700000000,Ioniq 5,2025,2026,with adapter
820 Mound Ave,34.116707000000000,-118.15159800000000,Ioniq 5,2022,2024,with adapter
LADWP LA Kretz Innovation Campus,34.040460000000000,-118.23502000000000,Ioniq 5 N,2025,2025,with adapter
"Target T0767 (San Dimas, CA)",34.103250000000000,-117.82342000000000,Ioniq 6,2022,2025,with adapter
CITY_OF_VERNON 1850 E25TH-3,34.014481000000000,-118.23795800000000,Ioniq 5 N,2025,2025,with adapter
"Kroger Smiths 354 (Whitney, NV)",36.116670000000000,-115.09163000000000,Kona Electric,2019,2025,with adapter
Hilton Plaza,34.080257000000000,-118.10265600000000,Ioniq 5,2022,2024,with adapter
"North Las Vegas, NV - East Lake Mead South Boulevard - Tesla Supercharger",36.195978000000000,-115.13200700000000,Ioniq 6,2022,2025,with adapter
Amna,34.063190000000000,-118.23265000000000,Ioniq 5 N,2026,2026,with adapter
Norm Reeves Honda Superstore West Covina,34.070390000000000,-117.90579000000000,Ioniq 6,2022,2025,with adapter
"Diamond Bar, CA - Golden Springs Drive - Tesla Supercharger",33.999023000000000,-117.84384400000000,Ioniq 5 N,2025,2025,with adapter
Covina Hills Chevrolet,34.078031000000000,-117.89101400000000,Ioniq 6,2022,2025,with adapter
Queen of the Valley Hospital - DC Fast,34.063410270693500,-117.94577555662200,Ioniq 5,2022,2024,with adapter
Sharp Capital,34.052690000000000,-118.26533000000000,Ioniq 5 N,2026,2026,with adapter
"The Shops at Jurupa Valley (Jurupa Valley, CA)",34.011350000000000,-117.46173000000000,Ioniq 9,2026,,with adapter
"Barstow, CA",34.851349000000000,-117.08257800000000,Ioniq 5,2025,2026,with adapter
Barlow Respiratory Hospital,34.074594000000000,-118.24769900000000,Ioniq 5 N,2026,2026,with adapter
ONTARIO HYUNDAI VEHICLE DISPLY2,34.050028000000000,-117.54805700000000,Ioniq 6,2022,2025,with adapter
"Las Vegas, NV",36.066487600000000,-115.17950700000000,Ioniq 5 N,2026,2026,with adapter
"Vernon, CA - Tesla Supercharger",34.008045000000000,-118.22020100000000,Ioniq 5 N,2025,2025,with adapter
Monterey Park,34.059530000000000,-118.12661000000000,Ioniq 5 N,2025,2025,with adapter
ONTARIO HYUNDAI VEHICLE DISPLY2,34.050028000000000,-117.54805700000000,Kona Electric,2019,2025,with adapter
"Las Vegas, NV",36.066487600000000,-115.17950700000000,Ioniq 6,2026,,with adapter
L344 MB SECOND FLOOR,34.035947000000000,-118.27297300000000,Ioniq 6,2022,2025,with adapter
7Charge - Covina 22548,34.086890000000000,-117.92584000000000,Ioniq 5,2025,2026,with adapter
"Huntington Park, CA - Tesla Supercharger",33.990148000000000,-118.21634500000000,Ioniq 9,2026,,with adapter
"Gigahub Huntington Drive, Duarte, CA",34.140216000000000,-117.95962300000000,Ioniq 6,2022,2025,with adapter
"Azusa, CA - Tesla Supercharger",34.136811000000000,-117.90852900000000,Ioniq 5 N,2025,2025,with adapter
PowerStation - Rasor Rd,35.134718200000000,-116.21681310000000,Ioniq 9,2026,,with adapter
"Las Vegas, NV - East Twain Avenue - Tesla Supercharger",36.121869000000000,-115.14503000000000,Ioniq 9,2026,,with adapter
"Ralphs 715 (Monterey Park, CA)",34.066010000000000,-118.13393000000000,Ioniq 6,2026,,with adapter
Victoria Gardens,34.112867000000000,-117.53342300000000,Kona Electric,2019,2025,with adapter
Claremont Star,34.107625900000000,-117.72058890000000,Ioniq 5,2025,2026,with adapter
Thailand Plaza,34.101990000000000,-118.30639000000000,Ioniq 5,2025,2026,with adapter
"Walmart 1879 (Barstow, CA)",34.883720000000000,-116.99251000000000,Ioniq 6,2022,2025,with adapter
Resort World Las Vegas,36.135200000000000,-115.16760000000000,Ioniq 5 N,2026,2026,with adapter
"Hesperia, CA - Main Street - Tesla Supercharger",34.426362000000000,-117.35465000000000,Ioniq 5,2025,2026,with adapter
"Las Vegas, NV - East Windmill Lane - Tesla Supercharger",36.042548790000000,-115.15263582000000,Ioniq 5,2022,2024,with adapter
"Las Vegas, NV - East Windmill Lane - Tesla Supercharger",36.042548790000000,-115.15263582000000,Ioniq 6,2022,2025,with adapter
"Target T0767 (San Dimas, CA)",34.103250000000000,-117.82342000000000,Ioniq 9,2026,,with adapter
Norm Reeves Honda Superstore West Covina,34.070390000000000,-117.90579000000000,Ioniq 5 N,2025,2025,with adapter
Chase Bank - 925 N Hacienda Blvd,34.036106000000000,-117.95038500000000,Ioniq 5 N,2025,2025,with adapter
"Las Vegas, NV - South Fort Apache Road - Tesla Supercharger",36.093958000000000,-115.29710800000000,Ioniq 5,2022,2024,with adapter
"North Las Vegas, NV - East Lake Mead South Boulevard - Tesla Supercharger",36.195978000000000,-115.13200700000000,Ioniq 5 N,2026,2026,with adapter
"Walmart 1879 (Barstow, CA)",34.883720000000000,-116.99251000000000,Kona Electric,2019,2025,with adapter
FINDLAY AUTO ABB STATION1,36.143714000000000,-115.21425600000000,Ioniq 5,2022,2024,with adapter
"BOA CA9-164 (South Pasadena, CA)",34.115130000000000,-118.15129000000000,Ioniq 6,2022,2025,with adapter
"Pasadena, CA - E Glenarm St - Tesla Supercharger",34.127184000000000,-118.14776100000000,Ioniq 9,2026,,with adapter
"Alhambra, CA - Tesla Supercharger",34.087063000000000,-118.15119600000000,Ioniq 9,2026,,with adapter
KMC Norfolk,34.062387000000000,-118.20418260000000,Ioniq 5 N,2025,2025,with adapter
"Kroger Smiths 354 (Whitney, NV)",36.116670000000000,-115.09163000000000,Ioniq 6,2022,2025,with adapter
CITY_OF_VERNON 1850 E25TH-1,34.014503000000000,-118.23790700000000,Ioniq 9,2026,,with adapter
"Walmart 2886 (Pico Rivera, CA)",33.986450000000000,-118.10495000000000,Ioniq 6,2026,,with adapter
Culver City Senior Center,34.014540000000000,-118.40405000000000,Ioniq 6,2022,2025,with adapter
US Bank Jurupa Valley,34.012078600000000,-117.48206780000000,Ioniq 5 N,2026,2026,with adapter
City of Los Angeles Lot 670,34.102558000000000,-118.33434900000000,Ioniq 5,2022,2024,with adapter
"Ontario, CA - N Haven Ave - Tesla Supercharger",34.076981000000000,-117.57431100000000,Ioniq 9,2026,,with adapter
BAKER TRAVEL PLAZA,35.276756900000000,-116.05701660000000,Ioniq 5,2025,2026,with adapter
CITY_OF_VERNON 3805 SOTO-2,34.007973000000000,-118.22009600000000,Ioniq 5 N,2025,2025,with adapter
"Los Angeles, CA - Industrial Street - Tesla Supercharger",34.035783000000000,-118.23835900000000,Ioniq 6,2022,2025,with adapter
"North Las Vegas, NV - Tesla Supercharger",36.239084000000000,-115.11611700000000,Ioniq 6,2022,2025,with adapter
"IKEA 413 Los Angeles (Covina, CA)",34.074180000000000,-117.88100000000000,Kona Electric,2019,2025,with adapter
"Alhambra, CA - East Bay State St - Tesla Supercharger",34.095083000000000,-118.12393000000000,Kona Electric,2019,2025,with adapter
Hsi Lai Center,33.980510000000000,-117.97344600000000,Ioniq 6,2022,2025,with adapter
"Las Vegas, NV - West Charleston Boulevard - Tesla Supercharger",36.157865000000000,-115.33380400000000,Ioniq 5 N,2025,2025,with adapter
Central & Walnut - Tesla Supercharger,34.026990000000000,-117.68730100000000,Ioniq 6,2026,,with adapter
L516 DC01,34.034420000000000,-118.27100300000000,Ioniq 5,2025,2026,with adapter
Maine Avenue Marketplace,34.090066000000000,-117.96083110000000,Ioniq 5 N,2025,2025,with adapter
Cadillac of Las Vegas,36.143709000000000,-115.21176200000000,Ioniq 5,2025,2026,with adapter
AMPM ARCO BEAR VALLEY 1,34.470115000000000,-117.31284400000000,Ioniq 5 N,2025,2025,with adapter
"Pomona, CA - Rio Rancho Road - Tesla Supercharger",34.028502000000000,-117.76035400000000,Ioniq 6,2026,,with adapter
City of Pasadena - Shopper's Lane,34.138606025541100,-118.13112326151200,Kona Electric,2019,2025,with adapter
Overland Structure 1st Floor,34.015755000000000,-118.40349300000000,Ioniq 5 N,2026,2026,with adapter
Airport Marina Ford,33.976019000000000,-118.38478300000000,Ioniq 6,2026,,with adapter
"BoA Gateway CA8-113 (Glendale, CA)",34.126080000000000,-118.25597000000000,Ioniq 6,2022,2025,with adapter
"Walmart 3180 (South Gate, CA)",33.954180000000000,-118.18774000000000,Ioniq 6,2026,,with adapter
LADWP LA Kretz Innovation Campus,34.040460000000000,-118.23502000000000,Kona Electric,2019,2025,with adapter
Honda DTLA,34.010828320642500,-118.28703020000000,Ioniq 6,2026,,with adapter
"Walmart 3180 (South Gate, CA)",33.954180000000000,-118.18774000000000,Ioniq 5,2022,2024,with adapter
B&D PROP MGMT 2645 ST ROSE,36.014271000000000,-115.10318500000000,Ioniq 5,2025,2026,with adapter
"Westfield Century City (Los Angeles, CA)",34.057940000000000,-118.41993000000000,Ioniq 6,2022,2025,with adapter
California Institute of Technology - California Parking Structure,34.134066000000000,-118.12636300000000,Ioniq 5 N,2026,2026,with adapter
G&M OIL G&M #76,34.165551000000000,-117.33235100000000,Kona Electric,2019,2025,with adapter
ONTARIO HYUNDAI VEHICLE DISPLY1,34.049976000000000,-117.54789800000000,Ioniq 5,2025,2026,with adapter
GF4EVA VVILLE M6 DC1,34.556277000000000,-117.28995100000000,Ioniq 5 N,2026,2026,with adapter
LA County DHS 313 Fig,34.060148000000000,-118.25074700000000,Ioniq 5 N,2025,2025,with adapter
DOWNEYHYUNDAI CPE250 1,33.946263000000000,-118.14534200000000,Ioniq 9,2026,,with adapter
Puente Hills Nissan,33.998192000000000,-117.92814600000000,Ioniq 9,2026,,with adapter
City of South Pasadena,34.116310000000000,-118.15215000000000,Ioniq 5,2022,2024,with adapter
"Walmart 2886 (Pico Rivera, CA)",33.986450000000000,-118.10495000000000,Ioniq 6,2022,2025,with adapter
"Kroger Smiths 305 (Sunrise, NV)",36.173860000000000,-115.09644000000000,Ioniq 5,2022,2024,with adapter
99 Ranch Chino Hills,34.010479900000000,-117.74055430000000,Kona Electric,2019,2025,with adapter
L344 MB SECOND FLOOR,34.035947000000000,-118.27297300000000,Ioniq 5 N,2025,2025,with adapter
Covina Town Square,34.105800000000000,-117.90569000000000,Ioniq 5 N,2025,2025,with adapter
8000 Sunset Blvd,34.097482500000000,-118.36446270000000,Ioniq 5,2022,2024,with adapter
"Azusa, CA - Tesla Supercharger",34.136811000000000,-117.90852900000000,Ioniq 5,2025,2026,with adapter
Foothill Presbyterian Hospital - DC,34.132921700000000,-117.87035030000000,Ioniq 5 N,2025,2025,with adapter
Diamond Creek Village Shopping Center,33.998580000000000,-117.84349000000000,Ioniq 6,2026,,with adapter
Fontana Ignite Fueling,34.121007500000000,-117.45312410000000,Ioniq 5,2022,2024,with adapter
"Covina, CA - S Barranca Ave - Tesla Supercharger",34.073767000000000,-117.88090200000000,Ioniq 5,2025,2026,with adapter
"IKEA 413 Los Angeles (Covina, CA)",34.074180000000000,-117.88100000000000,Ioniq 9,2026,,with adapter
"Alhambra, CA - East Bay State St - Tesla Supercharger",34.095083000000000,-118.12393000000000,Ioniq 5,2022,2024,with adapter
Central & Walnut - Tesla Supercharger,34.026990000000000,-117.68730100000000,Ioniq 9,2026,,with adapter
FH DELIVERY 12339 FH SVC,34.134053000000000,-117.43728000000000,Ioniq 6,2026,,with adapter
"Glendale, CA - N Glendale Ave - Tesla Supercharger",34.149535700000000,-118.24781960000000,Ioniq 5,2022,2024,with adapter
"Shopcore One Colorado (Pasadena, CA)",34.146620000000000,-118.14963000000000,Ioniq 6,2026,,with adapter
Bristol Farms,34.077342000000000,-118.38849900000000,Kona Electric,2019,2025,with adapter
"Las Vegas, NV - South Decatur Boulevard - Tesla Supercharger",36.171532000000000,-115.20723300000000,Ioniq 9,2026,,with adapter
AMPM ARCO BEAR VALLEY 1,34.470115000000000,-117.31284400000000,Ioniq 6,2022,2025,with adapter
IN-N-OUT ATLANTIC 02,33.977739000000000,-118.18719800000000,Ioniq 6,2026,,with adapter
"Dunhill - Shoppes at Chino Hills (Chino Hills, CA)",34.000247300000000,-117.72841960000000,Ioniq 6,2026,,with adapter
GM Oil Site 111 FoodMart Los Angeles,34.018660888026000,-118.35493777871600,Ioniq 5 N,2026,2026,with adapter
Honda DTLA,34.010828320642500,-118.28703020000000,Ioniq 6,2022,2025,with adapter
Trader Joe's,34.024883000000000,-118.39244800000000,Ioniq 5,2022,2024,with adapter
CITY_OF_VERNON 1850 E25TH-6,34.014444000000000,-118.23802600000000,Ioniq 6,2026,,with adapter
Metro Nissan of Montclair,34.082222000000000,-117.69490300000000,Ioniq 5 N,2026,2026,with adapter
KMC Norfolk,34.062387000000000,-118.20418260000000,Ioniq 9,2026,,with adapter
1820 Industrial,34.035224000000000,-118.23392000000000,Ioniq 6,2022,2025,with adapter
Ontario Mills - Skechers,34.071281000000000,-117.54922700000000,Ioniq 9,2026,,with adapter
CSULA Parking Structure B,34.065661000000000,-118.17018900000000,Ioniq 5 N,2025,2025,with adapter
"City of Industry, CA - Gale Avenue - Tesla Supercharger",33.994491000000000,-117.89956900000000,Ioniq 5,2022,2024,with adapter
"Las Vegas, NV - Cambridge St - Tesla Supercharger",36.128731000000000,-115.14374000000000,Ioniq 6,2026,,with adapter
Caltrans - Clyde V. Kane Rest Area - Southbound,35.034153000000000,-116.47144700000000,Kona Electric,2019,2025,with adapter
"Universal City, CA - Tesla Supercharger",34.138042000000000,-118.35927200000000,Ioniq 6,2022,2025,with adapter
"Pomona, CA - Tesla Supercharger",34.026968000000000,-117.76228800000000,Ioniq 9,2026,,with adapter
Gaudin Ford,36.064736000000000,-115.23674100000000,Ioniq 5 N,2025,2025,with adapter
"Universal City, CA - Tesla Supercharger",34.138042000000000,-118.35927200000000,Kona Electric,2019,2025,with adapter
"Circle K - Victorville, CA",34.484505427885200,-117.33051763372900,Ioniq 6,2022,2025,with adapter
"Las Vegas, NV - 3528 South Maryland Parkway - Tesla Supercharger",36.125754000000000,-115.13462200000000,Ioniq 6,2026,,with adapter
WLCAC,33.936653700000000,-118.25362400000000,Ioniq 5 N,2026,2026,with adapter
"Victorville, CA - Amargosa Road - Tesla Supercharger",34.463006000000000,-117.35421800000000,Ioniq 6,2026,,with adapter
CITY_OF_VERNON 1850 E25TH-1,34.014503000000000,-118.23790700000000,Kona Electric,2019,2025,with adapter
"Hesperia, CA - Tesla Supercharger",34.424701000000000,-117.38573800000000,Ioniq 9,2026,,with adapter
Norfolk Upper Lot,34.060000000000000,-118.20000000000000,Kona Electric,2019,2025,with adapter
"Las Vegas, NV",36.066487600000000,-115.17950700000000,Kona Electric,2019,2025,with adapter
Montclair East Shopping Center,34.088568000000000,-117.68592700000000,Ioniq 6,2026,,with adapter
"Vernon, CA - E 25th St - Tesla Supercharger",34.014266000000000,-118.23827100000000,Ioniq 6,2022,2025,with adapter
Rialto Village,34.073740000000000,-117.37058000000000,Kona Electric,2019,2025,with adapter
"Alhambra, CA - East Bay State St - Tesla Supercharger",34.095083000000000,-118.12393000000000,Ioniq 5 N,2025,2025,with adapter
Fountainebleau,36.138658700000000,-115.16036550000000,Ioniq 9,2026,,with adapter
City of Pasadena - Del Mar Station,34.142000000000000,-118.14862600000000,Ioniq 9,2026,,with adapter
Central & Walnut - Tesla Supercharger,34.026990000000000,-117.68730100000000,Kona Electric,2019,2025,with adapter
"Las Vegas, NV - East Twain Avenue - Tesla Supercharger",36.121869000000000,-115.14503000000000,Ioniq 6,2026,,with adapter
JLR HENDERSON ABB 01,36.053452000000000,-115.02825800000000,Ioniq 5 N,2025,2025,with adapter
"Las Vegas, NV - East Twain Avenue - Tesla Supercharger",36.121869000000000,-115.14503000000000,Ioniq 5,2022,2024,with adapter
Caltrans - Clyde V. Kane Rest Area - Northbound,35.031900000000000,-116.46912800000000,Ioniq 9,2026,,with adapter
"Inglewood, CA - West Imperial Highway - Tesla Supercharger",33.930757000000000,-118.32770400000000,Ioniq 5 N,2026,2026,with adapter
GM Oil Site 111 FoodMart Los Angeles,34.018660888026000,-118.35493777871600,Ioniq 5,2025,2026,with adapter
"Pomona, CA - Rio Rancho Road - Tesla Supercharger",34.028502000000000,-117.76035400000000,Ioniq 5,2025,2026,with adapter
CITY_OF_VERNON 1850 E25TH-4,34.014472000000000,-118.23798500000000,Ioniq 6,2022,2025,with adapter
CITY_OF_VERNON 1850 E25TH-9,34.014385000000000,-118.23808800000000,Ioniq 6,2022,2025,with adapter
CSULA Parking Structure E,34.070532000000000,-118.16780200000000,Ioniq 5,2022,2024,with adapter
6250 Hollywood Blvd DCFC,34.100840000000000,-118.32541000000000,Ioniq 6,2026,,with adapter
Trader Joe's,34.024883000000000,-118.39244800000000,Ioniq 5,2025,2026,with adapter
Site 2,36.283102000000000,-115.02908300000000,Ioniq 6,2026,,with adapter
B&D PROP MGMT 2625 ST ROSE,36.014373000000000,-115.10303200000000,Ioniq 6,2022,2025,with adapter
WinCo Las Vegas #113,36.270447000000000,-115.20889200000000,Ioniq 6,2026,,with adapter
"Sam's Club 4974 (North Las Vegas, NV)",36.241090000000000,-115.11261000000000,Ioniq 9,2026,,with adapter
7-ELEVEN 20101 POMNA DC1,34.067274000000000,-117.71905700000000,Ioniq 9,2026,,with adapter
Trader Joe's,34.024883000000000,-118.39244800000000,Ioniq 6,2026,,with adapter
Caltrans - Clyde V. Kane Rest Area - Southbound,35.034153000000000,-116.47144700000000,Ioniq 5 N,2025,2025,with adapter
Caltrans - Clyde V. Kane Rest Area - Southbound,35.034153000000000,-116.47144700000000,Ioniq 5 N,2026,2026,with adapter
Caltrans - Valley Wells Rest Area - Southbound,35.435299000000000,-115.70199000000000,Ioniq 6,2022,2025,with adapter
Veteran's Memorial Park,34.012781000000000,-118.40304000000000,Ioniq 9,2026,,with adapter
Sharp Capital,34.052690000000000,-118.26533000000000,Ioniq 5,2025,2026,with adapter
"Circle K - Victorville, CA",34.484505427885200,-117.33051763372900,Ioniq 9,2026,,with adapter
"Las Vegas, NV - Arroyo Crossing Parkway - Tesla Supercharger",36.062251000000000,-115.25172100000000,Ioniq 6,2026,,with adapter
G&M OIL G&M #111,34.018667000000000,-118.35496100000000,Ioniq 5 N,2025,2025,with adapter
IN-N-OUT ATLANTIC 03,33.977693000000000,-118.18720000000000,Ioniq 5,2025,2026,native only
City of Pasadena - Del Mar Station,34.142000000000000,-118.14862600000000,Kona Electric,2019,2025,native only
"Glendale, CA - N Glendale Ave - Tesla Supercharger",34.149535700000000,-118.24781960000000,Ioniq 5,2025,2026,native only
Team Ford,36.259310000000000,-115.24797700000000,Ioniq 5 N,2025,2025,native only
CITY_OF_VERNON 1850 E25TH-5,34.014458000000000,-118.23800600000000,Ioniq 9,2026,,native only
CITY_OF_VERNON 3805 SOTO-1,34.007812000000000,-118.21992600000000,Ioniq 6,2026,,native only
Tesla Diner - Tesla Supercharger,34.091268000000000,-118.34221500000000,Ioniq 5,2025,2026,native only
"Barstow, CA - Tanger Way - Tesla Supercharger",34.844499000000000,-117.08577100000000,Ioniq 9,2026,,native only
CITY_OF_VERNON 3805 SOTO-2,34.007973000000000,-118.22009600000000,Ioniq 6,2022,2025,native only
Resort World Las Vegas,36.135200000000000,-115.16760000000000,Ioniq 6,2022,2025,native only
AMPM ARCO BEAR VALLEY 2,34.470448000000000,-117.31275100000000,Ioniq 5,2022,2024,native only
City of Pasadena - Shopper's Lane,34.138606025541100,-118.13112326151200,Ioniq 5,2022,2024,native only
RC SPORTS EVHUB NEAR BLG,34.102389000000000,-117.54488900000000,Ioniq 5,2022,2024,native only
Diamond Hills Plaza,33.975996600000000,-117.83810960000000,Ioniq 5,2022,2024,native only
LADWP LA Kretz Innovation Campus,34.040460000000000,-118.23502000000000,Ioniq 6,2022,2025,native only
Onyx Towers,34.062740000000000,-118.36189000000000,Ioniq 6,2022,2025,native only
"Target T0265 (Paradise, NV)",36.115690000000000,-115.13926000000000,Ioniq 5,2022,2024,native only
G&M OIL G&M #111,34.018667000000000,-118.35496100000000,Kona Electric,2019,2025,native only
JLRLV PUPLIC WEST DC,36.065812000000000,-115.23208400000000,Ioniq 6,2022,2025,native only
BWP EV CHARGE DCFC BWP LOT 2,34.178561000000000,-118.31623400000000,Ioniq 5 N,2025,2025,native only
"Commerce, CA - E Telegraph Rd - Tesla Supercharger",33.998388000000000,-118.14614700000000,Ioniq 5,2025,2026,native only
North Las Vegas Rechargery Relay - W Centennial Pkwy,36.276117000000000,-115.17951200000000,Ioniq 6,2026,,native only
ONTARIO HYUNDAI VEHICLE DISPLY2,34.050028000000000,-117.54805700000000,Ioniq 5,2022,2024,native only
"Walmart 2886 (Pico Rivera, CA)",33.986450000000000,-118.10495000000000,Kona Electric,2019,2025,native only
FH DELIVERY 12339 FH SVC,34.134053000000000,-117.43728000000000,Ioniq 5,2022,2024,native only
Covina Town Square,34.105800000000000,-117.90569000000000,Ioniq 5,2025,2026,native only
Culver City Senior Center,34.014540000000000,-118.40405000000000,Ioniq 5 N,2025,2025,native only
Claremont Star,34.107625900000000,-117.72058890000000,Ioniq 5,2022,2024,native only
CITY_OF_VERNON 1850 E25TH-9,34.014385000000000,-118.23808800000000,Ioniq 6,2026,,native only
"Costco Chino Hills (Chino Hills, CA)",34.015310000000000,-117.74286000000000,Ioniq 5 N,2025,2025,native only
Margarita Plaza,33.975304000000000,-118.23001900000000,Ioniq 5 N,2025,2025,native only
Trader Joe's,34.024883000000000,-118.39244800000000,Ioniq 5 N,2025,2025,native only
B&D PROP MGMT 2625 ST ROSE,36.014373000000000,-115.10303200000000,Ioniq 5 N,2025,2025,native only
"Victorville, CA - Amargosa Road - Tesla Supercharger",34.463006000000000,-117.35421800000000,Ioniq 5,2025,2026,native only
"Barstow, CA",34.851349000000000,-117.08257800000000,Ioniq 6,2022,2025,native only
"Hesperia, CA - Tesla Supercharger",34.424701000000000,-117.38573800000000,Ioniq 5,2025,2026,native only
"Las Vegas, NV",36.066487600000000,-115.17950700000000,Ioniq 9,2026,,native only
CITY_OF_VERNON 3805 SOTO-10,34.008061000000000,-118.22000100000000,Ioniq 5 N,2025,2025,native only
Venice Crossroads,34.027360000000000,-118.39233000000000,Ioniq 5,2022,2024,native only
8000 Sunset Blvd,34.097482500000000,-118.36446270000000,Kona Electric,2019,2025,native only
US Bank Jurupa Valley,34.012078600000000,-117.48206780000000,Ioniq 5,2022,2024,native only
"Target 1033 (Baldwin Park, CA)",34.070710000000000,-117.97825000000000,Ioniq 6,2022,2025,native only
"Las Vegas, NV - West Russell Road - Tesla Supercharger",36.086723000000000,-115.21072600000000,Ioniq 5 N,2026,2026,native only
Overland Structure 1st Floor,34.015755000000000,-118.40349300000000,Ioniq 6,2022,2025,native only
CITY_OF_VERNON 1850 E25TH-9,34.014385000000000,-118.23808800000000,Ioniq 5 N,2026,2026,native only
Caltrans - Clyde V. Kane Rest Area - Southbound,35.034153000000000,-116.47144700000000,Ioniq 5,2022,2024,native only
Little Caesars Pizza- 10714 S Western Ave,33.938580000000000,-118.30886000000000,Ioniq 5 N,2025,2025,native only
CITY_OF_VERNON 1850 E25TH-3,34.014481000000000,-118.23795800000000,Ioniq 6,2026,,native only
City of Los Angeles Lot 745,34.101781000000000,-118.33989400000000,Kona Electric,2019,2025,native only
"Alhambra, CA - East Bay State St - Tesla Supercharger",34.095083000000000,-118.12393000000000,Ioniq 6,2026,,native only
City of South Pasadena,34.116310000000000,-118.15215000000000,Ioniq 5 N,2025,2025,native only
L344 3RD FLOOR MBZ,34.035409000000000,-118.27229600000000,Ioniq 5,2022,2024,native only
"Shopcore One Colorado (Pasadena, CA)",34.146620000000000,-118.14963000000000,Ioniq 5 N,2025,2025,native only
PowerStation - Rasor Rd,35.134718200000000,-116.21681310000000,Ioniq 6,2022,2025,native only
"Vernon, CA - E 25th St - Tesla Supercharger",34.014266000000000,-118.23827100000000,Ioniq 9,2026,,native only
Claremont Star,34.107625900000000,-117.72058890000000,Ioniq 5 N,2025,2025,native only
City of Pasadena - Shopper's Lane,34.138606025541100,-118.13112326151200,Ioniq 6,2022,2025,native only
AMPM ARCO BEAR VALLEY 2,34.470448000000000,-117.31275100000000,Ioniq 6,2022,2025,native only
Sheraton Universal Hotel DC,34.137527400000000,-118.36003140000000,Ioniq 5 N,2025,2025,native only
Motel 6 Chino,34.031418000000000,-117.69093210000000,Kona Electric,2019,2025,native only
CITY_OF_VERNON 1850 E25TH-7,34.014426000000000,-118.23804700000000,Ioniq 5,2022,2024,native only
"Walmart 1879 (Barstow, CA)",34.883720000000000,-116.99251000000000,Ioniq 5,2022,2024,native only
Solair Wilshire,34.061876900000000,-118.30862790000000,Ioniq 5,2022,2024,native only
CITY_OF_VERNON 3805 SOTO-3,34.007876000000000,-118.21990100000000,Ioniq 6,2026,,native only
5420 Sunset - Tesla Supercharger (5420 Sunset),34.096946130000000,-118.30766880000000,Ioniq 6,2022,2025,native only
5420 Sunset - Tesla Supercharger (5420 Sunset),34.096946130000000,-118.30766880000000,Ioniq 5,2022,2024,native only
LADWP - John Ferraro Building,34.059133000000000,-118.24858900000000,Ioniq 6,2022,2025,native only
DC CORRIDOR EDDIES Y DC2,34.907482000000000,-116.83597400000000,Ioniq 5,2022,2024,native only
"IKEA 413 Los Angeles (Covina, CA)",34.074180000000000,-117.88100000000000,Ioniq 5,2022,2024,native only
WinCo Foods - Pomona #57,34.027210000000000,-117.76206000000000,Ioniq 5 N,2026,2026,native only
"Las Vegas, NV - Grand Central Parkway - Tesla Supercharger",36.166039000000000,-115.15917000000000,Ioniq 5,2025,2026,native only
City of Los Angeles Lot 639,34.108426000000000,-118.19387300000000,Ioniq 5 N,2025,2025,native only
CITY_OF_VERNON 1850 E25TH-5,34.014458000000000,-118.23800600000000,Ioniq 5,2025,2026,native only
Winterwood Pavilion,36.146180000000000,-115.06522000000000,Ioniq 5,2022,2024,native only
L344 3RD FLOOR MBZ,34.035409000000000,-118.27229600000000,Ioniq 5 N,2025,2025,native only
The Village at Century,33.944829000000000,-118.33068600000000,Kona Electric,2019,2025,native only
"Hacienda Heights, CA - Tesla Supercharger",34.010078000000000,-117.96116900000000,Ioniq 6,2026,,native only
Mountain Vista Plaza,34.137466600000000,-117.98216400000000,Ioniq 5 N,2025,2025,native only
CITY_OF_VERNON 3805 SOTO-2,34.007973000000000,-118.22009600000000,Ioniq 9,2026,,native only
LADWP - Crenshaw,34.012230000000000,-118.33432300000000,Ioniq 5,2022,2024,native only
Thailand Plaza,34.101990000000000,-118.30639000000000,Ioniq 5 N,2025,2025,native only
CSULA Parking Structure E,34.070532000000000,-118.16780200000000,Ioniq 6,2022,2025,native only
Inglewood City Hall,33.962406000000000,-118.35363500000000,Ioniq 5 N,2025,2025,native only
G&M OIL G&M #76,34.165551000000000,-117.33235100000000,Ioniq 6,2022,2025,native only
"Walmart 2838 (Henderson, NV)",36.062080000000000,-115.03353000000000,Ioniq 5,2022,2024,native only
"Target T0265 (Paradise, NV)",36.115690000000000,-115.13926000000000,Ioniq 6,2022,2025,native only
US Bank 3355 Glendale,34.119663300000000,-118.25953740000000,Ioniq 5 N,2025,2025,native only
"Vernon, CA - Tesla Supercharger",34.008045000000000,-118.22020100000000,Ioniq 6,2026,,native only
Fountainebleau,36.138658700000000,-115.16036550000000,Ioniq 5 N,2025,2025,native only
Fountainebleau,36.138658700000000,-115.16036550000000,Ioniq 6,2022,2025,native only
CITY_OF_VERNON 3805 SOTO-10,34.008061000000000,-118.22000100000000,Ioniq 6,2022,2025,native only
Tesla Diner - Tesla Supercharger,34.091268000000000,-118.34221500000000,Ioniq 9,2026,,native only
IN-N-OUT ATLANTIC 02,33.977739000000000,-118.18719800000000,Ioniq 5,2025,2026,native only
"Bell, CA - Gage Ave - Tesla Supercharger",33.977777000000000,-118.18876900000000,Ioniq 5 N,2026,2026,native only
7Charge - Covina 22548,34.086890000000000,-117.92584000000000,Ioniq 5,2022,2024,native only
7Charge - Covina 22548,34.086890000000000,-117.92584000000000,Ioniq 5 N,2026,2026,native only
City National Plaza,34.052093700000000,-118.25523390000000,Kona Electric,2019,2025,native only
"City of Industry, CA - Colima Road - Tesla Supercharger",33.990892000000000,-117.92528400000000,Ioniq 6,2026,,native only
CSULA Parking Structure B,34.065661000000000,-118.17018900000000,Ioniq 5,2025,2026,native only
Onyx Towers,34.062740000000000,-118.36189000000000,Kona Electric,2019,2025,native only
Sheraton Universal Hotel DC,34.137527400000000,-118.36003140000000,Ioniq 5,2022,2024,native only
"Walmart 1879 (Barstow, CA)",34.883720000000000,-116.99251000000000,Ioniq 5 N,2025,2025,native only
1820 Industrial,34.035224000000000,-118.23392000000000,Ioniq 5 N,2025,2025,native only
"Pomona, CA - Tesla Supercharger",34.026968000000000,-117.76228800000000,Ioniq 5,2025,2026,native only
Ford Country,36.048478000000000,-115.02823000000000,Kona Electric,2019,2025,native only
CSULA Parking Structure E,34.070532000000000,-118.16780200000000,Ioniq 5 N,2025,2025,native only
California Institute of Technology - California Parking Structure,34.134066000000000,-118.12636300000000,Ioniq 6,2022,2025,native only
"La Verne, CA - Tesla Supercharger",34.121427000000000,-117.78710200000000,Ioniq 6,2026,,native only
Hilton Los Angeles/San Gabriel,34.080799000000000,-118.10248700000000,Ioniq 6,2022,2025,native only
IN-N-OUT ATLANTIC 03,33.977693000000000,-118.18720000000000,Ioniq 5 N,2026,2026,native only
DC CORRIDOR EDDIES Y DC3,34.907542000000000,-116.83604800000000,Ioniq 5,2022,2024,native only
CITY_OF_VERNON 3805 SOTO-4,34.007896000000000,-118.21989600000000,Ioniq 5 N,2025,2025,native only
Maine Avenue Marketplace,34.090066000000000,-117.96083110000000,Ioniq 5,2022,2024,native only
"Las Vegas, NV - West Craig Road - Tesla Supercharger",36.239055000000000,-115.24980200000000,Ioniq 6,2026,,native only
City of Los Angeles Lot 670,34.102558000000000,-118.33434900000000,Ioniq 5 N,2025,2025,native only
RC SPORTS EVHUB ADA 1,34.102955000000000,-117.54406000000000,Kona Electric,2019,2025,native only
"Huntington Park, CA - Tesla Supercharger",33.990148000000000,-118.21634500000000,Ioniq 6,2026,,native only
Thailand Plaza,34.101990000000000,-118.30639000000000,Kona Electric,2019,2025,native only
"Las Vegas South Premium Outlets (Las Vegas, NV)",36.056570000000000,-115.16854000000000,Ioniq 5 N,2025,2025,native only
CITY_OF_VERNON 1850 E25TH-7,34.014426000000000,-118.23804700000000,Ioniq 5 N,2026,2026,native only
Overland Structure 1st Floor,34.015755000000000,-118.40349300000000,Kona Electric,2019,2025,native only
City of Los Angeles Lot 619,34.097765000000000,-118.35316900000000,Ioniq 9,2026,,native only
CSULA Parking Structure B,34.065661000000000,-118.17018900000000,Ioniq 6,2022,2025,native only
CSULA Parking Structure B,34.065661000000000,-118.17018900000000,Ioniq 6,2026,,native only
CITY_OF_VERNON 1850 E25TH-10,34.014380000000000,-118.23810800000000,Ioniq 6,2026,,native only
"Las Vegas, NV - Cambridge St - Tesla Supercharger",36.128731000000000,-115.14374000000000,Ioniq 9,2026,,native only
Caltrans - Valley Wells Rest Area - Southbound,35.435299000000000,-115.70199000000000,Kona Electric,2019,2025,native only
LOVE'S 374 - CA #374 DC2,34.856808000000000,-117.09186500000000,Ioniq 6,2022,2025,native only
GF4EVA VVILLE M6 DC1,34.556277000000000,-117.28995100000000,Ioniq 6,2022,2025,native only
City of Los Angeles Lot 628,34.074273000000000,-118.21532100000000,Ioniq 5,2022,2024,native only
Hilton Los Angeles/San Gabriel,34.080799000000000,-118.10248700000000,Ioniq 5,2022,2024,native only
"Las Vegas, NV - South Maryland Parkway - Tesla Supercharger",36.030077000000000,-115.13584300000000,Ioniq 6,2026,,native only
"Alhambra, CA - East Bay State St - Tesla Supercharger",34.095083000000000,-118.12393000000000,Ioniq 5 N,2026,2026,native only
MINI of Monrovia,34.136472000000000,-117.98718700000000,Ioniq 6,2022,2025,native only
Diamond Creek Village Shopping Center,33.998580000000000,-117.84349000000000,Ioniq 5,2022,2024,native only
"Covina, CA - S Barranca Ave - Tesla Supercharger",34.073767000000000,-117.88090200000000,Ioniq 9,2026,,native only
Bristol Farms,34.077342000000000,-118.38849900000000,Ioniq 6,2022,2025,native only
Emser International,34.063430000000000,-118.36870000000000,Ioniq 5,2022,2024,native only
WattEV - Vernon (Bandini Blvd),34.003200000000000,-118.18745000000000,Ioniq 5,2022,2024,native only
Venice Crossroads,34.027360000000000,-118.39233000000000,Ioniq 6,2022,2025,native only
BAKER TRAVEL PLAZA,35.276756900000000,-116.05701660000000,Kona Electric,2019,2025,native only
City of Pasadena - Robinson Park,34.164516574203800,-118.15178871863500,Ioniq 6,2022,2025,native only
CITY_OF_VERNON 1850 E25TH-10,34.014380000000000,-118.23810800000000,Ioniq 6,2022,2025,native only
DCF - JV DCF POMONA1,34.029579000000000,-117.75899900000000,Ioniq 5 N,2025,2025,native only
"Westfield Culver City (Culver City, CA)",33.986880000000000,-118.39429000000000,Kona Electric,2019,2025,native only
CITY_OF_VERNON 1850 E25TH-7,34.014426000000000,-118.23804700000000,Ioniq 6,2026,,native only
"Pomona, CA - Tesla Supercharger",34.026968000000000,-117.76228800000000,Ioniq 6,2026,,native only
CSULA Parking Structure E,34.070532000000000,-118.16780200000000,Ioniq 6,2026,,native only
"Montebello, CA - N Wilcox Ave - Tesla Supercharger",34.031001000000000,-118.12593500000000,Ioniq 9,2026,,native only
"Walmart 2838 (Henderson, NV)",36.062080000000000,-115.03353000000000,Kona Electric,2019,2025,native only
"La Verne, CA - Tesla Supercharger",34.121427000000000,-117.78710200000000,Ioniq 5,2025,2026,native only
BWP EV CHARGE DCFC BWP LOT 1,34.178578000000000,-118.31621300000000,Kona Electric,2019,2025,native only
"Target T0265 (Paradise, NV)",36.115690000000000,-115.13926000000000,Ioniq 5 N,2025,2025,native only
"Baker, CA - Mojave Pointe Rd - Tesla Supercharger",35.268984000000000,-116.06668900000000,Ioniq 6,2026,,native only
California Institute of Technology - North Wilson Parking Structure,34.139958000000000,-118.12844600000000,Ioniq 5 N,2025,2025,native only
BAKER TRAVEL PLAZA,35.276756900000000,-116.05701660000000,Kona Electric,2019,2025,with adapter
"Huntington Park, CA - Tesla Supercharger",33.990148000000000,-118.21634500000000,Ioniq 6,2026,,with adapter
"Hesperia, CA - Tesla Supercharger",34.424701000000000,-117.38573800000000,Kona Electric,2019,2025,with adapter
Monterey Park,34.059530000000000,-118.12661000000000,Ioniq 5 N,2026,2026,with adapter
Hilton Los Angeles/San Gabriel,34.080799000000000,-118.10248700000000,Ioniq 5,2022,2024,with adapter
"Alhambra, CA - East Bay State St - Tesla Supercharger",34.095083000000000,-118.12393000000000,Ioniq 6,2026,,with adapter
FH DELIVERY 12339 FH SVC,34.134053000000000,-117.43728000000000,Ioniq 9,2026,,with adapter
"Alhambra, CA - West Valley Boulevard - Tesla Supercharger",34.077346000000000,-118.13855400000000,Kona Electric,2019,2025,with adapter
CITY_OF_VERNON 3805 SOTO-10,34.008061000000000,-118.22000100000000,Ioniq 5 N,2025,2025,with adapter
"Glendale, CA - N Glendale Ave - Tesla Supercharger",34.149535700000000,-118.24781960000000,Ioniq 5,2025,2026,with adapter
"Shopcore One Colorado (Pasadena, CA)",34.146620000000000,-118.14963000000000,Ioniq 5 N,2025,2025,with adapter
"Walmart 4356 (SW Las Vegas, NV)",36.064600000000000,-115.24718000000000,Ioniq 5,2025,2026,with adapter
"Target 1033 (Baldwin Park, CA)",34.070710000000000,-117.97825000000000,Ioniq 6,2022,2025,with adapter
LADWP - Crenshaw,34.012230000000000,-118.33432300000000,Ioniq 6,2026,,with adapter
Thailand Plaza,34.101990000000000,-118.30639000000000,Ioniq 5 N,2025,2025,with adapter
"Ralphs 060 (Glendale, CA)",34.142440000000000,-118.23379000000000,Ioniq 5 N,2026,2026,with adapter
"Las Vegas, NV - West Russell Road - Tesla Supercharger",36.086723000000000,-115.21072600000000,Kona Electric,2019,2025,with adapter
Solair Wilshire,34.061876900000000,-118.30862790000000,Ioniq 5,2022,2024,with adapter
AMPM ARCO BEAR VALLEY 2,34.470448000000000,-117.31275100000000,Ioniq 5,2022,2024,with adapter
"San Bernardino, CA - W Little League Dr - Tesla Supercharger",34.192431000000000,-117.36214700000000,Ioniq 5 N,2025,2025,with adapter
"Costco Chino Hills (Chino Hills, CA)",34.015310000000000,-117.74286000000000,Ioniq 5 N,2025,2025,with adapter
CSULA Parking Structure E,34.070532000000000,-118.16780200000000,Ioniq 6,2022,2025,with adapter
"Las Vegas, NV - Cambridge St - Tesla Supercharger",36.128731000000000,-115.14374000000000,Ioniq 9,2026,,with adapter
DCF - JV DCF POMONA1,34.029579000000000,-117.75899900000000,Ioniq 5 N,2025,2025,with adapter
LADWP - John Ferraro Building,34.059133000000000,-118.24858900000000,Ioniq 5,2025,2026,with adapter
RC SPORTS EVHUB MIDDLE,34.102745000000000,-117.54397000000000,Ioniq 9,2026,,with adapter
CSULA Parking Structure B,34.065661000000000,-118.17018900000000,Ioniq 6,2022,2025,with adapter
"Pomona, CA - Tesla Supercharger",34.026968000000000,-117.76228800000000,Ioniq 5,2022,2024,with adapter
B&D PROP MGMT 2625 ST ROSE,36.014373000000000,-115.10303200000000,Ioniq 6,2026,,with adapter
ONTARIO 76 CHARGER 2,34.063302000000000,-117.61153300000000,Ioniq 6,2026,,with adapter
"Target T0265 (Paradise, NV)",36.115690000000000,-115.13926000000000,Ioniq 5,2025,2026,with adapter
"Target T0265 (Paradise, NV)",36.115690000000000,-115.13926000000000,Ioniq 5,2022,2024,with adapter
The Mall of Victor Valley,34.472906000000000,-117.35014200000000,Ioniq 5,2025,2026,with adapter
5420 Sunset - Tesla Supercharger (5420 Sunset),34.096946130000000,-118.30766880000000,Ioniq 5,2022,2024,with adapter
"Baker, CA - Mojave Pointe Rd - Tesla Supercharger",35.268984000000000,-116.06668900000000,Ioniq 6,2026,,with adapter
City of Los Angeles Lot 670,34.102558000000000,-118.33434900000000,Ioniq 5 N,2025,2025,with adapter
7Charge - Covina 22548,34.086890000000000,-117.92584000000000,Ioniq 5 N,2026,2026,with adapter
Culver City Senior Center,34.014540000000000,-118.40405000000000,Ioniq 5 N,2025,2025,with adapter
H&S ENERGY H&S#23 CHEVRON,34.046069000000000,-117.80259600000000,Ioniq 6,2026,,with adapter
"Vernon, CA - E 25th St - Tesla Supercharger",34.014266000000000,-118.23827100000000,Kona Electric,2019,2025,with adapter
CITY_OF_VERNON 3805 SOTO-2,34.007973000000000,-118.22009600000000,Ioniq 6,2022,2025,with adapter
US Bank Jurupa Valley,34.012078600000000,-117.48206780000000,Ioniq 5,2022,2024,with adapter
"Las Vegas, NV - 3821 West Charleston Boulevard - Tesla Supercharger",36.158707000000000,-115.19099000000000,Kona Electric,2019,2025,with adapter
"Las Vegas, NV - Grand Central Parkway - Tesla Supercharger",36.166039000000000,-115.15917000000000,Ioniq 5 N,2025,2025,with adapter
IN-N-OUT ATLANTIC 03,33.977693000000000,-118.18720000000000,Ioniq 5,2025,2026,with adapter
MINI of Monrovia,34.136472000000000,-117.98718700000000,Ioniq 6,2022,2025,with adapter
Diamond Creek Village Shopping Center,33.998580000000000,-117.84349000000000,Ioniq 9,2026,,with adapter
Las Vegas,35.999436000000000,-115.17175500000000,Ioniq 5 N,2026,2026,with adapter
515 Flower - Level A,34.051648300000000,-118.25688330000000,Ioniq 5 N,2026,2026,with adapter
Hsi Lai Center,33.980510000000000,-117.97344600000000,Ioniq 6,2026,,with adapter
"Diamond Bar, CA - Tesla Supercharger",33.975843000000000,-117.83842800000000,Kona Electric,2019,2025,with adapter
PH SUBARU PH SUBARU,33.996114000000000,-117.91713300000000,Ioniq 9,2026,,with adapter
CITY_OF_VERNON 1850 E25TH-5,34.014458000000000,-118.23800600000000,Ioniq 9,2026,,with adapter
LADWP - Crenshaw,34.012230000000000,-118.33432300000000,Ioniq 5,2022,2024,with adapter
"Ralphs 060 (Glendale, CA)",34.142440000000000,-118.23379000000000,Ioniq 5,2025,2026,with adapter
CITY_OF_VERNON 1850 E25TH-7,34.014426000000000,-118.23804700000000,Ioniq 5 N,2026,2026,with adapter
"Ontario, CA - Mills Circle - Tesla Supercharger",34.071708000000000,-117.55616000000000,Kona Electric,2019,2025,with adapter
Motel 6 Chino,34.031418000000000,-117.69093210000000,Kona Electric,2019,2025,with adapter
FINDLAY AUTO ABB STATION2,36.143749000000000,-115.21425500000000,Ioniq 5,2025,2026,with adapter
"BOA CA9-164 (South Pasadena, CA)",34.115130000000000,-118.15129000000000,Ioniq 6,2026,,with adapter
"Kroger Smiths 354 (Whitney, NV)",36.116670000000000,-115.09163000000000,Ioniq 5,2025,2026,with adapter
B&D PROP MGMT 2625 ST ROSE,36.014373000000000,-115.10303200000000,Ioniq 5 N,2025,2025,with adapter
WinCo Las Vegas #113,36.270447000000000,-115.20889200000000,Ioniq 5,2025,2026,with adapter
"Montebello, CA - N Wilcox Ave - Tesla Supercharger",34.031001000000000,-118.12593500000000,Ioniq 9,2026,,with adapter
"Westfield Culver City (Culver City, CA)",33.986880000000000,-118.39429000000000,Kona Electric,2019,2025,with adapter
LOVE'S 374 - CA #374 DC2,34.856808000000000,-117.09186500000000,Ioniq 6,2022,2025,with adapter
GF4EVA VVILLE M6 DC1,34.556277000000000,-117.28995100000000,Ioniq 9,2026,,with adapter
HollyWest Promenade,34.102350000000000,-118.30887000000000,Ioniq 5 N,2026,2026,with adapter
JLRLV PUPLIC WEST DC,36.065812000000000,-115.23208400000000,Ioniq 6,2022,2025,with adapter
LA County DHS 313 Fig,34.060148000000000,-118.25074700000000,Ioniq 6,2026,,with adapter
"Barstow, CA - Tanger Way - Tesla Supercharger",34.844499000000000,-117.08577100000000,Ioniq 9,2026,,with adapter
Venice Crossroads,34.027360000000000,-118.39233000000000,Ioniq 5 N,2026,2026,with adapter
8000 Sunset Blvd,34.097482500000000,-118.36446270000000,Kona Electric,2019,2025,with adapter
Covina Town Square,34.105800000000000,-117.90569000000000,Ioniq 5,2025,2026,with adapter
City National Plaza,34.052093700000000,-118.25523390000000,Ioniq 9,2026,,with adapter
Emser International,34.063430000000000,-118.36870000000000,Ioniq 5,2022,2024,with adapter
City of South Pasadena,34.116310000000000,-118.15215000000000,Ioniq 5 N,2025,2025,with adapter
660 Mateo Parking Lot,34.035930000000000,-118.23231000000000,Ioniq 5,2025,2026,with adapter
IN-N-OUT ATLANTIC 03,33.977693000000000,-118.18720000000000,Ioniq 5 N,2025,2025,with adapter
ONTARIO HYUNDAI VEHICLE DISPLY2,34.050028000000000,-117.54805700000000,Ioniq 5,2022,2024,with adapter
"Jurupa Valley, CA - Tesla Supercharger",34.012541000000000,-117.46064800000000,Ioniq 5 N,2025,2025,with adapter
Diamond Creek Village Shopping Center,33.998580000000000,-117.84349000000000,Ioniq 5,2022,2024,with adapter
"Ontario Mills (Ontario, CA)",34.074240000000000,-117.54753000000000,Ioniq 6,2026,,with adapter
"Commerce, CA - E Telegraph Rd - Tesla Supercharger",33.998388000000000,-118.14614700000000,Ioniq 5,2022,2024,with adapter
"IKEA 413 Los Angeles (Covina, CA)",34.074180000000000,-117.88100000000000,Ioniq 6,2026,,with adapter
City of Pasadena - Marengo Garage,34.144703000000000,-118.14695700000000,Ioniq 5 N,2026,2026,with adapter
"Walmart 4340 (Hesperia, CA)",34.424540000000000,-117.37148000000000,Ioniq 6,2026,,with adapter
City of Los Angeles Lot 639,34.108426000000000,-118.19387300000000,Ioniq 5 N,2025,2025,with adapter
Fountainebleau,36.138658700000000,-115.16036550000000,Ioniq 5 N,2025,2025,with adapter
"Montebello Plaza (Montebello , CA)",34.031070000000000,-118.12404000000000,Ioniq 6,2026,,with adapter
L516 DC01,34.034420000000000,-118.27100300000000,Ioniq 6,2026,,with adapter
City of Pasadena - Shopper's Lane,34.138606025541100,-118.13112326151200,Ioniq 5,2022,2024,with adapter
City of Pasadena - Shopper's Lane,34.138606025541100,-118.13112326151200,Ioniq 6,2022,2025,with adapter
Overland Structure 1st Floor,34.015755000000000,-118.40349300000000,Kona Electric,2019,2025,with adapter
"Dunhill - Shoppes at Chino Hills (Chino Hills, CA)",34.000247300000000,-117.72841960000000,Ioniq 5 N,2026,2026,with adapter
Sheraton Universal Hotel DC,34.137527400000000,-118.36003140000000,Ioniq 5 N,2025,2025,with adapter
"BOA Crenshaw Imperial CA8-191 (Inglewood, CA)",33.929310000000000,-118.32674000000000,Ioniq 6,2026,,with adapter
CITY_OF_VERNON 1850 E25TH-9,34.014385000000000,-118.23808800000000,Ioniq 6,2026,,with adapter
CITY_OF_VERNON 1850 E25TH-9,34.014385000000000,-118.23808800000000,Ioniq 5 N,2026,2026,with adapter
CSULA Parking Structure E,34.070532000000000,-118.16780200000000,Ioniq 6,2026,,with adapter
LADWP LA Kretz Innovation Campus,34.040460000000000,-118.23502000000000,Ioniq 6,2022,2025,with adapter
Ontario Mills - Skechers,34.071281000000000,-117.54922700000000,Ioniq 6,2026,,with adapter
Ford Country,36.048478000000000,-115.02823000000000,Kona Electric,2019,2025,with adapter
76 San Gabriel,34.103300000000000,-118.09950000000000,Ioniq 5,2025,2026,with adapter
City of Pasadena - Robinson Park,34.164516574203800,-118.15178871863500,Ioniq 6,2022,2025,with adapter
Trader Joe's,34.024883000000000,-118.39244800000000,Ioniq 5 N,2025,2025,with adapter
Onyx Towers,34.062740000000000,-118.36189000000000,Kona Electric,2019,2025,with adapter
Covina Hills Chevrolet,34.078031000000000,-117.89101400000000,Ioniq 6,2026,,with adapter
"Pomona, CA - Tesla Supercharger",34.026968000000000,-117.76228800000000,Ioniq 5,2025,2026,with adapter
"Walmart 2838 (Henderson, NV)",36.062080000000000,-115.03353000000000,Ioniq 5,2025,2026,with adapter
G&M OIL G&M #111,34.018667000000000,-118.35496100000000,Kona Electric,2019,2025,with adapter
G&M OIL CHEVRON #27,34.470993000000000,-117.35262000000000,Ioniq 5 N,2026,2026,with adapter
City of Los Angeles Lot 745,34.101781000000000,-118.33989400000000,Kona Electric,2019,2025,with adapter
"Target T1524 (Spring Valley, NV)",36.114810000000000,-115.31058000000000,Ioniq 5 N,2026,2026,with adapter
"Bell, CA - Gage Ave - Tesla Supercharger",33.977777000000000,-118.18876900000000,Ioniq 6,2022,2025,with adapter
"Las Vegas, NV - West Craig Road - Tesla Supercharger",36.239055000000000,-115.24980200000000,Ioniq 6,2026,,with adapter
"Las Vegas, NV - West Craig Road - Tesla Supercharger",36.239055000000000,-115.24980200000000,Ioniq 5,2022,2024,with adapter
Foothill Presbyterian Hospital - DC,34.132921700000000,-117.87035030000000,Ioniq 5 N,2026,2026,with adapter
Foothill Presbyterian Hospital - DC,34.132921700000000,-117.87035030000000,Ioniq 6,2026,,with adapter
WattEV - Vernon (Bandini Blvd),34.003200000000000,-118.18745000000000,Ioniq 5,2022,2024,with adapter
Hilton Los Angeles/San Gabriel,34.080799000000000,-118.10248700000000,Ioniq 6,2022,2025,with adapter
DC CORRIDOR EDDIES Y DC2,34.907482000000000,-116.83597400000000,Ioniq 5,2022,2024,with adapter
LADWP - John Ferraro Building,34.059133000000000,-118.24858900000000,Ioniq 6,2022,2025,with adapter
"Covina, CA - S Barranca Ave - Tesla Supercharger",34.073767000000000,-117.88090200000000,Ioniq 9,2026,,with adapter
"IKEA 413 Los Angeles (Covina, CA)",34.074180000000000,-117.88100000000000,Ioniq 5,2022,2024,with adapter
Hsi Lai Center,33.980510000000000,-117.97344600000000,Ioniq 9,2026,,with adapter
CITY_OF_VERNON 3805 SOTO-4,34.007896000000000,-118.21989600000000,Ioniq 5 N,2025,2025,with adapter
City of Pasadena - Del Mar Station,34.142000000000000,-118.14862600000000,Kona Electric,2019,2025,with adapter
JLR HENDERSON ABB 01,36.053452000000000,-115.02825800000000,Ioniq 5,2025,2026,with adapter
CITY_OF_VERNON 3805 SOTO-10,34.008061000000000,-118.22000100000000,Ioniq 6,2022,2025,with adapter
CITY_OF_VERNON 1850 E25TH-5,34.014458000000000,-118.23800600000000,Ioniq 5,2025,2026,with adapter
Caltrans - Clyde V. Kane Rest Area - Northbound,35.031900000000000,-116.46912800000000,Ioniq 6,2026,,with adapter
L446 1,36.273183000000000,-115.26523900000000,Ioniq 9,2026,,with adapter
Claremont Star,34.107625900000000,-117.72058890000000,Ioniq 5,2022,2024,with adapter
RC SPORTS EVHUB NEAR BLG,34.102389000000000,-117.54488900000000,Ioniq 6,2026,,with adapter
City of Los Angeles Lot 619,34.097765000000000,-118.35316900000000,Ioniq 9,2026,,with adapter
Thailand Plaza,34.101990000000000,-118.30639000000000,Kona Electric,2019,2025,with adapter
Metro Nissan of Montclair,34.082222000000000,-117.69490300000000,Ioniq 6,2026,,with adapter
"City of Industry, CA - Gale Avenue - Tesla Supercharger",33.994491000000000,-117.89956900000000,Kona Electric,2019,2025,with adapter
1820 Industrial,34.035224000000000,-118.23392000000000,Ioniq 5 N,2025,2025,with adapter
Onyx Towers,34.062740000000000,-118.36189000000000,Ioniq 9,2026,,with adapter
Covina Hills Chevrolet,34.078031000000000,-117.89101400000000,Ioniq 5,2025,2026,with adapter
Queen of the Valley Hospital - DC Fast,34.063410270693500,-117.94577555662200,Ioniq 9,2026,,with adapter
"San Gabriel, CA - Tesla Supercharger",34.077496000000000,-118.10012800000000,Ioniq 6,2022,2025,with adapter
"Pasadena, CA - E Glenarm St - Tesla Supercharger",34.127184000000000,-118.14776100000000,Ioniq 6,2022,2025,with adapter
Margarita Plaza,33.975304000000000,-118.23001900000000,Ioniq 5 N,2025,2025,with adapter
Onyx Towers,34.062740000000000,-118.36189000000000,Ioniq 6,2022,2025,with adapter
"La Verne, CA - Tesla Supercharger",34.121427000000000,-117.78710200000000,Ioniq 6,2026,,with adapter
City of Los Angeles Lot 628,34.074273000000000,-118.21532100000000,Ioniq 5,2022,2024,with adapter
"Bell, CA - Gage Ave - Tesla Supercharger",33.977777000000000,-118.18876900000000,Ioniq 5 N,2026,2026,with adapter
7Charge - Covina 22548,34.086890000000000,-117.92584000000000,Ioniq 5,2022,2024,with adapter
"Hacienda Heights, CA - Tesla Supercharger",34.010078000000000,-117.96116900000000,Ioniq 6,2026,,with adapter
Venice Crossroads,34.027360000000000,-118.39233000000000,Ioniq 5,2022,2024,with adapter
Venice Crossroads,34.027360000000000,-118.39233000000000,Ioniq 6,2022,2025,with adapter
RC SPORTS EVHUB ADA 1,34.102955000000000,-117.54406000000000,Ioniq 5 N,2026,2026,with adapter
"Vernon, CA - Tesla Supercharger",34.008045000000000,-118.22020100000000,Ioniq 6,2026,,with adapter
Sunset Studios,34.097298464012000,-118.31692890366400,Ioniq 5,2025,2026,with adapter
"Las Vegas, NV",36.066487600000000,-115.17950700000000,Ioniq 9,2026,,with adapter
661 Imperial St,34.036128000000000,-118.23178400000000,Ioniq 5 N,2026,2026,with adapter
Tesla Diner - Tesla Supercharger,34.091268000000000,-118.34221500000000,Kona Electric,2019,2025,with adapter
Team Ford,36.259310000000000,-115.24797700000000,Ioniq 5 N,2025,2025,with adapter
L344 3RD FLOOR MBZ,34.035409000000000,-118.27229600000000,Ioniq 5 N,2025,2025,with adapter
Tesla Diner - Tesla Supercharger,34.091268000000000,-118.34221500000000,Ioniq 9,2026,,with adapter
L516 DC01,34.034420000000000,-118.27100300000000,Ioniq 5 N,2026,2026,with adapter
IN-N-OUT ATLANTIC 02,33.977739000000000,-118.18719800000000,Ioniq 5,2025,2026,with adapter
PowerStation - Rasor Rd,35.134718200000000,-116.21681310000000,Ioniq 6,2022,2025,with adapter
AMPM ARCO BEAR VALLEY 2,34.470448000000000,-117.31275100000000,Ioniq 5,2025,2026,with adapter
Sheraton Universal Hotel DC,34.137527400000000,-118.36003140000000,Ioniq 5,2022,2024,with adapter
CITY_OF_VERNON 1850 E25TH-7,34.014426000000000,-118.23804700000000,Ioniq 5,2022,2024,with adapter
CITY_OF_VERNON 1850 E25TH-7,34.014426000000000,-118.23804700000000,Ioniq 6,2026,,with adapter
San Dimas Plaza Shopping Center,34.107530000000000,-117.82649000000000,Ioniq 5 N,2026,2026,with adapter
Barstow - Coral Charge,34.891277870000000,-117.00371410000000,Ioniq 5 N,2026,2026,with adapter
Sheraton Universal Hotel DC,34.137527400000000,-118.36003140000000,Ioniq 9,2026,,with adapter
"Walmart 1879 (Barstow, CA)",34.883720000000000,-116.99251000000000,Ioniq 5,2022,2024,with adapter
"Target T0767 (San Dimas, CA)",34.103250000000000,-117.82342000000000,Ioniq 5 N,2026,2026,with adapter
Chase Bank - 925 N Hacienda Blvd,34.036106000000000,-117.95038500000000,Ioniq 5,2025,2026,with adapter
"Walmart 1879 (Barstow, CA)",34.883720000000000,-116.99251000000000,Ioniq 5 N,2025,2025,with adapter
CSULA Parking Structure E,34.070532000000000,-118.16780200000000,Ioniq 5 N,2025,2025,with adapter
CITY_OF_VERNON 1850 E25TH-10,34.014380000000000,-118.23810800000000,Ioniq 6,2026,,with adapter
"Sam's Club 4974 (North Las Vegas, NV)",36.241090000000000,-115.11261000000000,Ioniq 6,2026,,with adapter
"City of Industry, CA - Colima Road - Tesla Supercharger",33.990892000000000,-117.92528400000000,Ioniq 6,2026,,with adapter
Caltrans - Clyde V. Kane Rest Area - Southbound,35.034153000000000,-116.47144700000000,Ioniq 5,2022,2024,with adapter
Caltrans - Valley Wells Rest Area - Northbound,35.434023000000000,-115.69926700000000,Ioniq 6,2026,,with adapter
JLRLV PUPLIC WEST DC,36.065812000000000,-115.23208400000000,Ioniq 5 N,2026,2026,with adapter
"Walmart 2838 (Henderson, NV)",36.062080000000000,-115.03353000000000,Kona Electric,2019,2025,with adapter
BWP EV CHARGE DCFC BWP LOT 1,34.178578000000000,-118.31621300000000,Ioniq 5 N,2026,2026,with adapter
G&M OIL CHEVRON #27,34.470993000000000,-117.35262000000000,Ioniq 9,2026,,with adapter
DC CORRIDOR EDDIES Y DC1,34.907504000000000,-116.83600100000000,Ioniq 6,2026,,with adapter
Fairway Chevrolet,36.145332000000000,-115.10693200000000,Ioniq 5 N,2026,2026,with adapter
"Hesperia, CA - Tesla Supercharger",34.424701000000000,-117.38573800000000,Ioniq 5,2025,2026,with adapter
"Las Vegas, NV - Grand Central Parkway - Tesla Supercharger",36.166039000000000,-115.15917000000000,Ioniq 5,2025,2026,with adapter
"Ontario, CA - Ontario Mills Pkwy - Tesla Supercharger",34.068955000000000,-117.55628500000000,Kona Electric,2019,2025,with adapter
Sunset Studios,34.097298464012000,-118.31692890366400,Ioniq 5 N,2026,2026,with adapter
Monterey Park,34.059530000000000,-118.12661000000000,Ioniq 6,2026,,with adapter
"Jurupa Valley, CA - Tesla Supercharger",34.012541000000000,-117.46064800000000,Ioniq 6,2022,2025,with adapter
Chevrolet of Puente Hills,33.997758000000000,-117.92869900000000,Ioniq 5 N,2026,2026,with adapter
"Commerce, CA - E Telegraph Rd - Tesla Supercharger",33.998388000000000,-118.14614700000000,Ioniq 5,2025,2026,with adapter
North Las Vegas Rechargery Relay - W Centennial Pkwy,36.276117000000000,-115.17951200000000,Ioniq 6,2026,,with adapter
Fountainebleau,36.138658700000000,-115.16036550000000,Ioniq 6,2022,2025,with adapter
"Ralphs 715 (Monterey Park, CA)",34.066010000000000,-118.13393000000000,Ioniq 5 N,2026,2026,with adapter
Bristol Farms,34.077342000000000,-118.38849900000000,Ioniq 6,2022,2025,with adapter
Winterwood Pavilion,36.146180000000000,-115.06522000000000,Ioniq 5,2022,2024,with adapter
Maine Avenue Marketplace,34.090066000000000,-117.96083110000000,Ioniq 5,2022,2024,with adapter
RC SPORTS EVHUB NEAR BLG,34.102389000000000,-117.54488900000000,Ioniq 5,2022,2024,with adapter
AMPM ARCO BEAR VALLEY 2,34.470448000000000,-117.31275100000000,Ioniq 6,2022,2025,with adapter
"Ontario, CA - Mills Circle - Tesla Supercharger",34.071708000000000,-117.55616000000000,Ioniq 6,2022,2025,with adapter
"Las Vegas, NV - East Windmill Lane - Tesla Supercharger",36.042548790000000,-115.15263582000000,Ioniq 5 N,2025,2025,with adapter
Little Caesars Pizza- 10714 S Western Ave,33.938580000000000,-118.30886000000000,Ioniq 5 N,2025,2025,with adapter
CITY_OF_VERNON 1850 E25TH-10,34.014380000000000,-118.23810800000000,Ioniq 6,2022,2025,with adapter
CSULA Parking Structure B,34.065661000000000,-118.17018900000000,Ioniq 6,2026,,with adapter
"Forum Shops at Caesars Palace (Las Vegas, NV)",36.119740000000000,-115.17691000000000,Ioniq 5 N,2026,2026,with adapter
Inglewood City Hall,33.962406000000000,-118.35363500000000,Ioniq 5 N,2025,2025,with adapter
G&M OIL G&M #76,34.165551000000000,-117.33235100000000,Ioniq 6,2022,2025,with adapter
Plaza Continental - Tesla Supercharger,34.068715000000000,-117.57421800000000,Ioniq 6,2022,2025,with adapter
US Bank 3355 Glendale,34.119663300000000,-118.25953740000000,Ioniq 5 N,2025,2025,with adapter
5420 Sunset - Tesla Supercharger (5420 Sunset),34.096946130000000,-118.30766880000000,Ioniq 6,2022,2025,with adapter
The Village at Century,33.944829000000000,-118.33068600000000,Ioniq 6,2026,,with adapter
City of Los Angeles Lot 702,34.100570000000000,-118.32733900000000,Ioniq 6,2026,,with adapter
CITY_OF_VERNON 3805 SOTO-2,34.007973000000000,-118.22009600000000,Ioniq 9,2026,,with adapter
RC SPORTS EVHUB ADA 1,34.102955000000000,-117.54406000000000,Kona Electric,2019,2025,with adapter
"Vernon, CA - E 25th St - Tesla Supercharger",34.014266000000000,-118.23827100000000,Ioniq 9,2026,,with adapter
Culver - Motor Structure 1st Floor,34.015769507079150,-118.40445194626264,Ioniq 5 N,2026,2026,with adapter
WinCo Foods - Pomona #57,34.027210000000000,-117.76206000000000,Ioniq 5 N,2026,2026,with adapter
ONTARIO HYUNDAI VEHICLE DISPLY2,34.050028000000000,-117.54805700000000,Ioniq 5 N,2026,2026,with adapter
IN-N-OUT ATLANTIC 03,33.977693000000000,-118.18720000000000,Ioniq 5 N,2026,2026,with adapter
"Las Vegas, NV - South Maryland Parkway - Tesla Supercharger",36.030077000000000,-115.13584300000000,Ioniq 6,2026,,with adapter
California Institute of Technology - North Wilson Parking Structure,34.139958000000000,-118.12844600000000,Ioniq 5 N,2025,2025,with adapter
Inter Community Hospital Covina,34.089977300000000,-117.89255872601200,Ioniq 9,2026,,with adapter
"Ultra Gas and Mart (Baker, CA)",35.262260000000000,-116.08110000000000,Ioniq 5 N,2026,2026,with adapter
City of Pasadena - Marengo Garage,34.144703000000000,-118.14695700000000,Ioniq 5,2025,2026,with adapter
Claremont Star,34.107625900000000,-117.72058890000000,Ioniq 5 N,2025,2025,with adapter
"Las Vegas, NV - West Russell Road - Tesla Supercharger",36.086723000000000,-115.21072600000000,Ioniq 5 N,2026,2026,with adapter
"Las Vegas South Premium Outlets (Las Vegas, NV)",36.056570000000000,-115.16854000000000,Ioniq 5 N,2025,2025,with adapter
Vons #2261 3rd St.,34.070012400000000,-118.29028300000000,Ioniq 5 N,2026,2026,with adapter
Diamond Hills Plaza,33.975996600000000,-117.83810960000000,Ioniq 5,2022,2024,with adapter
CITY_OF_VERNON 1850 E25TH-3,34.014481000000000,-118.23795800000000,Ioniq 6,2026,,with adapter
CSULA Parking Structure B,34.065661000000000,-118.17018900000000,Ioniq 5,2025,2026,with adapter
DC OB DC 3,34.846389000000000,-117.08386400000000,Ioniq 5,2025,2026,with adapter
California Institute of Technology - California Parking Structure,34.134066000000000,-118.12636300000000,Ioniq 6,2022,2025,with adapter
Caltrans - Valley Wells Rest Area - Southbound,35.435299000000000,-115.70199000000000,Kona Electric,2019,2025,with adapter
Diamond Hills Plaza,33.975996600000000,-117.83810960000000,Ioniq 9,2026,,with adapter
"Barstow, CA",34.851349000000000,-117.08257800000000,Ioniq 6,2022,2025,with adapter
"Target T0265 (Paradise, NV)",36.115690000000000,-115.13926000000000,Ioniq 6,2022,2025,with adapter
GF4EVA VVILLE M6 DC1,34.556277000000000,-117.28995100000000,Ioniq 6,2022,2025,with adapter
The Mall of Victor Valley,34.472906000000000,-117.35014200000000,Ioniq 5 N,2026,2026,with adapter
The Village at Century,33.944829000000000,-118.33068600000000,Kona Electric,2019,2025,with adapter
Mountain Vista Plaza,34.137466600000000,-117.98216400000000,Ioniq 5 N,2025,2025,with adapter
City National Plaza,34.052093700000000,-118.25523390000000,Kona Electric,2019,2025,with adapter
DC CORRIDOR EDDIES Y DC1,34.907504000000000,-116.83600100000000,Ioniq 5 N,2026,2026,with adapter
Puente Hills Nissan,33.998192000000000,-117.92814600000000,Ioniq 5,2025,2026,with adapter
MIDTOWN LA MIDTOWN DC,34.047397000000000,-118.33611300000000,Ioniq 6,2026,,with adapter
"Walmart 2886 (Pico Rivera, CA)",33.986450000000000,-118.10495000000000,Kona Electric,2019,2025,with adapter
Las Vegas NV - West Tropical Parkway - Tesla Supercharger,36.271567000000000,-115.26548900000000,Ioniq 5 N,2025,2025,with adapter
"BOA Magnolia Park CA9-151 (Burbank, CA)",34.168130000000000,-118.34380000000000,Ioniq 5,2025,2026,with adapter
BWP EV CHARGE DCFC BWP LOT 2,34.178561000000000,-118.31623400000000,Ioniq 5 N,2025,2025,with adapter
"Ontario Mills (Ontario, CA)",34.074240000000000,-117.54753000000000,Ioniq 5 N,2026,2026,with adapter
"Alhambra, CA - East Bay State St - Tesla Supercharger",34.095083000000000,-118.12393000000000,Ioniq 5 N,2026,2026,with adapter
DC CORRIDOR EDDIES Y DC3,34.907542000000000,-116.83604800000000,Ioniq 5,2022,2024,with adapter
DC CORRIDOR EDDIES Y DC3,34.907542000000000,-116.83604800000000,Ioniq 5,2025,2026,with adapter
FH DELIVERY 12339 FH SVC,34.134053000000000,-117.43728000000000,Ioniq 5,2022,2024,with adapter
L344 3RD FLOOR MBZ,34.035409000000000,-118.27229600000000,Ioniq 5,2022,2024,with adapter
CITY_OF_VERNON 3805 SOTO-1,34.007812000000000,-118.21992600000000,Ioniq 6,2026,,with adapter
Tesla Diner - Tesla Supercharger,34.091268000000000,-118.34221500000000,Ioniq 5,2025,2026,with adapter
"Henderson, NV - Paseo Verde Parkway - Tesla Supercharger",36.022121000000000,-115.08922800000000,Ioniq 5,2022,2024,with adapter
Resort World Las Vegas,36.135200000000000,-115.16760000000000,Ioniq 6,2022,2025,with adapter
Victoria Gardens,34.112867000000000,-117.53342300000000,Ioniq 5 N,2026,2026,with adapter
Overland Structure 1st Floor,34.015755000000000,-118.40349300000000,Ioniq 6,2022,2025,with adapter
Motel 6 Chino,34.031418000000000,-117.69093210000000,Ioniq 9,2026,,with adapter
Norm Reeves Honda Superstore West Covina,34.070390000000000,-117.90579000000000,Ioniq 9,2026,,with adapter
B&D PROP MGMT 2625 ST ROSE,36.014373000000000,-115.10303200000000,Ioniq 5 N,2026,2026,with adapter
"Westfield Culver City (Culver City, CA)",33.986880000000000,-118.39429000000000,Ioniq 6,2026,,with adapter
"Pomona, CA - Tesla Supercharger",34.026968000000000,-117.76228800000000,Ioniq 6,2026,,with adapter
Vons #2261 3rd St.,34.070012400000000,-118.29028300000000,Ioniq 5,2025,2026,with adapter
CITY_OF_VERNON 3805 SOTO-3,34.007876000000000,-118.21990100000000,Ioniq 6,2026,,with adapter
6250 Hollywood Blvd DCFC,34.100840000000000,-118.32541000000000,Ioniq 9,2026,,with adapter
Hilton Plaza,34.080257000000000,-118.10265600000000,Ioniq 6,2026,,with adapter
Gaudin Ford,36.064736000000000,-115.23674100000000,Ioniq 5 N,2026,2026,with adapter
Caltrans - Valley Wells Rest Area - Northbound,35.434023000000000,-115.69926700000000,Ioniq 9,2026,,with adapter
"Target T0265 (Paradise, NV)",36.115690000000000,-115.13926000000000,Ioniq 5 N,2025,2025,with adapter
BWP EV CHARGE DCFC BWP LOT 1,34.178578000000000,-118.31621300000000,Kona Electric,2019,2025,with adapter
"Victorville, CA - Amargosa Road - Tesla Supercharger",34.463006000000000,-117.35421800000000,Ioniq 5,2025,2026,with adapter
BWP EV CHARGE DCFC BWP LOT 1,34.178578000000000,-118.31621300000000,Ioniq 5,2025,2026,with adapter
"Walmart 2838 (Henderson, NV)",36.062080000000000,-115.03353000000000,Ioniq 5,2022,2024,with adapter
"La Verne, CA - Tesla Supercharger",34.121427000000000,-117.78710200000000,Ioniq 5,2025,2026,with adapter
"Las Vegas, NV - Arroyo Crossing Parkway - Tesla Supercharger",36.062251000000000,-115.25172100000000,Ioniq 6,2022,2025,with adapter
